[
    {
        "type" : "GUNMOD",
        "id" : "autofire_654",
        "name" : "handmade auto-fire mechanism",
        "location": "mechanism",
        "weight" : 250,
        "color" : "red",
        "burst_modifier" : 8,
        "loudness_modifier" : 1,
        "to_hit" : -1,
        "price" : 30000,
        "description" : "Mechanism that allows your CW-24 rifle to fire in fully automatic mode. It is handmade.",
        "symbol" : ":",
        "material" : ["steel", "null"],
        "volume" : 1,
        "cutting" : 0,
        "recoil_modifier" : 1,
        "acceptable_ammo" : ["545"],
        "mod_targets" : ["rifle"],
        "bashing" : 2,
        "ammo_modifier" : "NULL",
        "flags" : ["MODE_BURST"]
    }
]
