
[
    {
        "type" : "GUNMOD",
        "id" : "retool_545",
        "name" : "5.45 caliber conversion kit",
        "location": "bore",
        "weight" : 114,
        "color" : "green",
        "to_hit" : 0,
        "price" : 50000,
        "clip_size_modifier" : 8,
        "description" : "This kit is used to convert 6.54 rifle to the 5.45 caliber.  The conversion results in slight reductions to recoil.",
        "symbol" : ":",
        "material" : ["steel", "null"],
        "volume" : 2,
        "cutting" : 0,
        "recoil_modifier" : -2,
        "acceptable_ammo" : ["654"],
        "mod_targets" : ["rifle"],
        "bashing" : 4,
        "ammo_modifier" : "545"
    },
    {
        "type" : "GUNMOD",
        "id" : "retool_654",
        "name" : "6.54 caliber conversion kit",
        "location": "bore",
        "weight" : 114,
        "color" : "green",
        "to_hit" : 0,
        "price" : 50000,
        "clip_size_modifier" : -8,
        "description" : "This kit is used to convert 5.45 rifle to the 6.54 caliber.  The conversion results in increased recoil.",
        "symbol" : ":",
        "material" : ["steel", "null"],
        "volume" : 2,
        "cutting" : 0,
        "recoil_modifier" : 2,
        "acceptable_ammo" : ["545"],
        "mod_targets" : ["rifle"],
        "bashing" : 4,
        "ammo_modifier" : "654"
    },
    {
        "type" : "GUNMOD",
        "id" : "retool_762",
        "name" : "7.62 caliber conversion kit",
        "location": "bore",
        "weight" : 114,
        "color" : "green",
        "to_hit" : 0,
        "price" : 50000,
        "clip_size_modifier" : -11,
        "description" : "This kit is used to convert 6.54 rifle to the 7.62 caliber.  The conversion results in increased recoil.",
        "symbol" : ":",
        "material" : ["steel", "null"],
        "volume" : 2,
        "cutting" : 0,
        "recoil_modifier" : 3,
        "acceptable_ammo" : ["654"],
        "mod_targets" : ["rifle"],
        "bashing" : 4,
        "ammo_modifier" : "762"
    }
]
