[
  {
    "id": "svs-24",
    "type": "GUN",
    "symbol": "(",
    "color": "dark_gray",
    "name": "SVS-24",
    "name_plural": "SVS-24",
    "description": "The Sarafanov Assault Rifle replaced the famous AK family of guns as the service rifle of the Russian Army. It uses the 6.54x42mm cartridge.",
    "price": 450000,
    "material": ["steel", "plastic"],
    "flags": "MODE_BURST",
    "skill": "rifle",
    "ammo": "654",
    "weight": 3900,
    "volume": 10,
    "bashing": 12,
    "cutting": 0,
    "to_hit": -1,
    "dispersion": 75,
    "sight_dispersion": 60,
    "aim_speed" : 6,
    "recoil": -75,
    "durability": 9,
    "burst": 12,
    "clip_size": 30,
    "reload": 475,
    "valid_mod_locations": [[ "accessories", 4 ],[ "barrel", 1 ],[ "bore", 1 ],[ "conversion", 1 ],[ "grip", 1 ],[ "magazine", 2 ],[ "mechanism", 4 ],[ "muzzle", 1 ],[ "rail", 1 ],[ "sights", 1 ],[ "stock", 1 ],[ "underbarrel", 1 ]]
  },
  {
    "id": "svs-24c",
    "type": "GUN",
    "symbol": "(",
    "color": "dark_gray",
    "name": "SVS-24C",
    "name_plural": "SVS-24C",
    "description": "The compact version of the standard SVS-24. It is commonly issued to tank crews or special forces due to its smaller size. The shorter barrel reduces accuracy.",
    "price": 440000,
    "material": ["steel", "plastic"],
    "flags": "MODE_BURST",
    "skill": "rifle",
    "ammo": "654",
    "weight": 3000,
    "volume": 8,
    "bashing": 12,
    "cutting": 0,
    "to_hit": -1,
    "range": -2,
    "dispersion": 75,
    "sight_dispersion": 60,
    "aim_speed" : 6,
    "recoil": 75,
    "durability": 9,
    "burst": 12,
    "clip_size": 30,
    "reload": 475,
    "valid_mod_locations": [[ "accessories", 4 ],[ "barrel", 1 ],[ "bore", 1 ],[ "conversion", 1 ],[ "grip", 1 ],[ "magazine", 2 ],[ "mechanism", 4 ],[ "muzzle", 1 ],[ "rail", 1 ],[ "sights", 1 ],[ "stock", 1 ],[ "underbarrel", 1 ]]
  },
  {
    "id": "cw-24",
    "type": "GUN",
    "symbol": "(",
    "color": "dark_gray",
    "name": "CW-24",
    "name_plural": "CW-24",
    "description": "Civilian version of the SVS-24. It was made by Clearwater Arms, Georgia for the US market. It's pure semi-automatic, and fires the weaker 5.45x39mm cartridge.",
    "price": 210000, "//" : "Civvie version is cheaper.",
    "material": ["steel", "plastic"],
    "skill": "rifle",
    "ammo": "545",
    "weight": 3900,
    "volume": 10,
    "bashing": 12,
    "cutting": 0,
    "to_hit": -1,
    "dispersion": 75,
    "sight_dispersion": 60,
    "aim_speed" : 6,
    "recoil": -75,
    "durability": 9,
    "clip_size": 30,
    "reload": 475,
    "valid_mod_locations": [[ "accessories", 4],[ "barrel", 1],[ "bore", 1],[ "conversion", 1],[ "grip", 1],["magazine", 2],[ "mechanism", 4 ],[ "muzzle", 1 ],[ "rail", 1 ],[ "sights", 1 ],[ "stock", 1 ],[ "underbarrel", 1 ]]
  },
  {
    "id": "cw-24m",
    "type": "GUN",
    "symbol": "(",
    "color": "light_gray",
    "name": "CW-24M",
    "name_plural": "CW-24M",
    "description": "Civilian version of the SVS-24. This one fires the cheaper, but still powerful, 5.45x39mm cartridge.",
    "price": 200000,
    "material": ["steel", "plastic"],
    "skill": "rifle",
    "ammo": "545",
    "weight": 3900,
    "volume": 10,
    "bashing": 12,
    "cutting": 0,
    "to_hit": -1,
    "dispersion": 75,
    "sight_dispersion": 60,
    "aim_speed" : 6,
    "recoil": -105,
    "durability": 9,
    "clip_size": 30,
    "reload": 475,
    "valid_mod_locations": [[ "accessories", 4],[ "barrel", 1],[ "bore", 1],[ "conversion", 1],[ "grip", 1],["magazine", 2],[ "mechanism", 4 ],[ "muzzle", 1 ],[ "rail", 1 ],[ "sights", 1 ],[ "stock", 1 ],[ "underbarrel", 1 ]]
  },
  {
    "id": "cw-24k",
    "type": "GUN",
    "symbol": "(",
    "color": "light_gray",
    "name": "CW-24K",
    "name_plural": "CW-24K",
    "description": "Civilian version of the SVS-24. This one fires the cheaper, but still powerful, 7.62x39mm cartridge.",
    "price": 160000,
    "material": ["steel", "plastic"],
    "skill": "rifle",
    "ammo": "762",
    "weight": 3900,
    "volume": 10,
    "bashing": 12,
    "cutting": 0,
    "to_hit": -1,
    "dispersion": 75,
    "sight_dispersion": 60,
    "aim_speed" : 6,
    "recoil": -30,
    "durability": 9,
    "clip_size": 30,
    "reload": 475,
    "valid_mod_locations": [[ "accessories", 4],[ "barrel", 1],[ "bore", 1],[ "conversion", 1],[ "grip", 1],["magazine", 2],[ "mechanism", 4 ],[ "muzzle", 1 ],[ "rail", 1 ],[ "sights", 1 ],[ "stock", 1 ],[ "underbarrel", 1 ]]
  },
  {
    "id": "cw-24hack",
    "type": "GUN",
    "symbol": "(",
    "color": "dark_gray",
    "name": "Modified CW-24",
    "name_plural": "Modified CW-24",
    "description": "Civilian version of the SVS-24. It has a modified receiver and a new crudely crafted full-auto bolt carrier. Don't expect the original reliability.",
    "price": 420000,
    "material": ["steel", "plastic"],
    "flags": "MODE_BURST",
    "skill": "rifle",
    "ammo": "654",
    "weight": 3900,
    "volume": 10,
    "bashing": 12,
    "cutting": 0,
    "to_hit": -1,
    "dispersion": 120,
    "sight_dispersion": 60,
    "aim_speed" : 6,
    "recoil": -75,
    "durability": 6,
    "burst": 8,
    "clip_size": 30,
    "reload": 475,
    "valid_mod_locations": [[ "accessories", 4],[ "barrel", 1],[ "bore", 1],[ "conversion", 1],[ "grip", 1],["magazine", 2],[ "mechanism", 4 ],[ "muzzle", 1 ],[ "rail", 1 ],[ "sights", 1 ],[ "stock", 1 ],[ "underbarrel", 1 ]]
  },
  {
    "id": "cw-24m_hack",
    "type": "GUN",
    "symbol": "(",
    "color": "dark_gray",
    "name": "Modified CW-24M",
    "name_plural": "Modified CW-24M",
    "description": "Civilian version of the SVS-24. It has a modified receiver and a new crudely crafted full-auto bolt carrier. Don't expect the original reliability.",
    "price": 420000,
    "material": ["steel", "plastic"],
    "flags": "MODE_BURST",
    "skill": "rifle",
    "ammo": "545",
    "weight": 3900,
    "volume": 10,
    "bashing": 12,
    "cutting": 0,
    "to_hit": -1,
    "dispersion": 120,
    "sight_dispersion": 60,
    "aim_speed" : 6,
    "recoil": -75,
    "durability": 6,
    "burst": 8,
    "clip_size": 30,
    "reload": 475,
    "valid_mod_locations": [[ "accessories", 4],[ "barrel", 1],[ "bore", 1],[ "conversion", 1],[ "grip", 1],["magazine", 2],[ "mechanism", 4 ],[ "muzzle", 1 ],[ "rail", 1 ],[ "sights", 1 ],[ "stock", 1 ],[ "underbarrel", 1 ]]
  },
  {
    "id": "cwd-63",
    "type": "GUN",
    "symbol": "(",
    "color": "brown",
    "name": "CWD-63",
    "name_plural": "CWD-63",
    "description": "The Clearwater Arms version of the famous SVD-63 Dragunov. This one was rechambered for the .308 round.",
    "price": 170000,
    "material": ["steel", "wood"],
    "skill": "rifle",
    "ammo": "308",
    "weight": 4300,
    "volume": 12,
    "bashing": 12,
    "cutting": 0,
    "to_hit": -1,
    "dispersion": 75,
    "sight_dispersion": 60,
    "aim_speed" : 6,
    "recoil": -90,
    "durability": 9,
    "clip_size": 10,
    "reload": 475,
    "valid_mod_locations": [[ "accessories", 4],[ "barrel", 1],[ "bore", 1],[ "conversion", 1],[ "grip", 1],["magazine", 2],[ "mechanism", 4 ],[ "muzzle", 1 ],[ "rail", 1 ],[ "sights", 1 ],[ "stock", 1 ],[ "underbarrel", 1 ]]
  },
  {
    "id": "wrist_dread",
    "type": "GUN",
    "symbol": "(",
    "color": "dark_gray",
    "name": "Wrist DREAD",
    "name_plural": "Wrist DREAD",
    "description": "The miniaturized version of the DREAD MkIX attached to the wrist of the operator. It fires .20 metal pellets at an incredible rate without any flash or noise. It is mainly a defensive weapon.",
    "price": 160000,
    "material": ["steel", "plastic"],
    "flags": "MODE_BURST",
    "skill": "smg",
    "ammo": "wr_dread",
    "weight": 1000,
    "volume": 4,
    "bashing": 8,
    "cutting": 0,
    "to_hit": -1,
    "dispersion": 150,
    "sight_dispersion": 150,
    "aim_speed" : 0,
    "recoil": 0,
    "durability": 8,
    "burst": 30,
    "clip_size": 90,
    "reload": 300,
    "valid_mod_locations": [[ "accessories", 2],[ "magazine", 2],["underbarrel", 1]]

  }

]


