[
    {
        "type" : "item_group",
        "id" : "fieldoffice_weapons",
        "items":[
            ["crossbow", 40],
            ["bolt_metal", 60],
            ["bolt_steel", 30],
            ["remington_870", 10],
            ["mossberg_500", 5],
            ["shot_bird", 10],
            ["shot_00", 10],
            ["shot_slug", 4],
            ["shot_beanbag", 10],
            ["marlin_9a", 14],
            ["ruger_1022", 12],
            ["22_fmj", 6],
            ["22_lr", 8],
            ["22_cb", 10],
            ["22_ratshot", 8],
            ["browning_blr", 5],
            ["remington_700", 10],
            ["270", 8],
            ["rifle_scope", 10],
            ["laser_sight", 10],
            ["rail_laser_sight", 10]
        ]
    },
    {
        "type" : "item_group",
        "id" : "fieldoffice_tools",
        "items":[
            ["hammer", 35],
            ["saw", 15],
            ["ax", 8],
            ["hoe", 30],
            ["shovel", 40],
            ["chainsaw_off", 7],
            ["trimmer_off", 10],
            ["tool_belt", 5],
            ["boots_steel", 50],
            ["boots_hiking", 10],
            ["vest", 15],
            ["glasses_safety", 40],
            ["beartrap", 5],
            ["radio", 20]
        ]
    },
    {
        "type" : "item_group",
        "id" : "fieldoffice_books",
        "items":[
            ["mag_traps", 20],
            ["manual_traps", 12],
            ["trappers_companion", 2],
            ["mag_guns", 15],
            ["mag_rifle", 15],
            ["mag_shotgun", 15],
            ["mag_survival", 40],
            ["manual_survival", 20],
            ["textbook_firstaid", 8],
            ["pocket_firstaid", 4],
            ["pocket_survival", 2],
            ["pocket_firearms", 2],
            ["mag_archery", 15],
            ["manual_archery", 8],
            ["book_archery", 2],
            ["recipe_arrows", 4]
        ]
    },
    {
        "type":"monstergroup",
        "name" : "GROUP_FIELDOFFICE_ZOMBIE",
        "default" : "mon_null",
        "monsters" : [
            { "monster" : "mon_zombie_fat", "freq" : 100, "cost_multiplier": 2},
            { "monster" : "mon_zombie_tough", "freq" : 40, "cost_multiplier": 3},
            { "monster" : "mon_zombie_rot", "freq" : 20, "cost_multiplier": 2},
            { "monster" : "mon_zombie_crawler", "freq" : 10, "cost_multiplier": 2},
            { "monster" : "mon_zombie_dog", "freq" : 10, "cost_multiplier" : 2 },
            { "monster" : "mon_zombie_grabber", "freq" : 70, "cost_multiplier" : 1 },
            { "monster" : "mon_skeleton", "freq" : 30, "cost_multiplier" : 2 },
            { "monster" : "mon_zombie_shrieker", "freq" : 30, "cost_multiplier" : 5 },
            { "monster" : "mon_zombie_spitter", "freq" : 30, "cost_multiplier" : 5 },
            { "monster" : "mon_zombie_necro", "freq" : 1, "cost_multiplier" : 25 },
            { "monster" : "mon_zombie_survivor", "freq" : 1, "cost_multiplier" : 25 },
            { "monster" : "mon_boomer", "freq" : 30, "cost_multiplier" : 7 },
            { "monster" : "mon_zombie_brute", "freq" : 10, "cost_multiplier" : 15 },
            { "monster" : "mon_zombie_hulk", "freq" : 1, "cost_multiplier" : 50 },
            { "monster" : "mon_zombie_master", "freq" : 1, "cost_multiplier" : 25 }
        ]
    },
    {
        "type": "overmap_terrain",
        "id" : "fieldoffice",
        "name" : "wildlife field office",
        "rotate" : true,
        "sym" : [94, 62, 118, 60],
        "color" : "brown",
        "see_cost" : 5,
        "extras" : "build",
        "mondensity" : 2,
        "sidewalk" : true,
        "mapgen": [
            {
            "method": "json",
            "weight": 10000,
            "object": {
                "rows": [
                    "rrrrrrrrrrrrrrrrrrrrrrrr",
                    "yrrryrrryrrryrrryrrryrrr",
                    "yrrryrrryrrryrrryrrryrrr",
                    "yrrryrrryrrryrrryrrryrrr",
                    "yrrryrrryrrryrrryrrryrrr",
                    "yrrryrrryrrryrrryrrryrrr",
                    "yyyyyyyyyyyyyyyyyyyyyyyy",
                    "222222222222222---1+111-",
                    "3..............|B|F    |",
                    "3.2222222222222| |CCC A|",
                    "3.3...3...3...3|D+ F  A|",
                    "3.3I..3...3.I.3--|-+---|",
                    "3.3...3..I3...3.E......3",
                    "3.2242224222422........3",
                    "3......................3",
                    "3.2222422222422..     .3",
                    "3.3.....3.....3..HH   .3",
                    "3.3.....3.....3..HH   .3",
                    "3.3.....3.....3.5555+553",
                    "3.3.....3.....3.5.....53",
                    "3.3....I3...I.3.5GGGGG53",
                    "3.2222222222222.55555553",
                    "3......................3",
                    "222222222222222222222222"
                ],
                "terrain": {
                    "r": "t_pavement",
                    "y": "t_pavement_y",
                    ".": "t_dirtfloor",
                    "-": "t_wall_h",
                    "1": "t_window",
                    "|": "t_wall_v",
                    "+": "t_door_c",
                    "2": "t_chainfence_h",
                    "3": "t_chainfence_v",
                    "4": "t_chaingate_l",
                    "5": "t_wall_wood",
                    " ": "t_floor",
                    "A": "t_floor",
                    "B": "t_floor",
                    "C": "t_floor",
                    "D": "t_floor",
                    "E": "t_dirtfloor",
                    "F": "t_floor",
                    "G": "t_dirtfloor",
                    "H": "t_floor",
                    "I": "t_dirtfloor"
                },
                "furniture": {
                    "A": "f_rack",
                    "B": "f_toilet",
                    "C": "f_counter",
                    "D": "f_sink",
                    "E": "f_sink",
                    "F": "f_chair",
                    "G": "f_locker",
                    "H": "f_hay",
                    "I": "f_hay"
                },
                "place_specials": [
                    { "type": "toilet", "x": 16, "y": 8 }
                ],
                "comment": "randomly picked from a group ---v",
                "place_groups": [
                    { "item": "fieldoffice_weapons", "chance": 70, "x": [ 20,21 ], "y": 20 },
                    { "item": "fieldoffice_tools", "chance": 80, "x": [ 18,19 ], "y": 20 },
                    { "item": "fieldoffice_books", "chance": 80, "x": 22, "y": [9,10] },
                    { "monster": "GROUP_FOREST", "chance": 2, "x": [ 3, 5 ], "y": [ 10, 12 ], "density": 0.15 },
                    { "monster": "GROUP_DINOSAUR_DANGEROUS", "chance": 4, "x": [ 3, 5 ], "y": [ 10, 12 ], "density": 0.15 },
                    { "monster": "GROUP_DINOSAUR_HARMLESS", "chance": 3, "x": [ 3, 5 ], "y": [ 10, 12 ], "density": 0.15 },
                    { "monster": "GROUP_FOREST", "chance": 2, "x": [ 7, 9 ], "y": [ 10, 12 ], "density": 0.15 },
                    { "monster": "GROUP_DINOSAUR_DANGEROUS", "chance": 4, "x": [ 7, 9 ], "y": [ 10, 12 ], "density": 0.15 },
                    { "monster": "GROUP_DINOSAUR_HARMLESS", "chance": 3, "x": [ 7, 9 ], "y": [ 10, 12 ], "density": 0.15 },
                    { "monster": "GROUP_FOREST", "chance": 2, "x": [ 11, 13 ], "y": [ 10, 12 ], "density": 0.15 },
                    { "monster": "GROUP_DINOSAUR_DANGEROUS", "chance": 4, "x": [ 11, 13 ], "y": [ 10, 12 ], "density": 0.15 },
                    { "monster": "GROUP_DINOSAUR_HARMLESS", "chance": 3, "x": [ 11, 13 ], "y": [ 10, 12 ], "density": 0.15 },
                    { "monster": "GROUP_FOREST", "chance": 2, "x": [ 3, 7 ], "y": [ 16, 20 ], "density": 0.15 },
                    { "monster": "GROUP_DINOSAUR_DANGEROUS", "chance": 4, "x": [ 3, 7 ], "y": [ 16, 20 ], "density": 0.15 },
                    { "monster": "GROUP_DINOSAUR_HARMLESS", "chance": 3, "x": [ 3, 7 ], "y": [ 16, 20 ], "density": 0.15 },
                    { "monster": "GROUP_FOREST", "chance": 2, "x": [ 9, 13 ], "y": [ 16, 20 ], "density": 0.15 },
                    { "monster": "GROUP_DINOSAUR_DANGEROUS", "chance": 4, "x": [ 9, 13 ], "y": [ 16, 20 ], "density": 0.15 },
                    { "monster": "GROUP_DINOSAUR_HARMLESS", "chance": 3, "x": [ 9, 13 ], "y": [ 16, 20 ], "density": 0.15 },
                    { "monster": "GROUP_FIELDOFFICE_ZOMBIE", "chance": 2, "x": [ 1, 22 ], "y": [ 1, 6 ], "density": 0.15 },
                    { "monster": "GROUP_FIELDOFFICE_ZOMBIE", "chance": 2, "x": [ 16, 22 ], "y": [ 8, 21 ], "density": 0.15 }
                ],
            "comment": "end of mapgen json definition ---v"
        },
        "comment": "end of mapgen entry ---v"
    }
    ]
    }
]
