[
{"usage": "backer", "gender": "unisex", "name": "Ajay Chandra"},
{"usage": "backer", "gender": "unisex", "name": "Alexander Dmitriev"},
{"usage": "backer", "gender": "unisex", "name": "Alexander Krichko"},
{"usage": "backer", "gender": "unisex", "name": "Alexander Weeks"},
{"usage": "backer", "gender": "unisex", "name": "Alphai"},
{"usage": "backer", "gender": "unisex", "name": "Andrew Guastella"},
{"usage": "backer", "gender": "unisex", "name": "Andrew Webster"},
{"usage": "backer", "gender": "unisex", "name": "Anthony Burleigh"},
{"usage": "backer", "gender": "unisex", "name": "Anton Struyk"},
{"usage": "backer", "gender": "unisex", "name": "Arc"},
{"usage": "backer", "gender": "unisex", "name": "Argus M. Lowell"},
{"usage": "backer", "gender": "unisex", "name": "Artcher"},
{"usage": "backer", "gender": "unisex", "name": "Atomos"},
{"usage": "backer", "gender": "unisex", "name": "Ben McClure"},
{"usage": "backer", "gender": "unisex", "name": "Benjamin Replogle"},
{"usage": "backer", "gender": "unisex", "name": "Bobalot"},
{"usage": "backer", "gender": "unisex", "name": "Brian Davidson"},
{"usage": "backer", "gender": "unisex", "name": "Brian Hosterman"},
{"usage": "backer", "gender": "unisex", "name": "Charlotte Hall"},
{"usage": "backer", "gender": "unisex", "name": "Chris Watkins"},
{"usage": "backer", "gender": "unisex", "name": "Christopher Fallins"},
{"usage": "backer", "gender": "unisex", "name": "Clay Foxtail"},
{"usage": "backer", "gender": "unisex", "name": "Comrade Garry"},
{"usage": "backer", "gender": "unisex", "name": "Craig Ferguson"},
{"usage": "backer", "gender": "unisex", "name": "Craig Matton"},
{"usage": "backer", "gender": "unisex", "name": "Dak'kor"},
{"usage": "backer", "gender": "unisex", "name": "Daniel Annfield"},
{"usage": "backer", "gender": "unisex", "name": "Daniel Danahy"},
{"usage": "backer", "gender": "unisex", "name": "Dave Steverdaverson"},
{"usage": "backer", "gender": "unisex", "name": "Dick Surges"},
{"usage": "backer", "gender": "unisex", "name": "Doug Ogden"},
{"usage": "backer", "gender": "unisex", "name": "Dr. Hylke van der Schaaf"},
{"usage": "backer", "gender": "unisex", "name": "Dusk Gao"},
{"usage": "backer", "gender": "unisex", "name": "Ely Forrest Keaton"},
{"usage": "backer", "gender": "unisex", "name": "Enrique Alonso"},
{"usage": "backer", "gender": "unisex", "name": "Eric Roussac"},
{"usage": "backer", "gender": "unisex", "name": "Erik Hungerbuhler"},
{"usage": "backer", "gender": "unisex", "name": "Evelynn Frost"},
{"usage": "backer", "gender": "unisex", "name": "Felix Aplin"},
{"usage": "backer", "gender": "unisex", "name": "Felix Fox"},
{"usage": "backer", "gender": "unisex", "name": "FrozenFoxy"},
{"usage": "backer", "gender": "unisex", "name": "Gabriel Dong"},
{"usage": "backer", "gender": "unisex", "name": "Gattsu"},
{"usage": "backer", "gender": "unisex", "name": "Glen Runciter"},
{"usage": "backer", "gender": "unisex", "name": "Guillaume Lebigot"},
{"usage": "backer", "gender": "unisex", "name": "Gulfas Morgolock"},
{"usage": "backer", "gender": "unisex", "name": "Gurg Hackpof"},
{"usage": "backer", "gender": "unisex", "name": "Hank Lecram"},
{"usage": "backer", "gender": "unisex", "name": "Herrith Sebon"},
{"usage": "backer", "gender": "unisex", "name": "Homer"},
{"usage": "backer", "gender": "unisex", "name": "Hubert Hughes"},
{"usage": "backer", "gender": "unisex", "name": "Hubert Rodenbaugh"},
{"usage": "backer", "gender": "unisex", "name": "Ian Cleere"},
{"usage": "backer", "gender": "unisex", "name": "James Kenny"},
{"usage": "backer", "gender": "unisex", "name": "Jef Major"},
{"usage": "backer", "gender": "unisex", "name": "Jens Becker"},
{"usage": "backer", "gender": "unisex", "name": "Jeremias Braß"},
{"usage": "backer", "gender": "unisex", "name": "Jim Landerland"},
{"usage": "backer", "gender": "unisex", "name": "Jim Weaver"},
{"usage": "backer", "gender": "unisex", "name": "John Ennion"},
{"usage": "backer", "gender": "unisex", "name": "John Hammell"},
{"usage": "backer", "gender": "unisex", "name": "Joseph 'Zakalwe' Bartlett"},
{"usage": "backer", "gender": "unisex", "name": "Joshua Young"},
{"usage": "backer", "gender": "unisex", "name": "Justine McKinnon"},
{"usage": "backer", "gender": "unisex", "name": "Kamil Kliwison"},
{"usage": "backer", "gender": "unisex", "name": "Kenji Gurokawa"},
{"usage": "backer", "gender": "unisex", "name": "Kevin Grasso"},
{"usage": "backer", "gender": "unisex", "name": "Kevin Witt"},
{"usage": "backer", "gender": "unisex", "name": "Khalid Rashid"},
{"usage": "backer", "gender": "unisex", "name": "Lachlan"},
{"usage": "backer", "gender": "unisex", "name": "Larion"},
{"usage": "backer", "gender": "unisex", "name": "Lawry Dennis"},
{"usage": "backer", "gender": "unisex", "name": "Leonid Vasilev"},
{"usage": "backer", "gender": "unisex", "name": "Lev Myshkin"},
{"usage": "backer", "gender": "unisex", "name": "Manik DepraSeeve"},
{"usage": "backer", "gender": "unisex", "name": "Mark 'Bad Boy' Badoy"},
{"usage": "backer", "gender": "unisex", "name": "Martin Svensson"},
{"usage": "backer", "gender": "unisex", "name": "Martin Woodard"},
{"usage": "backer", "gender": "unisex", "name": "Matt Davis"},
{"usage": "backer", "gender": "unisex", "name": "Matt Williams"},
{"usage": "backer", "gender": "unisex", "name": "Matthew St. John"},
{"usage": "backer", "gender": "unisex", "name": "Michael 'Dies Horribly' Jones"},
{"usage": "backer", "gender": "unisex", "name": "Michael Hill"},
{"usage": "backer", "gender": "unisex", "name": "Michael Kincaid"},
{"usage": "backer", "gender": "unisex", "name": "Michel Bergeron"},
{"usage": "backer", "gender": "unisex", "name": "Mick Batt"},
{"usage": "backer", "gender": "unisex", "name": "Miguel Hermez"},
{"usage": "backer", "gender": "unisex", "name": "Miles Prowers"},
{"usage": "backer", "gender": "unisex", "name": "Miloch"},
{"usage": "backer", "gender": "unisex", "name": "Nathan Cann"},
{"usage": "backer", "gender": "unisex", "name": "Nathaniel Ford"},
{"usage": "backer", "gender": "unisex", "name": "Nick 'Havoc' Parker"},
{"usage": "backer", "gender": "unisex", "name": "Nick Stefan"},
{"usage": "backer", "gender": "unisex", "name": "Owen Dunne"},
{"usage": "backer", "gender": "unisex", "name": "Pascal Filipovicz"},
{"usage": "backer", "gender": "unisex", "name": "Paul Wallace"},
{"usage": "backer", "gender": "unisex", "name": "Peter Stahlberg"},
{"usage": "backer", "gender": "unisex", "name": "Philippe Tremblay"},
{"usage": "backer", "gender": "unisex", "name": "Rambunctious Rick"},
{"usage": "backer", "gender": "unisex", "name": "Raquel Macmahon"},
{"usage": "backer", "gender": "unisex", "name": "Raymond Bellas"},
{"usage": "backer", "gender": "unisex", "name": "Reno Parker"},
{"usage": "backer", "gender": "unisex", "name": "Rob Keys"},
{"usage": "backer", "gender": "unisex", "name": "Rob Wetzel"},
{"usage": "backer", "gender": "unisex", "name": "Rolle"},
{"usage": "backer", "gender": "unisex", "name": "Ron 'Noise' Hakim"},
{"usage": "backer", "gender": "unisex", "name": "Ronni Magnusson"},
{"usage": "backer", "gender": "unisex", "name": "Rudolf Schmidt"},
{"usage": "backer", "gender": "unisex", "name": "Russ Reynolds III"},
{"usage": "backer", "gender": "unisex", "name": "Sam Stein"},
{"usage": "backer", "gender": "unisex", "name": "Sean Duncan"},
{"usage": "backer", "gender": "unisex", "name": "Sercan Coyle"},
{"usage": "backer", "gender": "unisex", "name": "Simefirmi"},
{"usage": "backer", "gender": "unisex", "name": "Simon Thoresen Hult"},
{"usage": "backer", "gender": "unisex", "name": "Snow 'Meow'"},
{"usage": "backer", "gender": "unisex", "name": "Sparrow Gryphon"},
{"usage": "backer", "gender": "unisex", "name": "Spathi Pkeloucht"},
{"usage": "backer", "gender": "unisex", "name": "Steven Peterson"},
{"usage": "backer", "gender": "unisex", "name": "Stottner"},
{"usage": "backer", "gender": "unisex", "name": "Szocs Gabor Ferenc"},
{"usage": "backer", "gender": "unisex", "name": "Sébastien Jaffre"},
{"usage": "backer", "gender": "unisex", "name": "Thomas Larsson"},
{"usage": "backer", "gender": "unisex", "name": "Tobias Franke"},
{"usage": "backer", "gender": "unisex", "name": "Todric Ryhope"},
{"usage": "backer", "gender": "unisex", "name": "Tom Hooper"},
{"usage": "backer", "gender": "unisex", "name": "Tomas Simon"},
{"usage": "backer", "gender": "unisex", "name": "TonZa"},
{"usage": "backer", "gender": "unisex", "name": "Tonami Jorgensen"},
{"usage": "backer", "gender": "unisex", "name": "Travis Gibson"},
{"usage": "backer", "gender": "unisex", "name": "Trianna"},
{"usage": "backer", "gender": "unisex", "name": "Urist McPrudent"},
{"usage": "backer", "gender": "unisex", "name": "Wayne A Arthurton"},
{"usage": "backer", "gender": "unisex", "name": "Will Walker"},
{"usage": "backer", "gender": "unisex", "name": "William Forrest"},
{"usage": "backer", "gender": "unisex", "name": "Wintar Gootblod"},
{"usage": "backer", "gender": "unisex", "name": "Zanam"},
{"usage": "backer", "gender": "unisex", "name": "Zhiao"},
{"usage": "backer", "gender": "unisex", "name": "dolio"},
{"usage": "city", "name": "가드너"},
{"usage": "city", "name": "가디너"},
{"usage": "city", "name": "가필드 플랜테이션"},
{"usage": "city", "name": "갈랜드"},
{"usage": "city", "name": "고센"},
{"usage": "city", "name": "고스널드"},
{"usage": "city", "name": "고어햄"},
{"usage": "city", "name": "고프스타운"},
{"usage": "city", "name": "굴즈버로"},
{"usage": "city", "name": "그래프턴"},
{"usage": "city", "name": "그랜드 레이크 스트림"},
{"usage": "city", "name": "그랜드 아일"},
{"usage": "city", "name": "그랜비"},
{"usage": "city", "name": "그랜빌"},
{"usage": "city", "name": "그랜트햄"},
{"usage": "city", "name": "그레이"},
{"usage": "city", "name": "그레이트 배링턴"},
{"usage": "city", "name": "그레이트 폰드"},
{"usage": "city", "name": "그로브랜드"},
{"usage": "city", "name": "그로턴"},
{"usage": "city", "name": "그리스올드"},
{"usage": "city", "name": "그린"},
{"usage": "city", "name": "그린랜드"},
{"usage": "city", "name": "그린부쉬"},
{"usage": "city", "name": "그린빌"},
{"usage": "city", "name": "그린우드"},
{"usage": "city", "name": "그린위치"},
{"usage": "city", "name": "그린즈버러"},
{"usage": "city", "name": "그린필드"},
{"usage": "city", "name": "글래스턴베리"},
{"usage": "city", "name": "글래스턴베리"},
{"usage": "city", "name": "글러스터"},
{"usage": "city", "name": "글렌번"},
{"usage": "city", "name": "글렌우드 대농장"},
{"usage": "city", "name": "글로버"},
{"usage": "city", "name": "글로스터"},
{"usage": "city", "name": "길"},
{"usage": "city", "name": "길드홀"},
{"usage": "city", "name": "길레아"},
{"usage": "city", "name": "길맨턴"},
{"usage": "city", "name": "길섬"},
{"usage": "city", "name": "길포드"},
{"usage": "city", "name": "길포드"},
{"usage": "city", "name": "나티크"},
{"usage": "city", "name": "나폴리"},
{"usage": "city", "name": "난터켓"},
{"usage": "city", "name": "내러갠셋"},
{"usage": "city", "name": "내쉬빌 플랜테이션"},
{"usage": "city", "name": "내슈어"},
{"usage": "city", "name": "너리"},
{"usage": "city", "name": "네이헌트"},
{"usage": "city", "name": "넬손"},
{"usage": "city", "name": "노거턱"},
{"usage": "city", "name": "노르우드"},
{"usage": "city", "name": "노르워크"},
{"usage": "city", "name": "노르웨이"},
{"usage": "city", "name": "노르웰"},
{"usage": "city", "name": "노르위치"},
{"usage": "city", "name": "노리지웍"},
{"usage": "city", "name": "노블보로"},
{"usage": "city", "name": "노샘프턴"},
{"usage": "city", "name": "노섬버랜드"},
{"usage": "city", "name": "노스 리딩"},
{"usage": "city", "name": "노스 베릭"},
{"usage": "city", "name": "노스 브랜포드"},
{"usage": "city", "name": "노스 브룩필드"},
{"usage": "city", "name": "노스 스미스필드"},
{"usage": "city", "name": "노스 스토닝턴"},
{"usage": "city", "name": "노스 아담스"},
{"usage": "city", "name": "노스 애틀보로"},
{"usage": "city", "name": "노스 앤도버"},
{"usage": "city", "name": "노스 야마스"},
{"usage": "city", "name": "노스 캐이넌"},
{"usage": "city", "name": "노스 킹스타운"},
{"usage": "city", "name": "노스 프로비던스"},
{"usage": "city", "name": "노스 햄프턴"},
{"usage": "city", "name": "노스 헤이븐"},
{"usage": "city", "name": "노스 히어로"},
{"usage": "city", "name": "노스버러"},
{"usage": "city", "name": "노스브릿지"},
{"usage": "city", "name": "노스우드"},
{"usage": "city", "name": "노스포트"},
{"usage": "city", "name": "노스필드"},
{"usage": "city", "name": "노팅험"},
{"usage": "city", "name": "녹스"},
{"usage": "city", "name": "놀턴"},
{"usage": "city", "name": "놀포크"},
{"usage": "city", "name": "뉴 가나안"},
{"usage": "city", "name": "뉴 글로스터"},
{"usage": "city", "name": "뉴 더럼"},
{"usage": "city", "name": "뉴 런던"},
{"usage": "city", "name": "뉴 리머릭"},
{"usage": "city", "name": "뉴 말보로"},
{"usage": "city", "name": "뉴 밀포드"},
{"usage": "city", "name": "뉴 바인야드"},
{"usage": "city", "name": "뉴 버리포트"},
{"usage": "city", "name": "뉴 베드포드"},
{"usage": "city", "name": "뉴 보스턴"},
{"usage": "city", "name": "뉴 브레인트리"},
{"usage": "city", "name": "뉴 브리튼"},
{"usage": "city", "name": "뉴 샤론"},
{"usage": "city", "name": "뉴 세일럼"},
{"usage": "city", "name": "뉴 쇼어햄"},
{"usage": "city", "name": "뉴 스웨덴"},
{"usage": "city", "name": "뉴 애쉬포드"},
{"usage": "city", "name": "뉴 입스위치"},
{"usage": "city", "name": "뉴 캐나다"},
{"usage": "city", "name": "뉴 캐슬"},
{"usage": "city", "name": "뉴 페어필드"},
{"usage": "city", "name": "뉴 포틀랜드"},
{"usage": "city", "name": "뉴 할트포드"},
{"usage": "city", "name": "뉴 햄튼"},
{"usage": "city", "name": "뉴 헤이븐"},
{"usage": "city", "name": "뉴마켓"},
{"usage": "city", "name": "뉴버리"},
{"usage": "city", "name": "뉴버지"},
{"usage": "city", "name": "뉴아크"},
{"usage": "city", "name": "뉴잉턴"},
{"usage": "city", "name": "뉴캐슬"},
{"usage": "city", "name": "뉴타운"},
{"usage": "city", "name": "뉴튼"},
{"usage": "city", "name": "뉴패인"},
{"usage": "city", "name": "뉴포트"},
{"usage": "city", "name": "뉴필드"},
{"usage": "city", "name": "뉴필즈"},
{"usage": "city", "name": "니덤"},
{"usage": "city", "name": "다 마리스 코타"},
{"usage": "city", "name": "다이어 브룩"},
{"usage": "city", "name": "다이튼"},
{"usage": "city", "name": "다트무스"},
{"usage": "city", "name": "달라스 농장"},
{"usage": "city", "name": "달튼"},
{"usage": "city", "name": "대리언"},
{"usage": "city", "name": "댄 버리"},
{"usage": "city", "name": "댄버스"},
{"usage": "city", "name": "댄비"},
{"usage": "city", "name": "댄빌"},
{"usage": "city", "name": "댄포스"},
{"usage": "city", "name": "더글라스"},
{"usage": "city", "name": "더들리"},
{"usage": "city", "name": "더블린"},
{"usage": "city", "name": "더비"},
{"usage": "city", "name": "더햄"},
{"usage": "city", "name": "덕스베리"},
{"usage": "city", "name": "던바턴"},
{"usage": "city", "name": "던스테이블"},
{"usage": "city", "name": "덤머"},
{"usage": "city", "name": "덤머스턴"},
{"usage": "city", "name": "데니스"},
{"usage": "city", "name": "데니스빌"},
{"usage": "city", "name": "데니스타운"},
{"usage": "city", "name": "데드햄"},
{"usage": "city", "name": "데블로이스"},
{"usage": "city", "name": "데어리"},
{"usage": "city", "name": "데이톤"},
{"usage": "city", "name": "덱스터"},
{"usage": "city", "name": "덴마크"},
{"usage": "city", "name": "도버"},
{"usage": "city", "name": "도버-폭스크로프트"},
{"usage": "city", "name": "도어셋"},
{"usage": "city", "name": "도어체스터"},
{"usage": "city", "name": "동굴 물고기"},
{"usage": "city", "name": "드라컷"},
{"usage": "city", "name": "드레스덴"},
{"usage": "city", "name": "드류의 대농장"},
{"usage": "city", "name": "디어 아일"},
{"usage": "city", "name": "디어링"},
{"usage": "city", "name": "디어필드"},
{"usage": "city", "name": "디트로이트"},
{"usage": "city", "name": "딕스몬트"},
{"usage": "city", "name": "딕스필드"},
{"usage": "city", "name": "딥 리버"},
{"usage": "city", "name": "라그랑쥬"},
{"usage": "city", "name": "라모인"},
{"usage": "city", "name": "라우던"},
{"usage": "city", "name": "라이"},
{"usage": "city", "name": "라이게이트"},
{"usage": "city", "name": "라이먼"},
{"usage": "city", "name": "라임"},
{"usage": "city", "name": "라코니아"},
{"usage": "city", "name": "랜대프"},
{"usage": "city", "name": "랜돌프"},
{"usage": "city", "name": "랜드그로브"},
{"usage": "city", "name": "랭던"},
{"usage": "city", "name": "랭커스터"},
{"usage": "city", "name": "러들로"},
{"usage": "city", "name": "러벨"},
{"usage": "city", "name": "러쎌"},
{"usage": "city", "name": "러틀랜드"},
{"usage": "city", "name": "런던데리"},
{"usage": "city", "name": "럼니"},
{"usage": "city", "name": "럼포드"},
{"usage": "city", "name": "레녹스"},
{"usage": "city", "name": "레디어드"},
{"usage": "city", "name": "레민스터"},
{"usage": "city", "name": "레밍턴"},
{"usage": "city", "name": "레바논"},
{"usage": "city", "name": "레반트"},
{"usage": "city", "name": "레버렛"},
{"usage": "city", "name": "레스터"},
{"usage": "city", "name": "레이든"},
{"usage": "city", "name": "레이몬드"},
{"usage": "city", "name": "레이크 뷰 플랜테이션"},
{"usage": "city", "name": "레이크빌"},
{"usage": "city", "name": "레인즈버러"},
{"usage": "city", "name": "레인질리 플랜테이션"},
{"usage": "city", "name": "레인질리"},
{"usage": "city", "name": "레인헴"},
{"usage": "city", "name": "렉싱턴"},
{"usage": "city", "name": "렌헴"},
{"usage": "city", "name": "렘스터"},
{"usage": "city", "name": "로렌스"},
{"usage": "city", "name": "로마"},
{"usage": "city", "name": "로빈스턴"},
{"usage": "city", "name": "로얄스턴"},
{"usage": "city", "name": "로얄턴"},
{"usage": "city", "name": "로우"},
{"usage": "city", "name": "로웰"},
{"usage": "city", "name": "로체스터"},
{"usage": "city", "name": "로크 블럽스"},
{"usage": "city", "name": "록스버리"},
{"usage": "city", "name": "록클랜드"},
{"usage": "city", "name": "록키 힐"},
{"usage": "city", "name": "록킹헴"},
{"usage": "city", "name": "록포트"},
{"usage": "city", "name": "롤리"},
{"usage": "city", "name": "롤린스포드"},
{"usage": "city", "name": "롱 아일랜드"},
{"usage": "city", "name": "롱메도우"},
{"usage": "city", "name": "루넨버그"},
{"usage": "city", "name": "루벡"},
{"usage": "city", "name": "루이스턴"},
{"usage": "city", "name": "루퍼트"},
{"usage": "city", "name": "리"},
{"usage": "city", "name": "리드 플랜테이션"},
{"usage": "city", "name": "리드필드"},
{"usage": "city", "name": "리딩"},
{"usage": "city", "name": "리머릭"},
{"usage": "city", "name": "리밍턴"},
{"usage": "city", "name": "리버모어 폴즈"},
{"usage": "city", "name": "리버모어"},
{"usage": "city", "name": "리비어"},
{"usage": "city", "name": "리스본"},
{"usage": "city", "name": "리즈"},
{"usage": "city", "name": "리즈보로"},
{"usage": "city", "name": "리치몬드"},
{"usage": "city", "name": "리치포드"},
{"usage": "city", "name": "리치필드"},
{"usage": "city", "name": "리치필드"},
{"usage": "city", "name": "리틀 콤프턴"},
{"usage": "city", "name": "리틀턴"},
{"usage": "city", "name": "리플리"},
{"usage": "city", "name": "리호보스"},
{"usage": "city", "name": "린"},
{"usage": "city", "name": "린네"},
{"usage": "city", "name": "린던"},
{"usage": "city", "name": "린데버러"},
{"usage": "city", "name": "린지"},
{"usage": "city", "name": "린필드"},
{"usage": "city", "name": "립톤"},
{"usage": "city", "name": "링컨 농장"},
{"usage": "city", "name": "링컨"},
{"usage": "city", "name": "링컨빌"},
{"usage": "city", "name": "마갈로웨이 농장"},
{"usage": "city", "name": "마다와스카"},
{"usage": "city", "name": "마드리드"},
{"usage": "city", "name": "마리아빌"},
{"usage": "city", "name": "마블헤드"},
{"usage": "city", "name": "마사르디스"},
{"usage": "city", "name": "마손"},
{"usage": "city", "name": "마쉬필드"},
{"usage": "city", "name": "마스 힐"},
{"usage": "city", "name": "마시피"},
{"usage": "city", "name": "마운트 데저트"},
{"usage": "city", "name": "마운트 버넌"},
{"usage": "city", "name": "마운트 워싱턴"},
{"usage": "city", "name": "마운트 체이스"},
{"usage": "city", "name": "마운트 테이버"},
{"usage": "city", "name": "마운트 홀리"},
{"usage": "city", "name": "마키아스"},
{"usage": "city", "name": "마키아스포트"},
{"usage": "city", "name": "마티니커스 섬"},
{"usage": "city", "name": "말로우"},
{"usage": "city", "name": "말보로"},
{"usage": "city", "name": "말보로우"},
{"usage": "city", "name": "매드버리"},
{"usage": "city", "name": "매리언"},
{"usage": "city", "name": "매타미스콘티스"},
{"usage": "city", "name": "매타웜키"},
{"usage": "city", "name": "매타포이세트"},
{"usage": "city", "name": "맥스필드"},
{"usage": "city", "name": "맥와호크 농장"},
{"usage": "city", "name": "맨스필드"},
{"usage": "city", "name": "머서"},
{"usage": "city", "name": "메드웨이"},
{"usage": "city", "name": "메드포드"},
{"usage": "city", "name": "메드필드"},
{"usage": "city", "name": "메디벺스"},
{"usage": "city", "name": "메디슨"},
{"usage": "city", "name": "메레디스"},
{"usage": "city", "name": "메리든"},
{"usage": "city", "name": "메리맥"},
{"usage": "city", "name": "메리맥"},
{"usage": "city", "name": "메릴"},
{"usage": "city", "name": "메이너드"},
{"usage": "city", "name": "메이드스톤"},
{"usage": "city", "name": "메이플턴"},
{"usage": "city", "name": "메카닉 폴즈"},
{"usage": "city", "name": "메투엔"},
{"usage": "city", "name": "멕시코"},
{"usage": "city", "name": "멘든"},
{"usage": "city", "name": "멘체스터 바이 더 시"},
{"usage": "city", "name": "멘체스터"},
{"usage": "city", "name": "멜로즈"},
{"usage": "city", "name": "모건"},
{"usage": "city", "name": "모로 플랜테이션"},
{"usage": "city", "name": "모리스"},
{"usage": "city", "name": "모리스타운"},
{"usage": "city", "name": "모릴"},
{"usage": "city", "name": "모스크바"},
{"usage": "city", "name": "모어타운"},
{"usage": "city", "name": "몬로"},
{"usage": "city", "name": "몬머스"},
{"usage": "city", "name": "몬슨"},
{"usage": "city", "name": "몬태규"},
{"usage": "city", "name": "몬트 버넌"},
{"usage": "city", "name": "몬트레이"},
{"usage": "city", "name": "몬트빌"},
{"usage": "city", "name": "몬티첼로"},
{"usage": "city", "name": "몬필리어"},
{"usage": "city", "name": "몬헤이건"},
{"usage": "city", "name": "몰든"},
{"usage": "city", "name": "몰튼버러"},
{"usage": "city", "name": "몽고메리"},
{"usage": "city", "name": "몽튼"},
{"usage": "city", "name": "무스 리버"},
{"usage": "city", "name": "미노"},
{"usage": "city", "name": "미들버리"},
{"usage": "city", "name": "미들보로"},
{"usage": "city", "name": "미들섹스"},
{"usage": "city", "name": "미들타운 스프링스"},
{"usage": "city", "name": "미들타운"},
{"usage": "city", "name": "미들턴"},
{"usage": "city", "name": "미들필드"},
{"usage": "city", "name": "밀란"},
{"usage": "city", "name": "밀로"},
{"usage": "city", "name": "밀리노켓"},
{"usage": "city", "name": "밀베리"},
{"usage": "city", "name": "밀브리지"},
{"usage": "city", "name": "밀빌"},
{"usage": "city", "name": "밀즈"},
{"usage": "city", "name": "밀튼"},
{"usage": "city", "name": "밀포드"},
{"usage": "city", "name": "바 하버"},
{"usage": "city", "name": "바레"},
{"usage": "city", "name": "바이런"},
{"usage": "city", "name": "바턴"},
{"usage": "city", "name": "박스버러"},
{"usage": "city", "name": "박스포드"},
{"usage": "city", "name": "반고"},
{"usage": "city", "name": "반크로프트"},
{"usage": "city", "name": "배살보로"},
{"usage": "city", "name": "배아지"},
{"usage": "city", "name": "밴 뷰런"},
{"usage": "city", "name": "밴스버러"},
{"usage": "city", "name": "버겐스"},
{"usage": "city", "name": "버나드"},
{"usage": "city", "name": "버나즈턴"},
{"usage": "city", "name": "버넷"},
{"usage": "city", "name": "버논"},
{"usage": "city", "name": "버릴빌"},
{"usage": "city", "name": "버셔"},
{"usage": "city", "name": "버윜"},
{"usage": "city", "name": "버크"},
{"usage": "city", "name": "버크셔"},
{"usage": "city", "name": "버크햄스티드"},
{"usage": "city", "name": "버클리"},
{"usage": "city", "name": "버트렛"},
{"usage": "city", "name": "벅랜드"},
{"usage": "city", "name": "벅스턴"},
{"usage": "city", "name": "벅스포드"},
{"usage": "city", "name": "벅필드"},
{"usage": "city", "name": "번스테드"},
{"usage": "city", "name": "번스테블"},
{"usage": "city", "name": "번햄"},
{"usage": "city", "name": "벌링턴"},
{"usage": "city", "name": "베네딕타"},
{"usage": "city", "name": "베닝턴"},
{"usage": "city", "name": "베드포드"},
{"usage": "city", "name": "베들레햄"},
{"usage": "city", "name": "베딩턴"},
{"usage": "city", "name": "베로나 아일랜드"},
{"usage": "city", "name": "베를린"},
{"usage": "city", "name": "베링턴"},
{"usage": "city", "name": "베버리"},
{"usage": "city", "name": "베살"},
{"usage": "city", "name": "베서니"},
{"usage": "city", "name": "베스"},
{"usage": "city", "name": "베어링 플렌테이션"},
{"usage": "city", "name": "베이커스필드"},
{"usage": "city", "name": "베이컨 폴스"},
{"usage": "city", "name": "베킷"},
{"usage": "city", "name": "벤슨"},
{"usage": "city", "name": "벤턴"},
{"usage": "city", "name": "벨그레이드"},
{"usage": "city", "name": "벨드윈"},
{"usage": "city", "name": "벨리빌"},
{"usage": "city", "name": "벨링햄"},
{"usage": "city", "name": "벨몬트"},
{"usage": "city", "name": "벨비드리"},
{"usage": "city", "name": "벨쳐타운"},
{"usage": "city", "name": "벨티모어"},
{"usage": "city", "name": "벨페스트"},
{"usage": "city", "name": "보스카웬"},
{"usage": "city", "name": "보스턴"},
{"usage": "city", "name": "보우"},
{"usage": "city", "name": "보우다인"},
{"usage": "city", "name": "보우다인햄"},
{"usage": "city", "name": "보워뱅크"},
{"usage": "city", "name": "보일스턴"},
{"usage": "city", "name": "보즈라"},
{"usage": "city", "name": "본"},
{"usage": "city", "name": "볼룬타운"},
{"usage": "city", "name": "볼턴"},
{"usage": "city", "name": "부스베이 하버"},
{"usage": "city", "name": "부스베이"},
{"usage": "city", "name": "브라우닝튼"},
{"usage": "city", "name": "브라운빌"},
{"usage": "city", "name": "브라운필드"},
{"usage": "city", "name": "브라잇턴 플랜테이션"},
{"usage": "city", "name": "브라잇턴"},
{"usage": "city", "name": "브란포드"},
{"usage": "city", "name": "브래드포드"},
{"usage": "city", "name": "브래들리"},
{"usage": "city", "name": "브래틀보로"},
{"usage": "city", "name": "브런즈윜"},
{"usage": "city", "name": "브레멘"},
{"usage": "city", "name": "브레인트리"},
{"usage": "city", "name": "브렌든"},
{"usage": "city", "name": "브렌트우드"},
{"usage": "city", "name": "브루워"},
{"usage": "city", "name": "브루워스터"},
{"usage": "city", "name": "브루클린"},
{"usage": "city", "name": "브룩스"},
{"usage": "city", "name": "브룩스빌"},
{"usage": "city", "name": "브룩클린"},
{"usage": "city", "name": "브룩클린"},
{"usage": "city", "name": "브룩턴"},
{"usage": "city", "name": "브룩튼"},
{"usage": "city", "name": "브룩필드"},
{"usage": "city", "name": "브리드포트"},
{"usage": "city", "name": "브리스톨"},
{"usage": "city", "name": "브리지튼"},
{"usage": "city", "name": "브림필드"},
{"usage": "city", "name": "브릿지워터"},
{"usage": "city", "name": "브릿지포트"},
{"usage": "city", "name": "블랙스톤"},
{"usage": "city", "name": "블랜드포드"},
{"usage": "city", "name": "블랜챠드"},
{"usage": "city", "name": "블레인"},
{"usage": "city", "name": "블루 힐"},
{"usage": "city", "name": "블룸필드"},
{"usage": "city", "name": "비날헤이븐"},
{"usage": "city", "name": "비드포드"},
{"usage": "city", "name": "비버 코브"},
{"usage": "city", "name": "비엔나"},
{"usage": "city", "name": "빅토리"},
{"usage": "city", "name": "빌러리카"},
{"usage": "city", "name": "빌스"},
{"usage": "city", "name": "빙햄"},
{"usage": "city", "name": "사바터스"},
{"usage": "city", "name": "사보이"},
{"usage": "city", "name": "사우스 벌링턴"},
{"usage": "city", "name": "사우스 베릭"},
{"usage": "city", "name": "사우스 브리스톨"},
{"usage": "city", "name": "사우스 브리지"},
{"usage": "city", "name": "사우스 앰튼"},
{"usage": "city", "name": "사우스 윈저"},
{"usage": "city", "name": "사우스 잉턴"},
{"usage": "city", "name": "사우스 킹스타운"},
{"usage": "city", "name": "사우스 토마스톤"},
{"usage": "city", "name": "사우스 포틀랜드"},
{"usage": "city", "name": "사우스 하들리"},
{"usage": "city", "name": "사우스 햄프턴"},
{"usage": "city", "name": "사우스 히어로"},
{"usage": "city", "name": "사우스버러"},
{"usage": "city", "name": "사우스베리"},
{"usage": "city", "name": "사우스웨스트 하버"},
{"usage": "city", "name": "사우스윅"},
{"usage": "city", "name": "사우스포트"},
{"usage": "city", "name": "사코"},
{"usage": "city", "name": "샌다운"},
{"usage": "city", "name": "샌드게이트"},
{"usage": "city", "name": "샌드위치"},
{"usage": "city", "name": "샌디 리버 플랜테이션"},
{"usage": "city", "name": "샌디스필드"},
{"usage": "city", "name": "샌본턴"},
{"usage": "city", "name": "샌퍼드"},
{"usage": "city", "name": "샐스버리"},
{"usage": "city", "name": "생거빌"},
{"usage": "city", "name": "샤론"},
{"usage": "city", "name": "샤비그 아일랜드"},
{"usage": "city", "name": "샤프츠버리"},
{"usage": "city", "name": "샬롯"},
{"usage": "city", "name": "서거스"},
{"usage": "city", "name": "서나피"},
{"usage": "city", "name": "서레이"},
{"usage": "city", "name": "서머빌"},
{"usage": "city", "name": "서머셋"},
{"usage": "city", "name": "서머스"},
{"usage": "city", "name": "서머스워쓰"},
{"usage": "city", "name": "서버리"},
{"usage": "city", "name": "서턴"},
{"usage": "city", "name": "서필드"},
{"usage": "city", "name": "석회암"},
{"usage": "city", "name": "선덜랜드"},
{"usage": "city", "name": "설리번"},
{"usage": "city", "name": "섬너"},
{"usage": "city", "name": "세바고"},
{"usage": "city", "name": "세벡"},
{"usage": "city", "name": "세보아이스 플렌테이션"},
{"usage": "city", "name": "세인트 존 플랜테이션"},
{"usage": "city", "name": "세인트 존스버리"},
{"usage": "city", "name": "세인트아가사"},
{"usage": "city", "name": "세인트앨번스"},
{"usage": "city", "name": "세인트조지"},
{"usage": "city", "name": "세인트프란시스"},
{"usage": "city", "name": "세일럼"},
{"usage": "city", "name": "세지윅"},
{"usage": "city", "name": "센터 하버"},
{"usage": "city", "name": "센터빌"},
{"usage": "city", "name": "센트럴 폴"},
{"usage": "city", "name": "셔먼"},
{"usage": "city", "name": "셔본"},
{"usage": "city", "name": "셜리"},
{"usage": "city", "name": "셰필드"},
{"usage": "city", "name": "셸던"},
{"usage": "city", "name": "소렌토"},
{"usage": "city", "name": "손다이크"},
{"usage": "city", "name": "솔론"},
{"usage": "city", "name": "쇼어햄"},
{"usage": "city", "name": "쇼워스베리"},
{"usage": "city", "name": "쉐플레이"},
{"usage": "city", "name": "쉘번"},
{"usage": "city", "name": "쉘톤"},
{"usage": "city", "name": "슈거 힐"},
{"usage": "city", "name": "슈츠버리"},
{"usage": "city", "name": "스미르나"},
{"usage": "city", "name": "스미스필드"},
{"usage": "city", "name": "스완빌"},
{"usage": "city", "name": "스완스 아일랜드"},
{"usage": "city", "name": "스완지"},
{"usage": "city", "name": "스완지"},
{"usage": "city", "name": "스완튼"},
{"usage": "city", "name": "스웜프스캇"},
{"usage": "city", "name": "스웨든"},
{"usage": "city", "name": "스카보로"},
{"usage": "city", "name": "스코틀랜드"},
{"usage": "city", "name": "스코헤간"},
{"usage": "city", "name": "스타크"},
{"usage": "city", "name": "스타크"},
{"usage": "city", "name": "스타포드"},
{"usage": "city", "name": "스탁스보로"},
{"usage": "city", "name": "스태너드"},
{"usage": "city", "name": "스탠디쉬"},
{"usage": "city", "name": "스탬포드"},
{"usage": "city", "name": "스터브리지"},
{"usage": "city", "name": "스털링"},
{"usage": "city", "name": "스테슨"},
{"usage": "city", "name": "스테우벤"},
{"usage": "city", "name": "스테이시빌"},
{"usage": "city", "name": "스토닝턴"},
{"usage": "city", "name": "스토다드"},
{"usage": "city", "name": "스토우"},
{"usage": "city", "name": "스토위"},
{"usage": "city", "name": "스토턴"},
{"usage": "city", "name": "스톡브리지"},
{"usage": "city", "name": "스톡턴 스프링스"},
{"usage": "city", "name": "스톡홀름"},
{"usage": "city", "name": "스톤햄"},
{"usage": "city", "name": "스튜워츠타운"},
{"usage": "city", "name": "스트라포드"},
{"usage": "city", "name": "스트래튼"},
{"usage": "city", "name": "스트랫포드"},
{"usage": "city", "name": "스트레텀"},
{"usage": "city", "name": "스트롱"},
{"usage": "city", "name": "스펜서"},
{"usage": "city", "name": "스프라그"},
{"usage": "city", "name": "스프링필드"},
{"usage": "city", "name": "시드니"},
{"usage": "city", "name": "시르 농장"},
{"usage": "city", "name": "시모어"},
{"usage": "city", "name": "시브룩"},
{"usage": "city", "name": "시어스몬트"},
{"usage": "city", "name": "시어스버그"},
{"usage": "city", "name": "시어스포트"},
{"usage": "city", "name": "시추에이트"},
{"usage": "city", "name": "시콩크"},
{"usage": "city", "name": "심즈버리"},
{"usage": "city", "name": "써리"},
{"usage": "city", "name": "쏜턴"},
{"usage": "city", "name": "아가일"},
{"usage": "city", "name": "아궈웜"},
{"usage": "city", "name": "아담스"},
{"usage": "city", "name": "아울스 헤드"},
{"usage": "city", "name": "아일 라 오트"},
{"usage": "city", "name": "아일 오 호트"},
{"usage": "city", "name": "아일랜드 폴스"},
{"usage": "city", "name": "아일보로"},
{"usage": "city", "name": "아쿠이나"},
{"usage": "city", "name": "아텐스"},
{"usage": "city", "name": "아톨"},
{"usage": "city", "name": "알렉산더"},
{"usage": "city", "name": "알렉산드리어"},
{"usage": "city", "name": "알링턴"},
{"usage": "city", "name": "애슈랜드"},
{"usage": "city", "name": "애슈번햄"},
{"usage": "city", "name": "애슈비"},
{"usage": "city", "name": "애슈포드"},
{"usage": "city", "name": "애슈필드"},
{"usage": "city", "name": "액턴"},
{"usage": "city", "name": "얄머스"},
{"usage": "city", "name": "어룬델"},
{"usage": "city", "name": "어빙"},
{"usage": "city", "name": "어빙턴"},
{"usage": "city", "name": "어큐쉬넷"},
{"usage": "city", "name": "어클쓰"},
{"usage": "city", "name": "어포드"},
{"usage": "city", "name": "어프레드"},
{"usage": "city", "name": "억스브리지"},
{"usage": "city", "name": "언더힐"},
{"usage": "city", "name": "언도버"},
{"usage": "city", "name": "얼버그"},
{"usage": "city", "name": "얼비온"},
{"usage": "city", "name": "업튼"},
{"usage": "city", "name": "에그리몬트"},
{"usage": "city", "name": "에노스버그"},
{"usage": "city", "name": "에덴"},
{"usage": "city", "name": "에드가타운"},
{"usage": "city", "name": "에드문즈"},
{"usage": "city", "name": "에디슨"},
{"usage": "city", "name": "에딘버그"},
{"usage": "city", "name": "에딩턴"},
{"usage": "city", "name": "에로우식"},
{"usage": "city", "name": "에롤"},
{"usage": "city", "name": "에미티"},
{"usage": "city", "name": "에버렛"},
{"usage": "city", "name": "에벗"},
{"usage": "city", "name": "에섹스"},
{"usage": "city", "name": "에이번"},
{"usage": "city", "name": "에이어"},
{"usage": "city", "name": "에지콤"},
{"usage": "city", "name": "에트나"},
{"usage": "city", "name": "에플톤"},
{"usage": "city", "name": "에핑"},
{"usage": "city", "name": "에핑엄"},
{"usage": "city", "name": "엑세터"},
{"usage": "city", "name": "엔소니아"},
{"usage": "city", "name": "엔손"},
{"usage": "city", "name": "엔트림"},
{"usage": "city", "name": "엔필드"},
{"usage": "city", "name": "엘나"},
{"usage": "city", "name": "엘라가쉬"},
{"usage": "city", "name": "엘렌스톤"},
{"usage": "city", "name": "엘리엇"},
{"usage": "city", "name": "엘링턴"},
{"usage": "city", "name": "엘모어"},
{"usage": "city", "name": "엘바니"},
{"usage": "city", "name": "엘스워스"},
{"usage": "city", "name": "엘스티드"},
{"usage": "city", "name": "엘톤"},
{"usage": "city", "name": "엠덴"},
{"usage": "city", "name": "엠스부리"},
{"usage": "city", "name": "엠허스트"},
{"usage": "city", "name": "엡섬"},
{"usage": "city", "name": "엣킨슨"},
{"usage": "city", "name": "엣틀보로"},
{"usage": "city", "name": "오거스타"},
{"usage": "city", "name": "오건큇트"},
{"usage": "city", "name": "오느빌"},
{"usage": "city", "name": "오렌지"},
{"usage": "city", "name": "오로노"},
{"usage": "city", "name": "오로라"},
{"usage": "city", "name": "오르웰"},
{"usage": "city", "name": "오를랜드"},
{"usage": "city", "name": "오를리언스"},
{"usage": "city", "name": "오리엔트"},
{"usage": "city", "name": "오링턴"},
{"usage": "city", "name": "오스본"},
{"usage": "city", "name": "오시피"},
{"usage": "city", "name": "오우번"},
{"usage": "city", "name": "오컴"},
{"usage": "city", "name": "오크 블렆스"},
{"usage": "city", "name": "오크필드"},
{"usage": "city", "name": "오클랜드"},
{"usage": "city", "name": "오티스"},
{"usage": "city", "name": "오티스필드"},
{"usage": "city", "name": "오퍼드"},
{"usage": "city", "name": "옥스보우"},
{"usage": "city", "name": "옥스포드"},
{"usage": "city", "name": "올드 라임"},
{"usage": "city", "name": "올드 세이브룩"},
{"usage": "city", "name": "올드 오챠드 비치"},
{"usage": "city", "name": "올드 타운"},
{"usage": "city", "name": "와이팅"},
{"usage": "city", "name": "와이팅헴"},
{"usage": "city", "name": "왈도"},
{"usage": "city", "name": "왈도보로"},
{"usage": "city", "name": "왈라그라스"},
{"usage": "city", "name": "왈스헴"},
{"usage": "city", "name": "왈폴"},
{"usage": "city", "name": "요크"},
{"usage": "city", "name": "우드버리"},
{"usage": "city", "name": "우드브릿지"},
{"usage": "city", "name": "우드빌"},
{"usage": "city", "name": "우드스탁"},
{"usage": "city", "name": "우드포드"},
{"usage": "city", "name": "우들랜드"},
{"usage": "city", "name": "우번"},
{"usage": "city", "name": "우정"},
{"usage": "city", "name": "운소켓"},
{"usage": "city", "name": "워너"},
{"usage": "city", "name": "워렌"},
{"usage": "city", "name": "워시본"},
{"usage": "city", "name": "워싱턴"},
{"usage": "city", "name": "워윅"},
{"usage": "city", "name": "워즈보로"},
{"usage": "city", "name": "워터버리"},
{"usage": "city", "name": "워터보로"},
{"usage": "city", "name": "워터빌 밸리"},
{"usage": "city", "name": "워터빌"},
{"usage": "city", "name": "워터타운"},
{"usage": "city", "name": "워터포드"},
{"usage": "city", "name": "월든"},
{"usage": "city", "name": "월리치"},
{"usage": "city", "name": "월링포드"},
{"usage": "city", "name": "월스터"},
{"usage": "city", "name": "월싱턴"},
{"usage": "city", "name": "월콧"},
{"usage": "city", "name": "월프보로"},
{"usage": "city", "name": "웨더스필드"},
{"usage": "city", "name": "웨더즈필드"},
{"usage": "city", "name": "웨스터리"},
{"usage": "city", "name": "웨스턴"},
{"usage": "city", "name": "웨스트 가디너"},
{"usage": "city", "name": "웨스트 그린위치"},
{"usage": "city", "name": "웨스트 뉴버리"},
{"usage": "city", "name": "웨스트 럿랜드"},
{"usage": "city", "name": "웨스트 배스"},
{"usage": "city", "name": "웨스트 보일스턴"},
{"usage": "city", "name": "웨스트 브룩필드"},
{"usage": "city", "name": "웨스트 브릿지워터"},
{"usage": "city", "name": "웨스트 스톡브릿지"},
{"usage": "city", "name": "웨스트 스프링필드"},
{"usage": "city", "name": "웨스트 워윅"},
{"usage": "city", "name": "웨스트 윈저"},
{"usage": "city", "name": "웨스트 티스버리"},
{"usage": "city", "name": "웨스트 패리스"},
{"usage": "city", "name": "웨스트 페얼리"},
{"usage": "city", "name": "웨스트 포크스"},
{"usage": "city", "name": "웨스트 하트포드"},
{"usage": "city", "name": "웨스트 헤이븐"},
{"usage": "city", "name": "웨스트맨랜드"},
{"usage": "city", "name": "웨스트모어"},
{"usage": "city", "name": "웨스트모어랜드"},
{"usage": "city", "name": "웨스트민스터"},
{"usage": "city", "name": "웨스트보로우"},
{"usage": "city", "name": "웨스트브룩"},
{"usage": "city", "name": "웨스트우드"},
{"usage": "city", "name": "웨스트포드"},
{"usage": "city", "name": "웨스트포트"},
{"usage": "city", "name": "웨스트필드"},
{"usage": "city", "name": "웨스트햄프턴"},
{"usage": "city", "name": "웨슬리"},
{"usage": "city", "name": "웨아츠필드"},
{"usage": "city", "name": "웨어"},
{"usage": "city", "name": "웨어햄"},
{"usage": "city", "name": "웨이드"},
{"usage": "city", "name": "웨이랜드"},
{"usage": "city", "name": "웨이머스"},
{"usage": "city", "name": "웨이브릿지"},
{"usage": "city", "name": "웨이크필드"},
{"usage": "city", "name": "웨이트"},
{"usage": "city", "name": "웨이틀리"},
{"usage": "city", "name": "웨인"},
{"usage": "city", "name": "웨일즈"},
{"usage": "city", "name": "웬델"},
{"usage": "city", "name": "웬트워스"},
{"usage": "city", "name": "웬헴"},
{"usage": "city", "name": "웰드"},
{"usage": "city", "name": "웰링턴"},
{"usage": "city", "name": "웰스"},
{"usage": "city", "name": "웰즐리"},
{"usage": "city", "name": "웰플릿"},
{"usage": "city", "name": "웹스터 플랜테이션"},
{"usage": "city", "name": "웹스터"},
{"usage": "city", "name": "위누스키"},
{"usage": "city", "name": "위스카셋"},
{"usage": "city", "name": "위어"},
{"usage": "city", "name": "위트니빌"},
{"usage": "city", "name": "윈"},
{"usage": "city", "name": "윈뎀"},
{"usage": "city", "name": "윈스롭"},
{"usage": "city", "name": "윈슬로우"},
{"usage": "city", "name": "윈저 락스"},
{"usage": "city", "name": "윈저"},
{"usage": "city", "name": "윈체스터"},
{"usage": "city", "name": "윈첸던"},
{"usage": "city", "name": "윈터 하버"},
{"usage": "city", "name": "윈터빌 플랜테이션"},
{"usage": "city", "name": "윈터포트"},
{"usage": "city", "name": "윈홀"},
{"usage": "city", "name": "윌락"},
{"usage": "city", "name": "윌리만틱"},
{"usage": "city", "name": "윌리스턴"},
{"usage": "city", "name": "윌리암스버그"},
{"usage": "city", "name": "윌리암스타운"},
{"usage": "city", "name": "윌링턴"},
{"usage": "city", "name": "윌멋"},
{"usage": "city", "name": "윌밍턴"},
{"usage": "city", "name": "윌브라함"},
{"usage": "city", "name": "윌턴"},
{"usage": "city", "name": "유니온"},
{"usage": "city", "name": "유니티"},
{"usage": "city", "name": "유스티스"},
{"usage": "city", "name": "이글 레이크"},
{"usage": "city", "name": "이라"},
{"usage": "city", "name": "이라스버그"},
{"usage": "city", "name": "이스턴"},
{"usage": "city", "name": "이스트 그랜비"},
{"usage": "city", "name": "이스트 그린위치"},
{"usage": "city", "name": "이스트 라임"},
{"usage": "city", "name": "이스트 롱메도우"},
{"usage": "city", "name": "이스트 마키어즈"},
{"usage": "city", "name": "이스트 몬트필리어"},
{"usage": "city", "name": "이스트 밀리노켓"},
{"usage": "city", "name": "이스트 브룩필드"},
{"usage": "city", "name": "이스트 브리지워터"},
{"usage": "city", "name": "이스트 윈저"},
{"usage": "city", "name": "이스트 킹스턴"},
{"usage": "city", "name": "이스트 프로비던스"},
{"usage": "city", "name": "이스트 하트포드"},
{"usage": "city", "name": "이스트 해덤"},
{"usage": "city", "name": "이스트 해븐"},
{"usage": "city", "name": "이스트 햄프턴"},
{"usage": "city", "name": "이스트브룩"},
{"usage": "city", "name": "이스트포드"},
{"usage": "city", "name": "이스트포트"},
{"usage": "city", "name": "이스트햄"},
{"usage": "city", "name": "이스트햄프턴"},
{"usage": "city", "name": "이튼"},
{"usage": "city", "name": "인더스트리"},
{"usage": "city", "name": "입스위치"},
{"usage": "city", "name": "자메이카"},
{"usage": "city", "name": "자유"},
{"usage": "city", "name": "잭맨"},
{"usage": "city", "name": "잭슨"},
{"usage": "city", "name": "제리코"},
{"usage": "city", "name": "제이"},
{"usage": "city", "name": "제임스타운"},
{"usage": "city", "name": "제퍼슨"},
{"usage": "city", "name": "제프리"},
{"usage": "city", "name": "조지아"},
{"usage": "city", "name": "조지타운"},
{"usage": "city", "name": "존스보로"},
{"usage": "city", "name": "존스턴"},
{"usage": "city", "name": "존스포트"},
{"usage": "city", "name": "존슨"},
{"usage": "city", "name": "차이나"},
{"usage": "city", "name": "찰레몬트"},
{"usage": "city", "name": "찰레스턴"},
{"usage": "city", "name": "찰리스타운"},
{"usage": "city", "name": "찰턴"},
{"usage": "city", "name": "채텀"},
{"usage": "city", "name": "채플린"},
{"usage": "city", "name": "챕맨"},
{"usage": "city", "name": "체리필드"},
{"usage": "city", "name": "체셔"},
{"usage": "city", "name": "체스터"},
{"usage": "city", "name": "체스터빌"},
{"usage": "city", "name": "체스터필드"},
{"usage": "city", "name": "첼시"},
{"usage": "city", "name": "쳄스포드"},
{"usage": "city", "name": "치체스터"},
{"usage": "city", "name": "치코피"},
{"usage": "city", "name": "치텐던"},
{"usage": "city", "name": "칠마크"},
{"usage": "city", "name": "카라바셋 벨리"},
{"usage": "city", "name": "카라텅크"},
{"usage": "city", "name": "카르타고"},
{"usage": "city", "name": "카리 플랜테이션"},
{"usage": "city", "name": "카리부"},
{"usage": "city", "name": "카멜"},
{"usage": "city", "name": "카버"},
{"usage": "city", "name": "카봇"},
{"usage": "city", "name": "카스웰"},
{"usage": "city", "name": "카스코"},
{"usage": "city", "name": "칸디아"},
{"usage": "city", "name": "칼라일"},
{"usage": "city", "name": "칼레"},
{"usage": "city", "name": "캄덴"},
{"usage": "city", "name": "캄프튼"},
{"usage": "city", "name": "캅린 플랜테이션Coplin Plantation"},
{"usage": "city", "name": "캐롤 플랜테이션"},
{"usage": "city", "name": "캐롤"},
{"usage": "city", "name": "캐스틴"},
{"usage": "city", "name": "캐슬 힐"},
{"usage": "city", "name": "캐슬턴"},
{"usage": "city", "name": "캐이넌"},
{"usage": "city", "name": "캔톤"},
{"usage": "city", "name": "캠브리지"},
{"usage": "city", "name": "커밍턴"},
{"usage": "city", "name": "커비"},
{"usage": "city", "name": "커싱"},
{"usage": "city", "name": "커틀러"},
{"usage": "city", "name": "컬럼비아 폴스"},
{"usage": "city", "name": "컬럼비아"},
{"usage": "city", "name": "컴벌 랜드"},
{"usage": "city", "name": "케네벙크"},
{"usage": "city", "name": "케네벙크포트"},
{"usage": "city", "name": "케이프 엘리자베스"},
{"usage": "city", "name": "켄덕스키그"},
{"usage": "city", "name": "켄싱턴"},
{"usage": "city", "name": "켄터베리"},
{"usage": "city", "name": "켄트"},
{"usage": "city", "name": "코너"},
{"usage": "city", "name": "코니쉬"},
{"usage": "city", "name": "코디빌 플랜테이션"},
{"usage": "city", "name": "코리나"},
{"usage": "city", "name": "코린스"},
{"usage": "city", "name": "코벤트리"},
{"usage": "city", "name": "코하셋"},
{"usage": "city", "name": "콘빌"},
{"usage": "city", "name": "콘월"},
{"usage": "city", "name": "콘웨이"},
{"usage": "city", "name": "콜레인"},
{"usage": "city", "name": "콜브룩"},
{"usage": "city", "name": "콜체스터"},
{"usage": "city", "name": "콩코드"},
{"usage": "city", "name": "쿠퍼"},
{"usage": "city", "name": "퀸시"},
{"usage": "city", "name": "크라우포드"},
{"usage": "city", "name": "크레프트스베리"},
{"usage": "city", "name": "크렌베리 아이리쉬"},
{"usage": "city", "name": "크렌스턴"},
{"usage": "city", "name": "크로이던"},
{"usage": "city", "name": "크롬웰"},
{"usage": "city", "name": "크리스탈"},
{"usage": "city", "name": "클라렌든"},
{"usage": "city", "name": "클락스버그"},
{"usage": "city", "name": "클락스빌"},
{"usage": "city", "name": "클레어몬트"},
{"usage": "city", "name": "클리프턴"},
{"usage": "city", "name": "클린턴"},
{"usage": "city", "name": "키터리"},
{"usage": "city", "name": "킨"},
{"usage": "city", "name": "킬링리"},
{"usage": "city", "name": "킬링워스"},
{"usage": "city", "name": "킬링턴"},
{"usage": "city", "name": "킹맨"},
{"usage": "city", "name": "킹스버리 플랜테이션"},
{"usage": "city", "name": "킹스턴"},
{"usage": "city", "name": "킹필드"},
{"usage": "city", "name": "타우튼"},
{"usage": "city", "name": "타운샌드"},
{"usage": "city", "name": "타운스핸드"},
{"usage": "city", "name": "타이링헴"},
{"usage": "city", "name": "탈마지"},
{"usage": "city", "name": "탐워스"},
{"usage": "city", "name": "탑스필드"},
{"usage": "city", "name": "탑스햄"},
{"usage": "city", "name": "터너"},
{"usage": "city", "name": "터프튼보로"},
{"usage": "city", "name": "턱스베리"},
{"usage": "city", "name": "턴브릿지"},
{"usage": "city", "name": "템플"},
{"usage": "city", "name": "템플턴"},
{"usage": "city", "name": "텟포드"},
{"usage": "city", "name": "토링턴"},
{"usage": "city", "name": "토마스톤"},
{"usage": "city", "name": "톨랜드"},
{"usage": "city", "name": "톰슨"},
{"usage": "city", "name": "트럼벨"},
{"usage": "city", "name": "트레몬트"},
{"usage": "city", "name": "트레스콧"},
{"usage": "city", "name": "트렌턴"},
{"usage": "city", "name": "트로이"},
{"usage": "city", "name": "트루로"},
{"usage": "city", "name": "티버튼"},
{"usage": "city", "name": "티즈버리"},
{"usage": "city", "name": "틴마우스"},
{"usage": "city", "name": "틸턴"},
{"usage": "city", "name": "팅스버러"},
{"usage": "city", "name": "파리"},
{"usage": "city", "name": "파밍데일"},
{"usage": "city", "name": "파밍튼"},
{"usage": "city", "name": "파사덤키"},
{"usage": "city", "name": "파슨스필드"},
{"usage": "city", "name": "파이에트"},
{"usage": "city", "name": "파크맨"},
{"usage": "city", "name": "판톤"},
{"usage": "city", "name": "팔레르모"},
{"usage": "city", "name": "팔마이라"},
{"usage": "city", "name": "팔머"},
{"usage": "city", "name": "패튼"},
{"usage": "city", "name": "팩스턴"},
{"usage": "city", "name": "팰머스"},
{"usage": "city", "name": "팸브로크"},
{"usage": "city", "name": "퍼널"},
{"usage": "city", "name": "퍼킨스"},
{"usage": "city", "name": "퍼터킷"},
{"usage": "city", "name": "퍼햄"},
{"usage": "city", "name": "페놉스콧"},
{"usage": "city", "name": "페루"},
{"usage": "city", "name": "페리"},
{"usage": "city", "name": "페리스버그"},
{"usage": "city", "name": "페어 해븐"},
{"usage": "city", "name": "페어리"},
{"usage": "city", "name": "페어팩스"},
{"usage": "city", "name": "페어필드"},
{"usage": "city", "name": "페어해븐"},
{"usage": "city", "name": "페이스턴"},
{"usage": "city", "name": "페퍼렐"},
{"usage": "city", "name": "펠햄"},
{"usage": "city", "name": "포레스트 시티"},
{"usage": "city", "name": "포를릿"},
{"usage": "city", "name": "포머 타운즈:"},
{"usage": "city", "name": "포스터"},
{"usage": "city", "name": "포츠머스"},
{"usage": "city", "name": "포크"},
{"usage": "city", "name": "포터"},
{"usage": "city", "name": "포테지 레이크"},
{"usage": "city", "name": "포트 켄트"},
{"usage": "city", "name": "포트 페어필드"},
{"usage": "city", "name": "포틀랜드"},
{"usage": "city", "name": "폭스버러"},
{"usage": "city", "name": "폴 리버"},
{"usage": "city", "name": "폴란드"},
{"usage": "city", "name": "폴트니"},
{"usage": "city", "name": "폼프렛"},
{"usage": "city", "name": "풋남"},
{"usage": "city", "name": "풋니"},
{"usage": "city", "name": "프라이 아일랜드"},
{"usage": "city", "name": "프라이버그"},
{"usage": "city", "name": "프랑코니아"},
{"usage": "city", "name": "프랜시스타운"},
{"usage": "city", "name": "프랭크포트"},
{"usage": "city", "name": "프랭클린"},
{"usage": "city", "name": "프레스콧"},
{"usage": "city", "name": "프레스크 아일"},
{"usage": "city", "name": "프레스턴"},
{"usage": "city", "name": "프레이밍햄"},
{"usage": "city", "name": "프렌치버로"},
{"usage": "city", "name": "프렌치빌"},
{"usage": "city", "name": "프렌티스"},
{"usage": "city", "name": "프로비던스"},
{"usage": "city", "name": "프로빈스타운"},
{"usage": "city", "name": "프로스펙트"},
{"usage": "city", "name": "프록터"},
{"usage": "city", "name": "프리덤"},
{"usage": "city", "name": "프리먼"},
{"usage": "city", "name": "프리몬트"},
{"usage": "city", "name": "프리타운"},
{"usage": "city", "name": "프리포트"},
{"usage": "city", "name": "프린스턴"},
{"usage": "city", "name": "플레이스토우"},
{"usage": "city", "name": "플레인빌"},
{"usage": "city", "name": "플레인필드"},
{"usage": "city", "name": "플레쳐"},
{"usage": "city", "name": "플로리다"},
{"usage": "city", "name": "플리머스"},
{"usage": "city", "name": "플리전트 릿지 플렌테이션"},
{"usage": "city", "name": "플림턴"},
{"usage": "city", "name": "피바디"},
{"usage": "city", "name": "피에르몬트"},
{"usage": "city", "name": "피챔"},
{"usage": "city", "name": "피츠윌리엄"},
{"usage": "city", "name": "피치버그"},
{"usage": "city", "name": "피터보로"},
{"usage": "city", "name": "피터샘"},
{"usage": "city", "name": "필립"},
{"usage": "city", "name": "필립스턴"},
{"usage": "city", "name": "핍스버그"},
{"usage": "city", "name": "핏츠버그"},
{"usage": "city", "name": "핏츠턴"},
{"usage": "city", "name": "핏츠포드"},
{"usage": "city", "name": "핏츠필드"},
{"usage": "city", "name": "하노버"},
{"usage": "city", "name": "하드윅"},
{"usage": "city", "name": "하모니"},
{"usage": "city", "name": "하버드"},
{"usage": "city", "name": "하버드스턴"},
{"usage": "city", "name": "하버드턴"},
{"usage": "city", "name": "하울랜드"},
{"usage": "city", "name": "하위치"},
{"usage": "city", "name": "하윈턴"},
{"usage": "city", "name": "하이게이트"},
{"usage": "city", "name": "하이드 공원"},
{"usage": "city", "name": "하이랜드 대농장"},
{"usage": "city", "name": "하이럼"},
{"usage": "city", "name": "하인즈버그"},
{"usage": "city", "name": "하츠 로케이션"},
{"usage": "city", "name": "하트랜드"},
{"usage": "city", "name": "하트포드"},
{"usage": "city", "name": "하프스웰"},
{"usage": "city", "name": "할로웰"},
{"usage": "city", "name": "할리팩스"},
{"usage": "city", "name": "해덤"},
{"usage": "city", "name": "해들리"},
{"usage": "city", "name": "해리스빌"},
{"usage": "city", "name": "해리슨"},
{"usage": "city", "name": "해링턴"},
{"usage": "city", "name": "해몬드"},
{"usage": "city", "name": "해밀턴"},
{"usage": "city", "name": "해이버힐"},
{"usage": "city", "name": "해트필드"},
{"usage": "city", "name": "핸슨"},
{"usage": "city", "name": "핸콕"},
{"usage": "city", "name": "햄덴"},
{"usage": "city", "name": "햄린"},
{"usage": "city", "name": "햄스테드"},
{"usage": "city", "name": "햄프덴"},
{"usage": "city", "name": "햄프턴 폴스"},
{"usage": "city", "name": "햄프턴"},
{"usage": "city", "name": "허드슨"},
{"usage": "city", "name": "허리케인 섬"},
{"usage": "city", "name": "허먼"},
{"usage": "city", "name": "허시"},
{"usage": "city", "name": "허지든"},
{"usage": "city", "name": "헌팅턴"},
{"usage": "city", "name": "헤브론"},
{"usage": "city", "name": "헤인즈빌"},
{"usage": "city", "name": "헨니커"},
{"usage": "city", "name": "호프"},
{"usage": "city", "name": "호프데일"},
{"usage": "city", "name": "홀더니스"},
{"usage": "city", "name": "홀덴"},
{"usage": "city", "name": "홀랜드"},
{"usage": "city", "name": "홀리"},
{"usage": "city", "name": "홀리스"},
{"usage": "city", "name": "홀리스턴"},
{"usage": "city", "name": "홀리요크"},
{"usage": "city", "name": "홀브룩"},
{"usage": "city", "name": "홉킨턴"},
{"usage": "city", "name": "화이트필드"},
{"usage": "city", "name": "후크세트"},
{"usage": "city", "name": "훌"},
{"usage": "city", "name": "훌턴"},
{"usage": "city", "name": "휘트먼"},
{"usage": "city", "name": "히스"},
{"usage": "city", "name": "힌스데일"},
{"usage": "city", "name": "힐"},
{"usage": "city", "name": "힐스버러"},
{"usage": "city", "name": "힝햄"},
{"usage": "family", "gender": "unisex", "name": "가르시아"},
{"usage": "family", "gender": "unisex", "name": "곤잘레스"},
{"usage": "family", "gender": "unisex", "name": "곤잘레스"},
{"usage": "family", "gender": "unisex", "name": "그레이"},
{"usage": "family", "gender": "unisex", "name": "그리핀"},
{"usage": "family", "gender": "unisex", "name": "그린"},
{"usage": "family", "gender": "unisex", "name": "나키야"},
{"usage": "family", "gender": "unisex", "name": "넬손"},
{"usage": "family", "gender": "unisex", "name": "데이비스"},
{"usage": "family", "gender": "unisex", "name": "디아즈"},
{"usage": "family", "gender": "unisex", "name": "라미레즈"},
{"usage": "family", "gender": "unisex", "name": "라이트"},
{"usage": "family", "gender": "unisex", "name": "러쎌"},
{"usage": "family", "gender": "unisex", "name": "레위스"},
{"usage": "family", "gender": "unisex", "name": "로거스"},
{"usage": "family", "gender": "unisex", "name": "로드리게즈"},
{"usage": "family", "gender": "unisex", "name": "로버트즈"},
{"usage": "family", "gender": "unisex", "name": "로빈슨"},
{"usage": "family", "gender": "unisex", "name": "로스"},
{"usage": "family", "gender": "unisex", "name": "로페즈"},
{"usage": "family", "gender": "unisex", "name": "롱"},
{"usage": "family", "gender": "unisex", "name": "리"},
{"usage": "family", "gender": "unisex", "name": "리드"},
{"usage": "family", "gender": "unisex", "name": "리버라"},
{"usage": "family", "gender": "unisex", "name": "리차드손"},
{"usage": "family", "gender": "unisex", "name": "마틴"},
{"usage": "family", "gender": "unisex", "name": "마틴즈"},
{"usage": "family", "gender": "unisex", "name": "머피"},
{"usage": "family", "gender": "unisex", "name": "모건"},
{"usage": "family", "gender": "unisex", "name": "모리스"},
{"usage": "family", "gender": "unisex", "name": "무어"},
{"usage": "family", "gender": "unisex", "name": "미췔"},
{"usage": "family", "gender": "unisex", "name": "밀러"},
{"usage": "family", "gender": "unisex", "name": "반 와일드"},
{"usage": "family", "gender": "unisex", "name": "반즈"},
{"usage": "family", "gender": "unisex", "name": "버틀러"},
{"usage": "family", "gender": "unisex", "name": "베넷"},
{"usage": "family", "gender": "unisex", "name": "베이커"},
{"usage": "family", "gender": "unisex", "name": "베일리"},
{"usage": "family", "gender": "unisex", "name": "벨"},
{"usage": "family", "gender": "unisex", "name": "브라운"},
{"usage": "family", "gender": "unisex", "name": "브라이언트"},
{"usage": "family", "gender": "unisex", "name": "브룩스"},
{"usage": "family", "gender": "unisex", "name": "산체스"},
{"usage": "family", "gender": "unisex", "name": "센더스"},
{"usage": "family", "gender": "unisex", "name": "스미스"},
{"usage": "family", "gender": "unisex", "name": "스캇"},
{"usage": "family", "gender": "unisex", "name": "스튜아트"},
{"usage": "family", "gender": "unisex", "name": "시몬스"},
{"usage": "family", "gender": "unisex", "name": "아담스"},
{"usage": "family", "gender": "unisex", "name": "알렉산더"},
{"usage": "family", "gender": "unisex", "name": "알렌"},
{"usage": "family", "gender": "unisex", "name": "앤더슨"},
{"usage": "family", "gender": "unisex", "name": "에드워드"},
{"usage": "family", "gender": "unisex", "name": "에반스"},
{"usage": "family", "gender": "unisex", "name": "영"},
{"usage": "family", "gender": "unisex", "name": "왓슨"},
{"usage": "family", "gender": "unisex", "name": "우드"},
{"usage": "family", "gender": "unisex", "name": "워드"},
{"usage": "family", "gender": "unisex", "name": "워싱턴"},
{"usage": "family", "gender": "unisex", "name": "워커"},
{"usage": "family", "gender": "unisex", "name": "웨스트"},
{"usage": "family", "gender": "unisex", "name": "윌리엄스"},
{"usage": "family", "gender": "unisex", "name": "윌슨"},
{"usage": "family", "gender": "unisex", "name": "잭슨"},
{"usage": "family", "gender": "unisex", "name": "제임스"},
{"usage": "family", "gender": "unisex", "name": "젠킨슨"},
{"usage": "family", "gender": "unisex", "name": "존스"},
{"usage": "family", "gender": "unisex", "name": "존슨"},
{"usage": "family", "gender": "unisex", "name": "카이코"},
{"usage": "family", "gender": "unisex", "name": "카터"},
{"usage": "family", "gender": "unisex", "name": "켈리"},
{"usage": "family", "gender": "unisex", "name": "켐벨"},
{"usage": "family", "gender": "unisex", "name": "콕스"},
{"usage": "family", "gender": "unisex", "name": "콜린"},
{"usage": "family", "gender": "unisex", "name": "콜맨"},
{"usage": "family", "gender": "unisex", "name": "쿠퍼"},
{"usage": "family", "gender": "unisex", "name": "쿡"},
{"usage": "family", "gender": "unisex", "name": "클라크"},
{"usage": "family", "gender": "unisex", "name": "킹"},
{"usage": "family", "gender": "unisex", "name": "타일러"},
{"usage": "family", "gender": "unisex", "name": "터너"},
{"usage": "family", "gender": "unisex", "name": "토레스"},
{"usage": "family", "gender": "unisex", "name": "토마스"},
{"usage": "family", "gender": "unisex", "name": "톰슨"},
{"usage": "family", "gender": "unisex", "name": "파커"},
{"usage": "family", "gender": "unisex", "name": "페레즈"},
{"usage": "family", "gender": "unisex", "name": "페리"},
{"usage": "family", "gender": "unisex", "name": "페터슨"},
{"usage": "family", "gender": "unisex", "name": "포스터"},
{"usage": "family", "gender": "unisex", "name": "포웰"},
{"usage": "family", "gender": "unisex", "name": "프라이스"},
{"usage": "family", "gender": "unisex", "name": "플로레스"},
{"usage": "family", "gender": "unisex", "name": "피터슨"},
{"usage": "family", "gender": "unisex", "name": "필립"},
{"usage": "family", "gender": "unisex", "name": "하워드"},
{"usage": "family", "gender": "unisex", "name": "해리스"},
{"usage": "family", "gender": "unisex", "name": "헤르난데스"},
{"usage": "family", "gender": "unisex", "name": "헤이즈"},
{"usage": "family", "gender": "unisex", "name": "헨더슨"},
{"usage": "family", "gender": "unisex", "name": "홀"},
{"usage": "family", "gender": "unisex", "name": "화이트"},
{"usage": "family", "gender": "unisex", "name": "휴즈"},
{"usage": "family", "gender": "unisex", "name": "힐"},
{"usage": "given", "gender": "female", "name": "가브리엘"},
{"usage": "given", "gender": "female", "name": "가브리엘라"},
{"usage": "given", "gender": "female", "name": "그레이스"},
{"usage": "given", "gender": "female", "name": "그레이시"},
{"usage": "given", "gender": "female", "name": "나스키"},
{"usage": "given", "gender": "female", "name": "나탈리"},
{"usage": "given", "gender": "female", "name": "누쿠"},
{"usage": "given", "gender": "female", "name": "니베"},
{"usage": "given", "gender": "female", "name": "데스티니"},
{"usage": "given", "gender": "female", "name": "라일리"},
{"usage": "given", "gender": "female", "name": "라췔"},
{"usage": "given", "gender": "female", "name": "레아"},
{"usage": "given", "gender": "female", "name": "레일라"},
{"usage": "given", "gender": "female", "name": "로렌"},
{"usage": "given", "gender": "female", "name": "릴리"},
{"usage": "given", "gender": "female", "name": "릴리언"},
{"usage": "given", "gender": "female", "name": "마리"},
{"usage": "given", "gender": "female", "name": "마리아"},
{"usage": "given", "gender": "female", "name": "마리아"},
{"usage": "given", "gender": "female", "name": "마야"},
{"usage": "given", "gender": "female", "name": "마켈라"},
{"usage": "given", "gender": "female", "name": "맬라니"},
{"usage": "given", "gender": "female", "name": "메건"},
{"usage": "given", "gender": "female", "name": "메델린"},
{"usage": "given", "gender": "female", "name": "메들린"},
{"usage": "given", "gender": "female", "name": "메디슨"},
{"usage": "given", "gender": "female", "name": "모건"},
{"usage": "given", "gender": "female", "name": "미아"},
{"usage": "given", "gender": "female", "name": "바네사"},
{"usage": "given", "gender": "female", "name": "발레리아"},
{"usage": "given", "gender": "female", "name": "베일리"},
{"usage": "given", "gender": "female", "name": "브룩"},
{"usage": "given", "gender": "female", "name": "브룩클린"},
{"usage": "given", "gender": "female", "name": "브리아나"},
{"usage": "given", "gender": "female", "name": "빅토리아"},
{"usage": "given", "gender": "female", "name": "사라"},
{"usage": "given", "gender": "female", "name": "사라"},
{"usage": "given", "gender": "female", "name": "사만타"},
{"usage": "given", "gender": "female", "name": "사바나"},
{"usage": "given", "gender": "female", "name": "샬롯"},
{"usage": "given", "gender": "female", "name": "소피"},
{"usage": "given", "gender": "female", "name": "소피아"},
{"usage": "given", "gender": "female", "name": "시드니"},
{"usage": "given", "gender": "female", "name": "아나"},
{"usage": "given", "gender": "female", "name": "아리아나"},
{"usage": "given", "gender": "female", "name": "아리안나"},
{"usage": "given", "gender": "female", "name": "아멜리아"},
{"usage": "given", "gender": "female", "name": "아베리"},
{"usage": "given", "gender": "female", "name": "아비게일"},
{"usage": "given", "gender": "female", "name": "아이자와"},
{"usage": "given", "gender": "female", "name": "아키코"},
{"usage": "given", "gender": "female", "name": "안드레아"},
{"usage": "given", "gender": "female", "name": "안젤리나"},
{"usage": "given", "gender": "female", "name": "알렉사"},
{"usage": "given", "gender": "female", "name": "알렉산드라"},
{"usage": "given", "gender": "female", "name": "알렉시아"},
{"usage": "given", "gender": "female", "name": "알리사"},
{"usage": "given", "gender": "female", "name": "알리야"},
{"usage": "given", "gender": "female", "name": "애쉴리"},
{"usage": "given", "gender": "female", "name": "어텀"},
{"usage": "given", "gender": "female", "name": "에디슨"},
{"usage": "given", "gender": "female", "name": "에밀리"},
{"usage": "given", "gender": "female", "name": "에바"},
{"usage": "given", "gender": "female", "name": "에블린"},
{"usage": "given", "gender": "female", "name": "엘라"},
{"usage": "given", "gender": "female", "name": "엘리슨"},
{"usage": "given", "gender": "female", "name": "엘리자베스"},
{"usage": "given", "gender": "female", "name": "엠마"},
{"usage": "given", "gender": "female", "name": "오드리"},
{"usage": "given", "gender": "female", "name": "오브리"},
{"usage": "given", "gender": "female", "name": "올리비아"},
{"usage": "given", "gender": "female", "name": "유키"},
{"usage": "given", "gender": "female", "name": "이사벨"},
{"usage": "given", "gender": "female", "name": "이사벨"},
{"usage": "given", "gender": "female", "name": "이사벨라"},
{"usage": "given", "gender": "female", "name": "재스민"},
{"usage": "given", "gender": "female", "name": "제니퍼"},
{"usage": "given", "gender": "female", "name": "제시"},
{"usage": "given", "gender": "female", "name": "제시카"},
{"usage": "given", "gender": "female", "name": "젠"},
{"usage": "given", "gender": "female", "name": "조셀린"},
{"usage": "given", "gender": "female", "name": "조이"},
{"usage": "given", "gender": "female", "name": "조이"},
{"usage": "given", "gender": "female", "name": "줄리아"},
{"usage": "given", "gender": "female", "name": "지노시스"},
{"usage": "given", "gender": "female", "name": "지안나"},
{"usage": "given", "gender": "female", "name": "카밀라"},
{"usage": "given", "gender": "female", "name": "카일리"},
{"usage": "given", "gender": "female", "name": "카텔린"},
{"usage": "given", "gender": "female", "name": "캐롤라인"},
{"usage": "given", "gender": "female", "name": "케이틀린"},
{"usage": "given", "gender": "female", "name": "케일라"},
{"usage": "given", "gender": "female", "name": "케일리"},
{"usage": "given", "gender": "female", "name": "케티"},
{"usage": "given", "gender": "female", "name": "클레어"},
{"usage": "given", "gender": "female", "name": "클로에"},
{"usage": "given", "gender": "female", "name": "킬벌리"},
{"usage": "given", "gender": "female", "name": "킴"},
{"usage": "given", "gender": "female", "name": "트리니티"},
{"usage": "given", "gender": "female", "name": "페이지"},
{"usage": "given", "gender": "female", "name": "페이턴"},
{"usage": "given", "gender": "female", "name": "페이트"},
{"usage": "given", "gender": "female", "name": "헤나"},
{"usage": "given", "gender": "female", "name": "헤더"},
{"usage": "given", "gender": "female", "name": "헤일리"},
{"usage": "given", "gender": "female", "name": "히카리"},
{"usage": "given", "gender": "male", "name": "가브리엘"},
{"usage": "given", "gender": "male", "name": "개빈"},
{"usage": "given", "gender": "male", "name": "겐도"},
{"usage": "given", "gender": "male", "name": "교수키"},
{"usage": "given", "gender": "male", "name": "나다니엘"},
{"usage": "given", "gender": "male", "name": "나단"},
{"usage": "given", "gender": "male", "name": "노아"},
{"usage": "given", "gender": "male", "name": "니콜라스"},
{"usage": "given", "gender": "male", "name": "다니엘"},
{"usage": "given", "gender": "male", "name": "다이스키"},
{"usage": "given", "gender": "male", "name": "데이비드"},
{"usage": "given", "gender": "male", "name": "도미닉"},
{"usage": "given", "gender": "male", "name": "디에고"},
{"usage": "given", "gender": "male", "name": "딜런"},
{"usage": "given", "gender": "male", "name": "란"},
{"usage": "given", "gender": "male", "name": "랸"},
{"usage": "given", "gender": "male", "name": "렌던"},
{"usage": "given", "gender": "male", "name": "로겐"},
{"usage": "given", "gender": "male", "name": "로버트"},
{"usage": "given", "gender": "male", "name": "루이스"},
{"usage": "given", "gender": "male", "name": "루카스"},
{"usage": "given", "gender": "male", "name": "류크"},
{"usage": "given", "gender": "male", "name": "리엠"},
{"usage": "given", "gender": "male", "name": "마손"},
{"usage": "given", "gender": "male", "name": "마이클"},
{"usage": "given", "gender": "male", "name": "매튜"},
{"usage": "given", "gender": "male", "name": "벤자민"},
{"usage": "given", "gender": "male", "name": "브라이언"},
{"usage": "given", "gender": "male", "name": "브라이언"},
{"usage": "given", "gender": "male", "name": "브레디"},
{"usage": "given", "gender": "male", "name": "브레이든"},
{"usage": "given", "gender": "male", "name": "브렌든"},
{"usage": "given", "gender": "male", "name": "브로디"},
{"usage": "given", "gender": "male", "name": "블레이크"},
{"usage": "given", "gender": "male", "name": "사바스티안"},
{"usage": "given", "gender": "male", "name": "션"},
{"usage": "given", "gender": "male", "name": "싸무엘"},
{"usage": "given", "gender": "male", "name": "아담"},
{"usage": "given", "gender": "male", "name": "아론"},
{"usage": "given", "gender": "male", "name": "아이단"},
{"usage": "given", "gender": "male", "name": "아이덴"},
{"usage": "given", "gender": "male", "name": "아이작"},
{"usage": "given", "gender": "male", "name": "알렉산더"},
{"usage": "given", "gender": "male", "name": "알렉스"},
{"usage": "given", "gender": "male", "name": "앤드류"},
{"usage": "given", "gender": "male", "name": "앤소니"},
{"usage": "given", "gender": "male", "name": "에단"},
{"usage": "given", "gender": "male", "name": "에릭"},
{"usage": "given", "gender": "male", "name": "에반"},
{"usage": "given", "gender": "male", "name": "에번"},
{"usage": "given", "gender": "male", "name": "에이드리안"},
{"usage": "given", "gender": "male", "name": "에이든"},
{"usage": "given", "gender": "male", "name": "엔젤"},
{"usage": "given", "gender": "male", "name": "엘리"},
{"usage": "given", "gender": "male", "name": "오스틴"},
{"usage": "given", "gender": "male", "name": "오웬"},
{"usage": "given", "gender": "male", "name": "와이어트"},
{"usage": "given", "gender": "male", "name": "윌리엄"},
{"usage": "given", "gender": "male", "name": "이사야"},
{"usage": "given", "gender": "male", "name": "일라이자"},
{"usage": "given", "gender": "male", "name": "자비엘"},
{"usage": "given", "gender": "male", "name": "재커리"},
{"usage": "given", "gender": "male", "name": "잭"},
{"usage": "given", "gender": "male", "name": "잭슨"},
{"usage": "given", "gender": "male", "name": "저스틴"},
{"usage": "given", "gender": "male", "name": "제레미"},
{"usage": "given", "gender": "male", "name": "제이든"},
{"usage": "given", "gender": "male", "name": "제이든"},
{"usage": "given", "gender": "male", "name": "제이슨"},
{"usage": "given", "gender": "male", "name": "제이콥"},
{"usage": "given", "gender": "male", "name": "제임스"},
{"usage": "given", "gender": "male", "name": "조나단"},
{"usage": "given", "gender": "male", "name": "조단"},
{"usage": "given", "gender": "male", "name": "조셉"},
{"usage": "given", "gender": "male", "name": "조슈아"},
{"usage": "given", "gender": "male", "name": "조시"},
{"usage": "given", "gender": "male", "name": "조시어"},
{"usage": "given", "gender": "male", "name": "존"},
{"usage": "given", "gender": "male", "name": "줄리안"},
{"usage": "given", "gender": "male", "name": "지져스"},
{"usage": "given", "gender": "male", "name": "찰스"},
{"usage": "given", "gender": "male", "name": "체이스"},
{"usage": "given", "gender": "male", "name": "카덴"},
{"usage": "given", "gender": "male", "name": "카를로스"},
{"usage": "given", "gender": "male", "name": "카메론"},
{"usage": "given", "gender": "male", "name": "카슨"},
{"usage": "given", "gender": "male", "name": "카일"},
{"usage": "given", "gender": "male", "name": "카터"},
{"usage": "given", "gender": "male", "name": "칼렙"},
{"usage": "given", "gender": "male", "name": "케빈"},
{"usage": "given", "gender": "male", "name": "케이든"},
{"usage": "given", "gender": "male", "name": "케이타"},
{"usage": "given", "gender": "male", "name": "코너"},
{"usage": "given", "gender": "male", "name": "콜"},
{"usage": "given", "gender": "male", "name": "콜턴"},
{"usage": "given", "gender": "male", "name": "쿠퍼"},
{"usage": "given", "gender": "male", "name": "크리스토퍼"},
{"usage": "given", "gender": "male", "name": "크리스티안"},
{"usage": "given", "gender": "male", "name": "키라"},
{"usage": "given", "gender": "male", "name": "타일러"},
{"usage": "given", "gender": "male", "name": "타케우치"},
{"usage": "given", "gender": "male", "name": "토마스"},
{"usage": "given", "gender": "male", "name": "트리스탄"},
{"usage": "given", "gender": "male", "name": "헌터"},
{"usage": "given", "gender": "male", "name": "헤이던"},
{"usage": "given", "gender": "male", "name": "헨리"},
{"usage": "given", "gender": "male", "name": "후안"}
]
