[
    {
        "type" : "mapgen",
        "om_terrain" : ["bandit_camp_1"],
        "method": "json",
        "weight": 250,
        "object": {
            "fill_ter": "t_dirt",
            "rows": [
                ",,,,,,,,$,,,%,,$,,,,,,,,",
                ",,,$,,,,,,,,,,,,,,$,,,$,",
                ",,,,/,/%$,%/,$//,,,,/,,,",
                ",$,///,,//,,//,,//,,%,/$",
                ",//,,$//,/,///////,/////",
                ",,%////////,/,/,////////",
                ",,/,///#####////////////",
                ",%$//,/#K..#############",
                ",,,//,/#K...r#zzz.....#d",
                ",$/////#K...r#.z......+.",
                ",//%,//##r..r#...hh...#.",
                ",,/,////#r..##..hnnh..##",
                ",,,,,///#r.....hnnnnh...",
                ",/,$/,//#r.....hnnnnh...",
                "%,/,////#r......hnnh....",
                ",,,/,///#r..##...hh...##",
                "$,/,///##r..r#........#h",
                ",////,/#zz..r#zz......#h",
                ",,,%//,#....r#zz......#h",
                "///,///#rrr######++#####",
                ",$,,///#####/zz//////zzz",
                ",//,/////P////////////z/",
                ",,,///,//P//WWWWW///////",
                ",%,4//,//P//WwwwW////WWW"
            ],
            "place_groups": [
                { "item": "stash_wood", "chance": 85,  "x": [ 12,12 ], "y": [ 8,10 ] },
                { "item": "dresser", "chance": 85,  "x": [ 23,23 ], "y": [ 8,8 ] },
                { "item": "home_hw", "chance": 85,  "x": [ 12,12 ], "y": [ 16,18 ] },
                { "item": "home_hw", "chance": 85,  "x": [ 21,23 ], "y": [ 20,20 ] },
                { "item": "home_hw", "chance": 80,  "x": [ 22,22 ], "y": [ 21,21 ] },
                { "item": "cannedfood", "chance": 90,  "x": [ 9,9 ], "y": [ 10,16 ] },
                { "item": "cannedfood", "chance": 90,  "x": [ 14,16 ], "y": [ 8,8 ] },
                { "item": "pasta", "chance": 90,  "x": [ 8,10 ], "y": [ 19,19 ] },
                { "item": "camping", "chance": 75,  "x": [ 8,10 ], "y": [ 13,13 ] },
                { "item": "camping", "chance": 75,  "x": [ 8,9 ], "y": [ 17,18 ] },
                { "item": "electronics", "chance": 75,  "x": [ 23,23 ], "y": [ 16,18 ] }
            ],
            "place_specials": [
                { "type": "npc", "class": "bandit", "x": 15, "y": 13 },
                { "type": "npc", "class": "bandit", "x": 20, "y": 12 },
                { "type": "npc", "class": "thug", "x": 20, "y": 20 }
            ],
            "set": [
                { "point": "trap", "id": "tr_landmine_buried", "x": [ 7, 23 ], "y": [ 2, 5 ], "repeat": [ 2, 6 ] },
                { "point": "trap", "id": "tr_landmine_buried", "x": [ 2, 6 ], "y": [ 2, 23 ], "repeat": [ 2, 6 ] },
                { "point": "trap", "id": "tr_rollmat", "x": 13, "y": 23},
                { "point": "trap", "id": "tr_rollmat", "x": 14, "y": 23}
            ],
            "terrain": {
                "/": "t_dirt",
                ".": "t_rock_floor",
                ",": "t_grass",
                "%": "t_shrub",
                "#": "t_wall_log",
                "+": "t_door_c",
                "P": "t_palisade",
                "p":  "t_palisade_gate",
                "x":  "t_palisade_pulley",
                "@": "t_dirtfloor",
                "b": "t_dirtfloor",
                "c": "t_dirtfloor",
                "d": "t_dirtfloor",
                "h": "t_dirtfloor",
                "K": "t_dirtfloor",
                "L": "t_dirtfloor",
                "n": "t_dirtfloor",
                "o": "t_dirtfloor",
                "r": "t_dirtfloor",
                "S": "t_dirtfloor",
                "T": "t_dirtfloor",
                "W": "t_dirt",
                "w": "t_dirt",
                "C": "t_dirt",
                "z": "t_dirt"
            },
            "furniture": {
                "@": "f_bed",
                "b": "f_bench",
                "c": "f_counter",
                "d": "f_dresser",
                "h": "f_chair",
                "K": "f_wood_keg",
                "L": "f_locker",
                "n": "f_table",
                "o": "f_bookcase",
                "r": "f_rack",
                "S": "f_sink",
                "T": "f_toilet",
                "W": "f_large_canvas_wall",
                "w": "f_large_groundsheet",
                "C": "f_center_groundsheet",
                "z": "f_crate_c"
            }
        }
    },{
        "type" : "mapgen",
        "om_terrain" : ["bandit_camp_2"],
        "method": "json",
        "weight": 250,
        "object": {
            "fill_ter": "t_dirt",
            "rows": [
                "%,,,$,,,$,,,$,,,,,,,$,,%",
                ",,$,,,,%,,,,,,,$,,,,,,,,",
                ",,//,,,,//%,,/,/,,%,/,$,",
                "/,,,,,$,,,//,$,,/,,//,,,",
                "////,/,/////,,//////$,,,",
                "///////,//,/////////,/,,",
                "#####///,/////////,,,,,,",
                "#.@@#/////////###///,/,,",
                "..@@#PPPPPPPPP###////,,%",
                "....#/////////###/,/$,,,",
                ".dd##//////////P//,//,,$",
                "####/////WWWWW/P///,/,,,",
                "...#/////WwwwW/P////,,/,",
                "...+//////wCwW/P////,$,/",
                "...#/////WwwwW/P/////,,%",
                "..##/////WWWWW/P///$/,,,",
                "...##//////////P//,/,,,,",
                "n..h#/////WWWW/P//,/,,/,",
                "..nh#/////WCwW/P,//,$,,,",
                "#hhh#/////WwwW/P/,//,/,,",
                "#####/////W/WW/##///,%,,",
                "///////////////##/////,$",
                "/////////////////,,/,/,,",
                "WW//////////////////,,,,"
            ],
            "place_groups": [
                { "item": "bed", "chance": 80,  "x": [2,3], "y": [7,8 ] },
                { "item": "dresser", "chance": 75,  "x": [ 1,2 ], "y": [ 10,10 ] },
                { "item": "home_hw", "chance": 75,  "x": [ 3,3 ], "y": [ 17,19 ] },
                { "item": "electronics", "chance": 75,  "x": [ 1,2 ], "y": [ 19,19 ] }
            ],
            "place_specials": [
                { "type": "npc", "class": "bandit", "x": 11, "y": 13 },
                { "type": "npc", "class": "bandit", "x": 15, "y": 22 }
            ],
            "set": [
                { "point": "trap", "id": "tr_landmine_buried", "x": [ 0, 16 ], "y": [ 2, 5 ], "repeat": [ 2, 6 ] },
                { "point": "trap", "id": "tr_landmine_buried", "x": [ 17, 21 ], "y": [ 2, 21 ], "repeat": [ 2, 6 ] },
                { "point": "trap", "id": "tr_cot", "x": 12, "y": 18},
                { "point": "trap", "id": "tr_cot", "x": 12, "y": 19},
                { "point": "trap", "id": "tr_rollmat", "x": 11, "y": 14},
                { "point": "trap", "id": "tr_rollmat", "x": 12, "y": 14},
                { "point": "trap", "id": "tr_rollmat", "x": 11, "y": 12},
                { "point": "trap", "id": "tr_rollmat", "x": 12, "y": 12}
            ],
            "terrain": {
                "/": "t_dirt",
                ".": "t_rock_floor",
                ",": "t_grass",
                "%": "t_shrub",
                "#": "t_wall_log",
                "+": "t_door_c",
                "P": "t_palisade",
                "p":  "t_palisade_gate",
                "x":  "t_palisade_pulley",
                "@": "t_dirtfloor",
                "b": "t_dirtfloor",
                "c": "t_dirtfloor",
                "d": "t_dirtfloor",
                "h": "t_dirtfloor",
                "K": "t_dirtfloor",
                "L": "t_dirtfloor",
                "n": "t_dirtfloor",
                "o": "t_dirtfloor",
                "r": "t_dirtfloor",
                "S": "t_dirtfloor",
                "T": "t_dirtfloor",
                "W": "t_dirt",
                "w": "t_dirt",
                "C": "t_dirt",
                "z": "t_dirt"
            },
            "furniture": {
                "@": "f_bed",
                "b": "f_bench",
                "c": "f_counter",
                "d": "f_dresser",
                "h": "f_chair",
                "K": "f_wood_keg",
                "L": "f_locker",
                "n": "f_table",
                "o": "f_bookcase",
                "r": "f_rack",
                "S": "f_sink",
                "T": "f_toilet",
                "W": "f_large_canvas_wall",
                "w": "f_large_groundsheet",
                "C": "f_center_groundsheet",
                "z": "f_crate_c"
            }
        }
    },{
        "type" : "mapgen",
        "om_terrain" : ["bandit_camp_3"],
        "method": "json",
        "weight": 250,
        "object": {
            "fill_ter": "t_dirt",
            "rows": [
                ",,$/,///,P//WwCw/////Www",
                "%,/,,///,P//WwwwW/////wC",
                ",,,,,/,//P//WWWWW////Www",
                ",//,///,##///////////WWW",
                ",,/,////##//////////////",
                "$%,,/,//////////////////",
                ",/%,/,/,,///////////////",
                ",,/,///////////W/WW//WW/",
                ",,,$////##/////WwwW//Www",
                ",,,/,,//##/////WCwW//WwC",
                ",$/,//%//P/////WWWW//Www",
                ",,,,$/,//P///////////WWW",
                ",,/,//,//P///WWWW///////",
                ",%,,/,///P///WwwW///zz//",
                ",,$,//,//P///WCw////zz//",
                ",%,///,//P///WWWW///////",
                ",,,,,/,/###/////////////",
                "$,/,//,/###PPPPPPPPPPP##",
                ",,/,$,,/###////,//////##",
                "%,,%/,////,/,///,,,/,///",
                ",,,,/,,/,,,,/,/,,,,,,,,,",
                ",%,$,/,,/,,,$,,,/,,,//$/",
                ",,,,,,%,,,/,,,$,,/,/,,,%",
                "$,,%,,$,,,,,%,,,%,,$,,,,"
            ],
            "place_groups": [
                { "item": "cannedfood", "chance": 75,  "x": [ 20,21 ], "y": [ 13,14 ] }
            ],
            "set": [
                { "point": "trap", "id": "tr_landmine_buried", "x": [ 3, 7 ], "y": [ 0, 3 ], "repeat": [ 0, 2 ] },
                { "point": "trap", "id": "tr_landmine_buried", "x": [ 3, 7 ], "y": [ 9, 21 ], "repeat": [ 2, 6 ] },
                { "point": "trap", "id": "tr_landmine_buried", "x": [ 7, 21 ], "y": [ 19, 22 ], "repeat": [ 2, 4 ] },
                { "point": "trap", "id": "tr_rollmat", "x": 13, "y": 1},
                { "point": "trap", "id": "tr_rollmat", "x": 14, "y": 1},
                { "point": "trap", "id": "tr_fur_rollmat", "x": 16, "y": 9},
                { "point": "trap", "id": "tr_fur_rollmat", "x": 17, "y": 9},
                { "point": "trap", "id": "tr_rollmat", "x": 14, "y": 13},
                { "point": "trap", "id": "tr_rollmat", "x": 15, "y": 13}
            ],
            "place_specials": [
                { "type": "npc", "class": "bandit", "x": 11, "y": 6 },
                { "type": "npc", "class": "bandit", "x": 16, "y": 9 },
                { "type": "npc", "class": "bandit", "x": 14, "y": 14 }
            ],
            "terrain": {
                "/": "t_dirt",
                ".": "t_rock_floor",
                ",": "t_grass",
                "%": "t_shrub",
                "#": "t_wall_log",
                "+": "t_door_c",
                "P": "t_palisade",
                "p":  "t_palisade_gate",
                "x":  "t_palisade_pulley",
                "@": "t_dirtfloor",
                "b": "t_dirtfloor",
                "c": "t_dirtfloor",
                "d": "t_dirtfloor",
                "h": "t_dirtfloor",
                "K": "t_dirtfloor",
                "L": "t_dirtfloor",
                "n": "t_dirtfloor",
                "o": "t_dirtfloor",
                "r": "t_dirtfloor",
                "S": "t_dirtfloor",
                "T": "t_dirtfloor",
                "W": "t_dirt",
                "w": "t_dirt",
                "C": "t_dirt",
                "z": "t_dirt"
            },
            "furniture": {
                "@": "f_bed",
                "b": "f_bench",
                "c": "f_counter",
                "d": "f_dresser",
                "h": "f_chair",
                "K": "f_wood_keg",
                "L": "f_locker",
                "n": "f_table",
                "o": "f_bookcase",
                "r": "f_rack",
                "S": "f_sink",
                "T": "f_toilet",
                "W": "f_large_canvas_wall",
                "w": "f_large_groundsheet",
                "C": "f_center_groundsheet",
                "z": "f_crate_c"
            }
        }
    },{
        "type" : "mapgen",
        "om_terrain" : ["bandit_camp_4"],
        "method": "json",
        "weight": 250,
        "object": {
            "fill_ter": "t_dirt",
            "rows": [
                "wW//////////////////,/,%",
                "wW/////////////##,//$,,,",
                "wW/////////////##,/,,,,,",
                "WW/////###.###/P,,/,,%,,",
                "///////#rr..r#/P/,/,/,,,",
                "///////.....r#/P,///,$/,",
                "///////......./P,///,,/,",
                "WW/////......./P////,,,$",
                "wW/////.....r#/P//,%/,,,",
                "wW/////.....r#/P/,//,/$,",
                "wW/////......./P/,//,,/%",
                "WW/////......./P,//$,/,,",
                "///////.....r#/P,/,/,/,,",
                "///////#rrrrr#/P/,/,,,%,",
                "///////#######/P/,,%/,,,",
                "///////////////P///,,/,,",
                "///////////////P////$/,,",
                "//////##PPPPPPP##,,/,,/,",
                ",/////##////,//##/,//,$,",
                "/,/,,////,,////,//$/,/,,",
                ",,,,,/,,,,/,,,/,,,////,,",
                ",,,,/,/,$/,//$,/%/,,,/,,",
                "/$,/,,%/,,,,,,,,$,,,$,%,",
                ",//,,,,,$,,,,,%,,,%,,,,,"
            ],
            "place_groups": [
                { "vehicle": "motorcycle", "x": 8, "y": 6, "rotation": 180, "chance": 80  },
                { "vehicle": "motorcycle", "x": 8, "y": 8, "rotation": 180, "chance": 80  },
                { "vehicle": "motorcycle", "x": 9, "y": 10, "rotation": 180, "chance": 80  },
                { "item": "mechanics", "chance": 65,  "x": [ 8,12 ], "y": [ 13,13 ] },
                { "item": "mechanics", "chance": 65,  "x": [ 12,12 ], "y": [ 4,5 ] },
                { "item": "mechanics", "chance": 65,  "x": [ 12,12 ], "y": [ 8,9 ] },
                { "item": "mechanics", "chance": 65,  "x": [ 8,9 ], "y": [ 4,4 ] }
            ],
            "set": [
                { "point": "trap", "id": "tr_landmine_buried", "x": [ 17, 21 ], "y": [ 2, 18 ], "repeat": [ 2, 6 ] },
                { "point": "trap", "id": "tr_landmine_buried", "x": [ 7, 21 ], "y": [ 19, 22 ], "repeat": [ 2, 4 ] },
                { "point": "trap", "id": "tr_rollmat", "x": 0, "y": 1},
                { "point": "trap", "id": "tr_rollmat", "x": 0, "y": 2},
                { "point": "trap", "id": "tr_rollmat", "x": 0, "y": 9},
                { "point": "trap", "id": "tr_rollmat", "x": 0, "y": 10}
            ],
            "place_specials": [
                { "type": "npc", "class": "thug", "x": 1, "y": 17 },
                { "type": "npc", "class": "bandit", "x": 4, "y": 17 },
                { "type": "npc", "class": "thug", "x": 12, "y": 6 }
            ],
            "terrain": {
                "/": "t_dirt",
                ".": "t_rock_floor",
                ",": "t_grass",
                "%": "t_shrub",
                "#": "t_wall_log",
                "+": "t_door_c",
                "P": "t_palisade",
                "p":  "t_palisade_gate",
                "x":  "t_palisade_pulley",
                "@": "t_dirtfloor",
                "b": "t_dirtfloor",
                "c": "t_dirtfloor",
                "d": "t_dirtfloor",
                "h": "t_dirtfloor",
                "K": "t_dirtfloor",
                "L": "t_dirtfloor",
                "n": "t_dirtfloor",
                "o": "t_dirtfloor",
                "r": "t_dirtfloor",
                "S": "t_dirtfloor",
                "T": "t_dirtfloor",
                "W": "t_dirt",
                "w": "t_dirt",
                "C": "t_dirt",
                "z": "t_dirt"
            },
            "furniture": {
                "@": "f_bed",
                "b": "f_bench",
                "c": "f_counter",
                "d": "f_dresser",
                "h": "f_chair",
                "K": "f_wood_keg",
                "L": "f_locker",
                "n": "f_table",
                "o": "f_bookcase",
                "r": "f_rack",
                "S": "f_sink",
                "T": "f_toilet",
                "W": "f_large_canvas_wall",
                "w": "f_large_groundsheet",
                "C": "f_center_groundsheet",
                "z": "f_crate_c"
            }
        }
    }
]
