[
    {
        "type"  : "item_group",
        "id"    : "boxing_clothes",
        "items" : [
            ["tank_top", 40],
            ["shorts", 40],
            ["boxing_gloves", 50],
            ["headgear", 50],
            ["mouthpiece", 50],
            ["jersey", 40],
            ["coat_rain", 15],
            ["hood_rain", 15],
            ["gloves_wraps", 45],
            ["jeans", 30],
            ["sports_bra", 25],
            ["jacket_leather", 20],
            ["aspirin", 30],
            ["water_clean", 30],
            ["sports_drink", 30],
            ["1st_aid", 20]
        ]
    },
    {
        "type"  : "item_group",
        "id"    : "boxing_books",
        "items" : [
            ["mag_unarmed", 40],
            ["manual_boxing", 50],
            ["mag_melee", 25],
            ["mag_bashing", 10],
            ["manual_melee", 15],
            ["recipe_melee", 10],
            ["manual_taekwondo", 10],
            ["manual_karate", 10],
            ["manual_muay_thai", 2]
        ]
    },
    {
        "type"  : "item_group",
        "id"    : "boxing_misc",
        "items" : [
            ["aspirin", 50],
            ["1st_aid", 40],
            ["bandages", 30],
            ["duct_tape", 20],
            ["sewing_kit", 10],
            ["mouthpiece", 10],
            ["cigar", 20],
            ["cig", 15],
            ["matches", 10]
        ]
    },
    {
        "type" : "overmap_terrain",
        "id" : "gym",
        "name" : "boxing gym",
        "rotate" : true,
        "sym" : [94, 62, 118, 60],
        "color" : "yellow_cyan",
        "see_cost" : 5,
        "extras" : "build",
        "mondensity" : 3,
        "sidewalk" : true,
        "mapgen": [
            { "weight": 1000,
            "method": "json", "object": {
                "fill_ter": "t_grass",
                "rows":[
                    "  --ss----------------  ",
                    "  --ss--,-----,-----,-  ",
                    "  --ss--,-----,-----,-  ",
                    "  --ss--,-----,-----,-  ",
                    "  --ss--,-----,-----,-  ",
                    "  --ss--,-----,-----,-  ",
                    "  qq++qqqqgggggqqqggqq  ",
                    "  xf................^x  ",
                    "  x........?$$$$$$?.0x  ",
                    "  xE.E.....$555555$..x  ",
                    "  xE.E.....$555555$.0x  ",
                    "  xE.E.....$555555$..x  ",
                    "  xE.E.....?$$$$$$?.0x  ",
                    "  x..........####....x  ",
                    "  x...........CC....Bx  ",
                    "  x.0.0.0...........Bx  ",
                    "  x^.....^VV^..^BBBB^x  ",
                    "  xqqqqqqqqqq''qqqqqqx  ",
                    "  xLLLLLLLLLx..xfZZZ^x  ",
                    "  xBBBB.BBBBx..x.....p  ",
                    "  x.........'..'.C.DCp  ",
                    "  xqqq...qqqx..x...DDx  ",
                    "  xS.'...'.Tx..xXXXXXx  ",
                    "  qqqqqqqqqqqqqqqqqqqq  "
                ],
                "terrain":{
                    " ": "t_null",
                    "g": "t_window",
                    "p": "t_window_domestic",
                    ",": "t_pavement_y",
                    "-": "t_pavement",
                    "q": "t_wall_h",
                    "x": "t_wall_v",
                    "+": "t_door_glass_c",
                    "'": "t_door_c",
                    "#": "t_floor",
                    ".": "t_floor",
                    "L": "t_floor",
                    "T": "t_floor",
                    "S": "t_floor",
                    "B": "t_floor",
                    "D": "t_floor",
                    "X": "t_floor",
                    "C": "t_floor",
                    "0": "t_floor",
                    "E": "t_floor",
                    "Z": "t_floor",
                    "V": "t_floor",
                    "5": "t_floor",
                    "$": "t_fence_rope",
                    "?": "t_chainfence_posts",
                    "f": "t_floor",
                    "s": "t_sidewalk"
                },
                "furniture":{
                    "T": "f_toilet",
                    "S": "f_shower",
                    "L": "f_locker",
                    "B": "f_bench",
                    "D": "f_desk",
                    "C": "f_chair",
                    "X": "f_rack",
                    "#": "f_table",
                    "Z": "f_bookcase",
                    "0": "f_floor_canvas",
                    "V": "f_vending_c",
                    "E": "f_exercise",
                    "f": "f_trashcan",
                    "5": "f_canvas_floor",
                    "^": "f_indoor_plant"
                },
                "place_groups": [
                    { "item": "boxing_clothes", "x": [3, 11], "y": [18, 18], "chance": 80, "repeat": [3, 5] },
                    { "item": "boxing_clothes", "x": [3, 11], "y": [18, 18], "chance": 40, "repeat": [1, 2] },
                    { "item": "boxing_books", "x": [17, 19], "y": [18, 18], "chance": 80, "repeat": [1, 3] },
                    { "item": "boxing_misc", "x": [16, 20], "y": [22, 22], "chance": 60, "repeat": [1, 4] },
                    { "item": "vending_drink", "chance": 70, "x": [10, 11], "y": [16, 16] }
                ],
                "place_specials": [
                    { "type": "toilet", "x": 11, "y": 22 }
                ]
                }
            }
        ]
    }
]
