[
    {
        "type" : "mapgen",
        "om_terrain" : ["evac_center_1"],
        "method": "json",
        "weight": 250,
        "object": {
            "rows": [
                "...................%....",
                "........%...............",
                "........................",
                "...................%....",
                "..%.....................",
                "..........._____________",
                "..........______________",
                "........._______________",
                "....%...________________",
                "......._________________",
                "......__________________",
                "......__________________",
                ".%....__________,,,_,,,_",
                "......_________,,,,_,,,_",
                "......________,,,_______",
                "......_______,,,________",
                "......_______,,_________",
                "....%.__________________",
                "......_______,,_________",
                "......_______,,_________",
                "......_______,,_________",
                "......__________________",
                "......_______,,________s",
                "......_______,,_______ss"
            ],
            "terrain": {
                "~": "t_floor",
                ">": "t_stairs_down",
                "#": "t_rock",
                ".": "t_grass",
                "6": "t_console_broken",
                ",": "t_pavement_y",
                "_": "t_pavement",
                "%": "t_shrub",
                "=": "t_door_metal_locked",
                "+": "t_door_c",
                "{": "t_floor",
                ")": "t_floor",
                "}": "t_manhole_cover",
                "@": "t_floor",
                "2": "t_utility_light",
                "b": "t_floor",
                "c": "t_floor",
                "D": "t_floor",
                "E": "t_elevator",
                "H": "t_reinforced_glass_h",
                "h": "t_floor",
                "I": "t_column",
                "k": "t_floor",
                "L": "t_floor",
                "l": "t_floor",
                "n": "t_floor",
                "o": "t_floor",
                "P": "t_floor",
                "p": "t_floor",
                "r": "t_floor",
                "S": "t_floor",
                "s": "t_sidewalk",
                "t": "t_floor",
                "u": "t_floor",
                "V": "t_reinforced_glass_v",
                "z": "t_floor"
            },
            "furniture": {
                "~": "f_shower",
                "{": "f_rubble",
                ")": "f_wreckage",
                "]": "f_ash",
                "@": "f_bed",
                "b": "f_bench",
                "c": "f_counter",
                "D": "f_trashcan",
                "h": "f_chair",
                "k": "f_desk",
                "L": "f_locker",
                "l": "f_vending_c",
                "n": "f_table",
                "o": "f_bookcase",
                "P": "f_indoor_plant",
                "r": "f_rack",
                "S": "f_sink",
                "t": "f_toilet",
                "U": "f_statue",
                "z": "f_crate_c"
            }
        }
    },{
        "type" : "mapgen",
        "om_terrain" : ["evac_center_2"],
        "method": "json",
        "weight": 250,
        "object": {
            "rows": [
                "...................%....",
                "........................",
                "....%...................",
                "........................",
                "........................",
                "________________________",
                "________________________",
                "________________________",
                "________________________",
                "________________________",
                "________________________",
                "________________________",
                ",,,_,,,_,,,_,,,_,,,_,,,_",
                ",,,_,,,_,,,_,,,_,,,_,,,_",
                "________________________",
                "________________________",
                "________________________",
                "________________________",
                "________________________",
                "________________________",
                "________________________",
                "ssssssssssssssssssssssss",
                "ssssssssssssssssssssssss",
                "ssssssssssssssssssssssss"
            ],
            "place_groups": [
                { "vehicle": "schoolbus", "x": 18, "y": 18, "rotation": 0, "chance": 90 }
            ],
            "terrain": {
                "~": "t_floor",
                ">": "t_stairs_down",
                "#": "t_rock",
                ".": "t_grass",
                "6": "t_console_broken",
                ",": "t_pavement_y",
                "_": "t_pavement",
                "%": "t_shrub",
                "=": "t_door_metal_locked",
                "+": "t_door_c",
                "{": "t_floor",
                ")": "t_floor",
                "}": "t_manhole_cover",
                "@": "t_floor",
                "2": "t_utility_light",
                "b": "t_floor",
                "c": "t_floor",
                "D": "t_floor",
                "E": "t_elevator",
                "H": "t_reinforced_glass_h",
                "h": "t_floor",
                "I": "t_column",
                "k": "t_floor",
                "L": "t_floor",
                "l": "t_floor",
                "n": "t_floor",
                "o": "t_floor",
                "P": "t_floor",
                "p": "t_floor",
                "r": "t_floor",
                "S": "t_floor",
                "s": "t_sidewalk",
                "t": "t_floor",
                "u": "t_floor",
                "V": "t_reinforced_glass_v",
                "z": "t_floor"
            },
            "furniture": {
                "~": "f_shower",
                "{": "f_rubble",
                ")": "f_wreckage",
                "]": "f_ash",
                "@": "f_bed",
                "b": "f_bench",
                "c": "f_counter",
                "D": "f_trashcan",
                "h": "f_chair",
                "k": "f_desk",
                "L": "f_locker",
                "l": "f_vending_c",
                "n": "f_table",
                "o": "f_bookcase",
                "P": "f_indoor_plant",
                "r": "f_rack",
                "S": "f_sink",
                "t": "f_toilet",
                "U": "f_statue",
                "z": "f_crate_c"
            }
        }
    },{
        "type" : "mapgen",
        "om_terrain" : ["evac_center_3"],
        "method": "json",
        "weight": 250,
        "object": {
            "rows": [
                "....................%...",
                "....%...................",
                "........................",
                "........................",
                "........................",
                "________________________",
                "________________________",
                "________________________",
                "________________________",
                "________________________",
                "________________________",
                "________________________",
                ",,,_,,,_,,,_,,,_,,,_,,,_",
                ",,,_,,,_,,,_,,,_,,,_,,,_",
                "________________________",
                "________________________",
                "________________________",
                "________________________",
                "________________________",
                "________________________",
                "________________________",
                "ss,,,,,,,,,,,,,,,,,,,,ss",
                "sss,_,_,_,_,_,_,_,_,_sss",
                "ssss,,,,,,,,,,,,,,,,ssss"
            ],
            "place_groups": [
                { "vehicle": "car", "x": 10, "y": 23, "rotation": 270, "chance": 90 }
            ],
            "terrain": {
                "~": "t_floor",
                ">": "t_stairs_down",
                "#": "t_rock",
                ".": "t_grass",
                "6": "t_console_broken",
                ",": "t_pavement_y",
                "_": "t_pavement",
                "%": "t_shrub",
                "=": "t_door_metal_locked",
                "+": "t_door_c",
                "{": "t_floor",
                ")": "t_floor",
                "}": "t_manhole_cover",
                "@": "t_floor",
                "2": "t_utility_light",
                "b": "t_floor",
                "c": "t_floor",
                "D": "t_floor",
                "E": "t_elevator",
                "H": "t_reinforced_glass_h",
                "h": "t_floor",
                "I": "t_column",
                "k": "t_floor",
                "L": "t_floor",
                "l": "t_floor",
                "n": "t_floor",
                "o": "t_floor",
                "P": "t_floor",
                "p": "t_floor",
                "r": "t_floor",
                "S": "t_floor",
                "s": "t_sidewalk",
                "t": "t_floor",
                "u": "t_floor",
                "V": "t_reinforced_glass_v",
                "z": "t_floor"
            },
            "furniture": {
                "~": "f_shower",
                "{": "f_rubble",
                ")": "f_wreckage",
                "]": "f_ash",
                "@": "f_bed",
                "b": "f_bench",
                "c": "f_counter",
                "D": "f_trashcan",
                "h": "f_chair",
                "k": "f_desk",
                "L": "f_locker",
                "l": "f_vending_c",
                "n": "f_table",
                "o": "f_bookcase",
                "P": "f_indoor_plant",
                "r": "f_rack",
                "S": "f_sink",
                "t": "f_toilet",
                "U": "f_statue",
                "z": "f_crate_c"
            }
        }
    },{
        "type" : "mapgen",
        "om_terrain" : ["evac_center_4"],
        "method": "json",
        "weight": 250,
        "object": {
            "rows": [
                "........................",
                "........................",
                "........................",
                "........................",
                "............%...........",
                "________________________",
                "________________________",
                "________________________",
                "________________________",
                "________________________",
                "________________________",
                "________________________",
                ",,,_,,,_,,,_,,,_,,,_,,,_",
                ",,,_,,,_,,,_,,,_,,,_,,,_",
                "________________________",
                "________________________",
                "________________________",
                "________________________",
                "________________________",
                "________________________",
                "________________________",
                "ssssssssssssssssssssssss",
                "ssssssssssssssssssssssss",
                "ssssssssssssssssssssssss"
            ],
            "terrain": {
                "~": "t_floor",
                ">": "t_stairs_down",
                "#": "t_rock",
                ".": "t_grass",
                "6": "t_console_broken",
                ",": "t_pavement_y",
                "_": "t_pavement",
                "%": "t_shrub",
                "=": "t_door_metal_locked",
                "+": "t_door_c",
                "{": "t_floor",
                ")": "t_floor",
                "}": "t_manhole_cover",
                "@": "t_floor",
                "2": "t_utility_light",
                "b": "t_floor",
                "c": "t_floor",
                "D": "t_floor",
                "E": "t_elevator",
                "H": "t_reinforced_glass_h",
                "h": "t_floor",
                "I": "t_column",
                "k": "t_floor",
                "L": "t_floor",
                "l": "t_floor",
                "n": "t_floor",
                "o": "t_floor",
                "P": "t_floor",
                "p": "t_floor",
                "r": "t_floor",
                "S": "t_floor",
                "s": "t_sidewalk",
                "t": "t_floor",
                "u": "t_floor",
                "V": "t_reinforced_glass_v",
                "z": "t_floor"
            },
            "furniture": {
                "~": "f_shower",
                "{": "f_rubble",
                ")": "f_wreckage",
                "]": "f_ash",
                "@": "f_bed",
                "b": "f_bench",
                "c": "f_counter",
                "D": "f_trashcan",
                "h": "f_chair",
                "k": "f_desk",
                "L": "f_locker",
                "l": "f_vending_c",
                "n": "f_table",
                "o": "f_bookcase",
                "P": "f_indoor_plant",
                "r": "f_rack",
                "S": "f_sink",
                "t": "f_toilet",
                "U": "f_statue",
                "z": "f_crate_c"
            }
        }
    },{
        "type" : "mapgen",
        "om_terrain" : ["evac_center_5"],
        "method": "json",
        "weight": 250,
        "object": {
            "rows": [
                "....................%...",
                "........................",
                "..........%...........%.",
                "........................",
                "........................",
                "_____________...........",
                "______________..........",
                "_______________.........",
                "________________........",
                "_________________.......",
                "__________________......",
                "__________________......",
                ",,,_,,,,__________......",
                ",,,_,,,,,_________......",
                "_______,,,________......",
                "________,,,_______....%.",
                "_________,,_______......",
                "__________________......",
                "_________,,_______......",
                "_________,,_______......",
                "_________,,_______......",
                "__________________......",
                "s________,,_______......",
                "ss_______,,_______......"
            ],
            "terrain": {
                "~": "t_floor",
                ">": "t_stairs_down",
                "#": "t_rock",
                ".": "t_grass",
                "6": "t_console_broken",
                ",": "t_pavement_y",
                "_": "t_pavement",
                "%": "t_shrub",
                "=": "t_door_metal_locked",
                "+": "t_door_c",
                "{": "t_floor",
                ")": "t_floor",
                "}": "t_manhole_cover",
                "@": "t_floor",
                "2": "t_utility_light",
                "b": "t_floor",
                "c": "t_floor",
                "D": "t_floor",
                "E": "t_elevator",
                "H": "t_reinforced_glass_h",
                "h": "t_floor",
                "I": "t_column",
                "k": "t_floor",
                "L": "t_floor",
                "l": "t_floor",
                "n": "t_floor",
                "o": "t_floor",
                "P": "t_floor",
                "p": "t_floor",
                "r": "t_floor",
                "S": "t_floor",
                "s": "t_sidewalk",
                "t": "t_floor",
                "u": "t_floor",
                "V": "t_reinforced_glass_v",
                "z": "t_floor"
            },
            "furniture": {
                "~": "f_shower",
                "{": "f_rubble",
                ")": "f_wreckage",
                "]": "f_ash",
                "@": "f_bed",
                "b": "f_bench",
                "c": "f_counter",
                "D": "f_trashcan",
                "h": "f_chair",
                "k": "f_desk",
                "L": "f_locker",
                "l": "f_vending_c",
                "n": "f_table",
                "o": "f_bookcase",
                "P": "f_indoor_plant",
                "r": "f_rack",
                "S": "f_sink",
                "t": "f_toilet",
                "U": "f_statue",
                "z": "f_crate_c"
            }
        }
    },{
        "type" : "mapgen",
        "om_terrain" : ["evac_center_6"],
        "method": "json",
        "weight": 250,
        "object": {
            "rows": [
                "......_______,,_______ss",
                "......________________ss",
                "......_______,,_______ss",
                ".%...._______,,_______ss",
                "......_______,,_______ss",
                "......________________ss",
                "......_______,,_______ss",
                "......_______,,_______ss",
                "......_______,,_______ss",
                "......________________ss",
                "......_______,,_______ss",
                "....%._______,,_______ss",
                "......_______,,_______ss",
                "......________________ss",
                "......_______,,_______ss",
                "......_______,,_______ss",
                "......_______,,_______ss",
                "......________________ss",
                "......_______,,_______ss",
                "......_______,,_______ss",
                "......_______,,_______ss",
                "......________________ss",
                "......_______,,_______ss",
                "......_______,,_______ss"
            ],
            "place_groups": [
                { "vehicle": "schoolbus", "x": 21, "y": 13, "rotation": 270, "chance": 90 }
            ],
            "terrain": {
                "~": "t_floor",
                ">": "t_stairs_down",
                "#": "t_rock",
                ".": "t_grass",
                "6": "t_console_broken",
                ",": "t_pavement_y",
                "_": "t_pavement",
                "%": "t_shrub",
                "=": "t_door_metal_locked",
                "+": "t_door_c",
                "{": "t_floor",
                ")": "t_floor",
                "}": "t_manhole_cover",
                "@": "t_floor",
                "2": "t_utility_light",
                "b": "t_floor",
                "c": "t_floor",
                "D": "t_floor",
                "E": "t_elevator",
                "H": "t_reinforced_glass_h",
                "h": "t_floor",
                "I": "t_column",
                "k": "t_floor",
                "L": "t_floor",
                "l": "t_floor",
                "n": "t_floor",
                "o": "t_floor",
                "P": "t_floor",
                "p": "t_floor",
                "r": "t_floor",
                "S": "t_floor",
                "s": "t_sidewalk",
                "t": "t_floor",
                "u": "t_floor",
                "V": "t_reinforced_glass_v",
                "z": "t_floor"
            },
            "furniture": {
                "~": "f_shower",
                "{": "f_rubble",
                ")": "f_wreckage",
                "]": "f_ash",
                "@": "f_bed",
                "b": "f_bench",
                "c": "f_counter",
                "D": "f_trashcan",
                "h": "f_chair",
                "k": "f_desk",
                "L": "f_locker",
                "l": "f_vending_c",
                "n": "f_table",
                "o": "f_bookcase",
                "P": "f_indoor_plant",
                "r": "f_rack",
                "S": "f_sink",
                "t": "f_toilet",
                "U": "f_statue",
                "z": "f_crate_c"
            }
        }
    },{
        "type" : "mapgen",
        "om_terrain" : ["evac_center_7"],
        "method": "json",
        "weight": 250,
        "object": {
            "rows": [
                "ss......................",
                "s.......................",
                "s....######..####..#####",
                "s...#######11####11#####",
                "s...###                #",
                "s...##                  ",
                "s...##  L  L  L  L  L   ",
                "s...##  @  @  @  @  @   ",
                "s...##  @  @2 @  @  @   ",
                "s....1                  ",
                "s....1                  ",
                "s...##  L  L  L  L  L   ",
                "s...##  @  @  @  @  @   ",
                "s...##  @  @  @  @  @ 2 ",
                "s...##                  ",
                "s....1                  ",
                "s....1  L  L2 L  L     #",
                "s...##  @  @  @  @     #",
                "s...##  @  @  @  @     V",
                "s...##                 V",
                "s...##                 V",
                "s...###                #",
                "s...#############++##  #",
                "s....#########t+   S#  #"
            ],
            "place_groups": [
                { "item": "bed", "chance": 80,  "x": [8,8 ], "y": [7,8 ] },
                { "item": "bed", "chance": 80,  "x": [8,8 ], "y": [12,13 ] },
                { "item": "bed", "chance": 80,  "x": [8,8 ], "y": [17,18 ] },
                { "item": "bed", "chance": 80,  "x": [11,11 ], "y": [7,8 ] },
                { "item": "bed", "chance": 80,  "x": [11,11 ], "y": [12,13 ] },
                { "item": "bed", "chance": 80,  "x": [11,11 ], "y": [17,18 ] },
                { "item": "bed", "chance": 80,  "x": [14,14 ], "y": [7,8 ] },
                { "item": "bed", "chance": 80,  "x": [14,14 ], "y": [12,13 ] },
                { "item": "bed", "chance": 80,  "x": [14,14 ], "y": [17,18] },
                { "item": "bed", "chance": 80,  "x": [17,17 ], "y": [7,8 ] },
                { "item": "bed", "chance": 80,  "x": [17,17 ], "y": [12,13 ] },
                { "item": "bed", "chance": 80,  "x": [17,17 ], "y": [17,18] },
                { "item": "bed", "chance": 80,  "x": [20,20 ], "y": [7,8 ] },
                { "item": "bed", "chance": 80,  "x": [20,20 ], "y": [12,13 ] },
                { "item": "allclothes", "chance": 60, "x": [ 8, 20 ], "y": [ 6, 6 ]},
                { "item": "allclothes", "chance": 60, "x": [ 8, 20 ], "y": [ 11, 11 ]},
                { "item": "allclothes", "chance": 60, "x": [ 8, 17 ], "y": [ 16, 16 ]}
            ],
            "place_specials": [
                { "type": "toilet", "x": 14, "y": 23 },
                { "type": "npc", "class": "guard", "x": 19, "y": 21 }
            ],
            "terrain": {
                " ": "t_floor",
                "~": "t_floor",
                ">": "t_stairs_down",
                "#": "t_rock",
                ".": "t_grass",
                "6": "t_console_broken",
                ",": "t_pavement_y",
                "_": "t_pavement",
                "%": "t_shrub",
                "=": "t_door_metal_locked",
                "+": "t_door_c",
                "{": "t_floor",
                ")": "t_floor",
                "}": "t_manhole_cover",
                "@": "t_floor",
                "1": "t_window_boarded",
                "2": "t_utility_light",
                "b": "t_floor",
                "c": "t_floor",
                "D": "t_floor",
                "E": "t_elevator",
                "H": "t_reinforced_glass_h",
                "h": "t_floor",
                "I": "t_column",
                "k": "t_floor",
                "L": "t_floor",
                "l": "t_floor",
                "n": "t_floor",
                "o": "t_floor",
                "P": "t_floor",
                "p": "t_floor",
                "r": "t_floor",
                "S": "t_floor",
                "s": "t_sidewalk",
                "t": "t_floor",
                "u": "t_floor",
                "V": "t_reinforced_glass_v",
                "z": "t_floor"
            },
            "furniture": {
                "~": "f_shower",
                "{": "f_rubble",
                ")": "f_wreckage",
                "]": "f_ash",
                "@": "f_bed",
                "b": "f_bench",
                "c": "f_counter",
                "D": "f_trashcan",
                "h": "f_chair",
                "k": "f_desk",
                "L": "f_locker",
                "l": "f_vending_c",
                "n": "f_table",
                "o": "f_bookcase",
                "P": "f_indoor_plant",
                "r": "f_rack",
                "S": "f_sink",
                "t": "f_toilet",
                "U": "f_statue",
                "z": "f_crate_c"
            }
        }
    },{
        "type" : "mapgen",
        "om_terrain" : ["evac_center_8"],
        "method": "json",
        "weight": 250,
        "object": {
            "rows": [
                ".sss________________sss.",
                "...ss______________ss...",
                "#..ss______________ss..#",
                "##..ss____________ss..##",
                "##..ss____________ss..##",
                "###..ss__________ss..###",
                " ######__________###### ",
                "  ######========######  ",
                "  # L##         6##L #  ",
                "  + L##          ##L +  ",
                "  # L##          ##L #  ",
                "  #####          #####  ",
                "     ##2        2##     ",
                "     +          bL0     ",
                "     +          hL0     ",
                "     ##         b##     ",
                "##+####      zz  #######",
                "     ##      zz  #######",
                "     ###        ########",
                " k6k ######  ###########",
                "  h  #####EEE6##########",
                "     #####EEEE##########",
                "##########EEEE##########",
                "##########EEEE##########"
            ],
            "place_groups": [
                { "item": "office", "chance": 80, "x": [ 1, 3 ], "y": [ 19, 19 ]},
                { "item": "shelter", "chance": 90, "x": [ 13, 14 ], "y": [ 16, 17 ]},
                { "item": "jackets", "chance": 80, "x": [ 19, 19 ], "y": [ 8, 10 ]},
                { "item": "cleaning", "chance": 80, "x": [ 4, 4 ], "y": [ 8, 10 ]}
            ],
            "place_specials": [
                { "type": "npc", "class": "evac_broker", "x": 2, "y": 20 },
                { "type": "npc", "class": "guard", "x": 15, "y": 15 }
            ],
            "terrain": {
                " ": "t_floor",
                "~": "t_floor",
                ">": "t_stairs_down",
                "#": "t_rock",
                ".": "t_grass",
                "6": "t_console_broken",
                ",": "t_pavement_y",
                "_": "t_pavement",
                "%": "t_shrub",
                "=": "t_door_metal_locked",
                "+": "t_door_c",
                "{": "t_floor",
                ")": "t_floor",
                "}": "t_manhole_cover",
                "@": "t_floor",
                "0": "t_door_locked_interior",
                "2": "t_utility_light",
                "b": "t_floor",
                "c": "t_floor",
                "D": "t_floor",
                "E": "t_elevator",
                "H": "t_reinforced_glass_h",
                "h": "t_floor",
                "I": "t_column",
                "k": "t_floor",
                "L": "t_floor",
                "l": "t_floor",
                "n": "t_floor",
                "o": "t_floor",
                "P": "t_floor",
                "p": "t_floor",
                "r": "t_floor",
                "S": "t_floor",
                "s": "t_sidewalk",
                "t": "t_floor",
                "u": "t_floor",
                "V": "t_reinforced_glass_v",
                "z": "t_floor"
            },
            "furniture": {
                "~": "f_shower",
                "{": "f_rubble",
                ")": "f_wreckage",
                "]": "f_ash",
                "@": "f_bed",
                "b": "f_bench",
                "c": "f_counter",
                "D": "f_trashcan",
                "h": "f_chair",
                "k": "f_desk",
                "L": "f_locker",
                "l": "f_vending_c",
                "n": "f_table",
                "o": "f_bookcase",
                "P": "f_indoor_plant",
                "r": "f_rack",
                "S": "f_sink",
                "t": "f_toilet",
                "U": "f_statue",
                "z": "f_crate_c"
            }
        }
    },{
        "type" : "mapgen",
        "om_terrain" : ["evac_center_9"],
        "method": "json",
        "weight": 250,
        "object": {
            "rows": [
                "......................ss",
                ".......................s",
                "#####..####..######....s",
                "#####11####11#######...s",
                "#                ###...s",
                "                  ##...s",
                "   L  L  L  L  L  ##...s",
                "   @  @  @  @  @  ##...s",
                "   @  @  @ 2@  @  ##...s",
                "                  1....s",
                "                  1....s",
                "   L  L  L  L  L  ##...s",
                "   @  @  @  @  @  ##...s",
                "2  @  @  @  @  @  ##...s",
                "                  ##...s",
                "                  1....s",
                "      L  L 2L  L  1....s",
                "      @  @  @  @  ##...s",
                "      @  @  @  @  ##...s",
                "                  ##...s",
                "                  ##...s",
                "                 ###...s",
                "  ##++##############...s",
                "==#S   +t##########....s"
            ],
            "place_groups": [
                { "monster": "GROUP_MALL", "x": [ 2, 15 ], "y": [ 4, 20 ], "density": 0.6 },
                { "item": "bed", "chance": 80,  "x": [8,8 ], "y": [7,8 ] },
                { "item": "bed", "chance": 80,  "x": [3,3 ], "y": [12,13 ] },
                { "item": "bed", "chance": 80,  "x": [15,15 ], "y": [17,18 ] },
                { "item": "bed", "chance": 80,  "x": [3,3 ], "y": [7,8 ] },
                { "item": "bed", "chance": 80,  "x": [6,6 ], "y": [12,13 ] },
                { "item": "bed", "chance": 80,  "x": [6,6 ], "y": [17,18 ] },
                { "item": "bed", "chance": 80,  "x": [6,6 ], "y": [7,8 ] },
                { "item": "bed", "chance": 80,  "x": [9,9 ], "y": [12,13 ] },
                { "item": "bed", "chance": 80,  "x": [9,9 ], "y": [17,18] },
                { "item": "bed", "chance": 80,  "x": [9,9 ], "y": [7,8 ] },
                { "item": "bed", "chance": 80,  "x": [12,12 ], "y": [12,13 ] },
                { "item": "bed", "chance": 80,  "x": [12,12 ], "y": [17,18] },
                { "item": "bed", "chance": 80,  "x": [12,12 ], "y": [7,8 ] },
                { "item": "bed", "chance": 80,  "x": [15,15 ], "y": [12,13 ] },
                { "item": "bed", "chance": 80,  "x": [15,15 ], "y": [7,8 ] },
                { "item": "allclothes", "chance": 60, "x": [ 3, 15 ], "y": [ 6, 6 ]},
                { "item": "allclothes", "chance": 60, "x": [ 3, 15 ], "y": [ 11, 11 ]},
                { "item": "allclothes", "chance": 60, "x": [ 6, 15 ], "y": [ 16, 16 ]}
            ],
            "terrain": {
                " ": "t_floor",
                "~": "t_floor",
                ">": "t_stairs_down",
                "#": "t_rock",
                ".": "t_grass",
                "1": "t_window_boarded",
                "6": "t_console_broken",
                ",": "t_pavement_y",
                "_": "t_pavement",
                "%": "t_shrub",
                "=": "t_door_metal_locked",
                "+": "t_door_c",
                "{": "t_floor",
                ")": "t_floor",
                "}": "t_manhole_cover",
                "@": "t_floor",
                "2": "t_utility_light",
                "b": "t_floor",
                "c": "t_floor",
                "D": "t_floor",
                "E": "t_elevator",
                "H": "t_reinforced_glass_h",
                "h": "t_floor",
                "I": "t_column",
                "k": "t_floor",
                "L": "t_floor",
                "l": "t_floor",
                "n": "t_floor",
                "o": "t_floor",
                "P": "t_floor",
                "p": "t_floor",
                "r": "t_floor",
                "S": "t_floor",
                "s": "t_sidewalk",
                "t": "t_floor",
                "u": "t_floor",
                "V": "t_reinforced_glass_v",
                "z": "t_floor"
            },
            "furniture": {
                "~": "f_shower",
                "{": "f_rubble",
                ")": "f_wreckage",
                "]": "f_ash",
                "@": "f_bed",
                "b": "f_bench",
                "c": "f_counter",
                "D": "f_trashcan",
                "h": "f_chair",
                "k": "f_desk",
                "L": "f_locker",
                "l": "f_vending_c",
                "n": "f_table",
                "o": "f_bookcase",
                "P": "f_indoor_plant",
                "r": "f_rack",
                "S": "f_sink",
                "t": "f_toilet",
                "U": "f_statue",
                "z": "f_crate_c"
            }
        }
    },{
        "type" : "mapgen",
        "om_terrain" : ["evac_center_10"],
        "method": "json",
        "weight": 250,
        "object": {
            "rows": [
                "ss_______,,_______......",
                "ss________________......",
                "ss_______,,_______......",
                "ss_______,,_______.%....",
                "ss_______,,_______......",
                "ss________________......",
                "ss_______,,_______......",
                "ss_______,,_______......",
                "ss_______,,_______......",
                "ss________________......",
                "ss_______,,_______......",
                "ss_______,,_______......",
                "ss_______,,_______......",
                "ss________________......",
                "ss_______,,_______......",
                "ss_______,,_______......",
                "ss_______,,_______......",
                "ss________________......",
                "ss_______,,_______...%..",
                "ss_______,,_______......",
                "ss_______,,_______......",
                "ss________________......",
                "ss_______,,_______......",
                "ss_______,,_______......"
            ],
            "place_groups": [
                { "vehicle": "flatbed_truck", "x": 2, "y": 18, "rotation": 90, "chance": 90 }
            ],
            "terrain": {
                "~": "t_floor",
                ">": "t_stairs_down",
                "#": "t_rock",
                ".": "t_grass",
                "6": "t_console_broken",
                ",": "t_pavement_y",
                "_": "t_pavement",
                "%": "t_shrub",
                "=": "t_door_metal_locked",
                "+": "t_door_c",
                "{": "t_floor",
                ")": "t_floor",
                "}": "t_manhole_cover",
                "@": "t_floor",
                "2": "t_utility_light",
                "b": "t_floor",
                "c": "t_floor",
                "D": "t_floor",
                "E": "t_elevator",
                "H": "t_reinforced_glass_h",
                "h": "t_floor",
                "I": "t_column",
                "k": "t_floor",
                "L": "t_floor",
                "l": "t_floor",
                "n": "t_floor",
                "o": "t_floor",
                "P": "t_floor",
                "p": "t_floor",
                "r": "t_floor",
                "S": "t_floor",
                "s": "t_sidewalk",
                "t": "t_floor",
                "u": "t_floor",
                "V": "t_reinforced_glass_v",
                "z": "t_floor"
            },
            "furniture": {
                "~": "f_shower",
                "{": "f_rubble",
                ")": "f_wreckage",
                "]": "f_ash",
                "@": "f_bed",
                "b": "f_bench",
                "c": "f_counter",
                "D": "f_trashcan",
                "h": "f_chair",
                "k": "f_desk",
                "L": "f_locker",
                "l": "f_vending_c",
                "n": "f_table",
                "o": "f_bookcase",
                "P": "f_indoor_plant",
                "r": "f_rack",
                "S": "f_sink",
                "t": "f_toilet",
                "U": "f_statue",
                "z": "f_crate_c"
            }
        }
    },{
        "type" : "mapgen",
        "om_terrain" : ["evac_center_11"],
        "method": "json",
        "weight": 250,
        "object": {
            "rows": [
                "......_______,,________s",
                "......__________________",
                "......_______,,_________",
                "......_______,,_________",
                "...%.._______,,_________",
                "......_________________,",
                "......_______,,________,",
                "......_______,,________,",
                "......_______,,________,",
                "%....._________________,",
                "......_______,,________,",
                "......_______,,________,",
                "......_______,,________,",
                "......_________________,",
                "......_______,,________,",
                "......_______,,________,",
                "......_______,,________,",
                "......_________________,",
                "......_______,,________,",
                "......_______,,_________",
                "......_______,,_________",
                "......__________________",
                "......_______,,_________",
                "......_______,,________s"
            ],
            "terrain": {
                "~": "t_floor",
                ">": "t_stairs_down",
                "#": "t_rock",
                ".": "t_grass",
                "6": "t_console_broken",
                ",": "t_pavement_y",
                "_": "t_pavement",
                "%": "t_shrub",
                "=": "t_door_metal_locked",
                "+": "t_door_c",
                "{": "t_floor",
                ")": "t_floor",
                "}": "t_manhole_cover",
                "@": "t_floor",
                "2": "t_utility_light",
                "b": "t_floor",
                "c": "t_floor",
                "D": "t_floor",
                "E": "t_elevator",
                "H": "t_reinforced_glass_h",
                "h": "t_floor",
                "I": "t_column",
                "k": "t_floor",
                "L": "t_floor",
                "l": "t_floor",
                "n": "t_floor",
                "o": "t_floor",
                "P": "t_floor",
                "p": "t_floor",
                "r": "t_floor",
                "S": "t_floor",
                "s": "t_sidewalk",
                "t": "t_floor",
                "u": "t_floor",
                "V": "t_reinforced_glass_v",
                "z": "t_floor"
            },
            "furniture": {
                "~": "f_shower",
                "{": "f_rubble",
                ")": "f_wreckage",
                "]": "f_ash",
                "@": "f_bed",
                "b": "f_bench",
                "c": "f_counter",
                "D": "f_trashcan",
                "h": "f_chair",
                "k": "f_desk",
                "L": "f_locker",
                "l": "f_vending_c",
                "n": "f_table",
                "o": "f_bookcase",
                "P": "f_indoor_plant",
                "r": "f_rack",
                "S": "f_sink",
                "t": "f_toilet",
                "U": "f_statue",
                "z": "f_crate_c"
            }
        }
    },{
        "type" : "mapgen",
        "om_terrain" : ["evac_center_12"],
        "method": "json",
        "weight": 250,
        "object": {
            "rows": [
                "ss.........#####   c#  #",
                "sss.........##t+ 2 S#  #",
                "_ssssssss...####   c#  #",
                "__ssssssss..##t+ D S#  #",
                "_______sss..######+##  =",
                "________ss..##~#~#  #  =",
                "________ss..##      #  #",
                "________ss..##~#~#  #  #",
                "________ss..###### 2#  #",
                "________ss..##~#~#  #  #",
                "________ss..##      #  #",
                "________ss..##~#~#  #  #",
                "________ss..#########  #",
                "________ss..#####r r#  #",
                "________ss..######+##  #",
                "________ss..##          ",
                "________ss...1          ",
                "________ss...1       2  ",
                "________ss..##          ",
                "_______sss..#####+##    ",
                "__ssssssss..##t+  c#   #",
                "_ssssssss...####  S#  ##",
                "sss.........##t+ 2c#  # ",
                "ss.........#####  S#  # "
            ],
            "place_groups": [
                { "item": "cleaning", "chance": 80, "x": [ 17, 17 ], "y": [ 13, 13 ]},
                { "item": "cleaning", "chance": 80, "x": [ 19, 19 ], "y": [ 13, 13 ]},
                { "vehicle": "schoolbus", "x": 4, "y": 8, "rotation": 270, "chance": 90 }
            ],
            "place_specials": [
                { "type": "toilet", "x": 14, "y": 3 },
                { "type": "toilet", "x": 14, "y": 20 },
                { "type": "toilet", "x": 14, "y": 22 },
                { "type": "npc", "class": "evac_guard2", "x": 18, "y": 18 }
            ],
            "terrain": {
                " ": "t_floor",
                "~": "t_floor",
                ">": "t_stairs_down",
                "#": "t_rock",
                ".": "t_grass",
                "1": "t_window_boarded",
                "6": "t_console_broken",
                ",": "t_pavement_y",
                "_": "t_pavement",
                "%": "t_shrub",
                "=": "t_door_metal_locked",
                "+": "t_door_c",
                "{": "t_floor",
                ")": "t_floor",
                "}": "t_manhole_cover",
                "@": "t_floor",
                "2": "t_utility_light",
                "b": "t_floor",
                "c": "t_floor",
                "D": "t_floor",
                "E": "t_elevator",
                "H": "t_reinforced_glass_h",
                "h": "t_floor",
                "I": "t_column",
                "k": "t_floor",
                "L": "t_floor",
                "l": "t_floor",
                "n": "t_floor",
                "o": "t_floor",
                "P": "t_floor",
                "p": "t_floor",
                "r": "t_floor",
                "S": "t_floor",
                "s": "t_sidewalk",
                "t": "t_floor",
                "u": "t_floor",
                "V": "t_reinforced_glass_v",
                "z": "t_floor"
            },
            "furniture": {
                "~": "f_shower",
                "{": "f_rubble",
                ")": "f_wreckage",
                "]": "f_ash",
                "@": "f_bed",
                "b": "f_bench",
                "c": "f_counter",
                "D": "f_trashcan",
                "h": "f_chair",
                "k": "f_desk",
                "L": "f_locker",
                "l": "f_vending_c",
                "n": "f_table",
                "o": "f_bookcase",
                "P": "f_indoor_plant",
                "r": "f_rack",
                "S": "f_sink",
                "t": "f_toilet",
                "U": "f_statue",
                "z": "f_crate_c"
            }
        }
    },{
        "type" : "mapgen",
        "om_terrain" : ["evac_center_13"],
        "method": "json",
        "weight": 250,
        "object": {
            "rows": [
                "########################",
                "r rrrrrrrrrrrrrrrrrrr r#",
                "r                     r#",
                "                    2  #",
                "   rrrrrrrrrrrrrrrrr   =",
                "   rrrrrrrrrrrrrrrrr   =",
                "  2                    #",
                "r                     r#",
                "r rrrrrrrrrrrrrrrrrrr r#",
                "########################",
                "##########EEEE##########",
                "##########EEEE##########",
                " > #######EEEE###### > #",
                "   #######EEE6######   #",
                "#=#########  ########=##",
                "                        ",
                "                        ",
                "        2      2        ",
                "                        ",
                "    ######    ######    ",
                " ##########++########## ",
                "=###                ###=",
                " ##  bbbb      bbbb  ## ",
                " 6V    2        2    V6 "
            ],
            "place_groups": [
                { "item": "pasta", "chance": 90, "x": [ 0, 0 ], "y": [ 1, 2 ]},
                { "item": "pasta", "chance": 90, "x": [ 0, 0 ], "y": [ 7, 8 ]},
                { "item": "pasta", "chance": 90, "x": [ 22, 22 ], "y": [ 1, 2 ]},
                { "item": "pasta", "chance": 90, "x": [ 22, 22 ], "y": [ 7, 8 ]},
                { "item": "cannedfood", "chance": 90, "x": [ 2, 20 ], "y": [ 1, 1 ]},
                { "item": "cannedfood", "chance": 90, "x": [ 3, 19 ], "y": [ 4, 5 ]},
                { "item": "cannedfood", "chance": 90, "x": [ 2, 20 ], "y": [ 8, 8 ]}
            ],
            "place_specials": [
                { "type": "npc", "class": "evac_guard1", "x": 9, "y": 21 },
                { "type": "npc", "class": "guard", "x": 14, "y": 21 }
            ],
            "terrain": {
                " ": "t_floor",
                "~": "t_floor",
                ">": "t_stairs_down",
                "#": "t_rock",
                ".": "t_grass",
                "6": "t_console_broken",
                ",": "t_pavement_y",
                "_": "t_pavement",
                "%": "t_shrub",
                "=": "t_door_metal_locked",
                "+": "t_door_c",
                "{": "t_floor",
                ")": "t_floor",
                "}": "t_manhole_cover",
                "@": "t_floor",
                "2": "t_utility_light",
                "b": "t_floor",
                "c": "t_floor",
                "D": "t_floor",
                "E": "t_elevator",
                "H": "t_reinforced_glass_h",
                "h": "t_floor",
                "I": "t_column",
                "k": "t_floor",
                "L": "t_floor",
                "l": "t_floor",
                "n": "t_floor",
                "o": "t_floor",
                "P": "t_floor",
                "p": "t_floor",
                "r": "t_floor",
                "S": "t_floor",
                "s": "t_sidewalk",
                "t": "t_floor",
                "u": "t_floor",
                "V": "t_reinforced_glass_v",
                "z": "t_floor"
            },
            "furniture": {
                "~": "f_shower",
                "{": "f_rubble",
                ")": "f_wreckage",
                "]": "f_ash",
                "@": "f_bed",
                "b": "f_bench",
                "c": "f_counter",
                "D": "f_trashcan",
                "h": "f_chair",
                "k": "f_desk",
                "L": "f_locker",
                "l": "f_vending_c",
                "n": "f_table",
                "o": "f_bookcase",
                "P": "f_indoor_plant",
                "r": "f_rack",
                "S": "f_sink",
                "t": "f_toilet",
                "U": "f_statue",
                "z": "f_crate_c"
            }
        }
    },{
        "type" : "mapgen",
        "om_terrain" : ["evac_center_14"],
        "method": "json",
        "weight": 250,
        "object": {
            "rows": [
                "LL#c   #####..........ss",
                "bh#S 2 +t##..........sss",
                "h #c   ####...sssssssss_",
                "  #S D +t##..sssssssss__",
                "  ##+######..sss________",
                "  #  #~#~##..ss_________",
                "  #      ##..ss_________",
                "  #  #~#~##..ss_________",
                "  #2 ######..ss_________",
                "  #  #~#~##..ss_________",
                "  #      ##..ss_________",
                "  #  #~#~##..ss_________",
                "  #########..ss_________",
                "  #r r#####..ss_________",
                "  ##+######..ss_________",
                "         ##..ss_________",
                "         1...ss_________",
                " 2       1...ss_________",
                "         ##..ss_________",
                "    ##+####..sss________",
                "#   #c +t##..ssssssss___",
                "##  #S ####...ssssssss__",
                " #  #c2+t##.........sss_",
                " #  #S #####.........sss"
            ],
            "place_groups": [
                { "item": "snacks", "chance": 60, "x": [ 3, 3 ], "y": [ 13, 13 ]},
                { "item": "snacks", "chance": 60, "x": [ 5, 5 ], "y": [ 13, 13 ]},
                { "vehicle": "car", "x": 17, "y": 16, "rotation": 90, "chance": 90 },
                { "vehicle": "pickup", "x": 18, "y": 8, "rotation": 90, "chance": 90 }
            ],
            "place_specials": [
                { "type": "toilet", "x": 8, "y": 3 },
                { "type": "toilet", "x": 8, "y": 1 },
                { "type": "toilet", "x": 8, "y": 20 },
                { "type": "toilet", "x": 8, "y": 22 }
            ],
            "terrain": {
                " ": "t_floor",
                "~": "t_floor",
                ">": "t_stairs_down",
                "#": "t_rock",
                ".": "t_grass",
                "1": "t_window_boarded",
                "6": "t_console_broken",
                ",": "t_pavement_y",
                "_": "t_pavement",
                "%": "t_shrub",
                "=": "t_door_metal_locked",
                "+": "t_door_c",
                "{": "t_floor",
                ")": "t_floor",
                "}": "t_manhole_cover",
                "@": "t_floor",
                "2": "t_utility_light",
                "b": "t_floor",
                "c": "t_floor",
                "D": "t_floor",
                "E": "t_elevator",
                "H": "t_reinforced_glass_h",
                "h": "t_floor",
                "I": "t_column",
                "k": "t_floor",
                "L": "t_floor",
                "l": "t_floor",
                "n": "t_floor",
                "o": "t_floor",
                "P": "t_floor",
                "p": "t_floor",
                "r": "t_floor",
                "S": "t_floor",
                "s": "t_sidewalk",
                "t": "t_floor",
                "u": "t_floor",
                "V": "t_reinforced_glass_v",
                "z": "t_floor"
            },
            "furniture": {
                "~": "f_shower",
                "{": "f_rubble",
                ")": "f_wreckage",
                "]": "f_ash",
                "@": "f_bed",
                "b": "f_bench",
                "c": "f_counter",
                "D": "f_trashcan",
                "h": "f_chair",
                "k": "f_desk",
                "L": "f_locker",
                "l": "f_vending_c",
                "n": "f_table",
                "o": "f_bookcase",
                "P": "f_indoor_plant",
                "r": "f_rack",
                "S": "f_sink",
                "t": "f_toilet",
                "U": "f_statue",
                "z": "f_crate_c"
            }
        }
    },{
        "type" : "mapgen",
        "om_terrain" : ["evac_center_15"],
        "method": "json",
        "weight": 250,
        "object": {
            "rows": [
                "s________,,_______......",
                "__________________......",
                "_________,,_______......",
                "_________,,_______......",
                "_________,,_______.....%",
                ",_________________......",
                ",________,,_______......",
                ",________,,_______......",
                ",________,,_______......",
                ",_________________......",
                ",________,,_______......",
                ",________,,_______......",
                ",________,,_______......",
                ",_________________......",
                ",________,,_______......",
                ",________,,_______......",
                ",________,,_______......",
                ",_________________......",
                ",________,,_______....%.",
                "_________,,_______..%...",
                "_________,,_______......",
                "__________________......",
                "_________,,_______......",
                "_________,,_______......"
            ],
            "terrain": {
                "~": "t_floor",
                ">": "t_stairs_down",
                "#": "t_rock",
                ".": "t_grass",
                "6": "t_console_broken",
                ",": "t_pavement_y",
                "_": "t_pavement",
                "%": "t_shrub",
                "=": "t_door_metal_locked",
                "+": "t_door_c",
                "{": "t_floor",
                ")": "t_floor",
                "}": "t_manhole_cover",
                "@": "t_floor",
                "2": "t_utility_light",
                "b": "t_floor",
                "c": "t_floor",
                "D": "t_floor",
                "E": "t_elevator",
                "H": "t_reinforced_glass_h",
                "h": "t_floor",
                "I": "t_column",
                "k": "t_floor",
                "L": "t_floor",
                "l": "t_floor",
                "n": "t_floor",
                "o": "t_floor",
                "P": "t_floor",
                "p": "t_floor",
                "r": "t_floor",
                "S": "t_floor",
                "s": "t_sidewalk",
                "t": "t_floor",
                "u": "t_floor",
                "V": "t_reinforced_glass_v",
                "z": "t_floor"
            },
            "furniture": {
                "~": "f_shower",
                "{": "f_rubble",
                ")": "f_wreckage",
                "]": "f_ash",
                "@": "f_bed",
                "b": "f_bench",
                "c": "f_counter",
                "D": "f_trashcan",
                "h": "f_chair",
                "k": "f_desk",
                "L": "f_locker",
                "l": "f_vending_c",
                "n": "f_table",
                "o": "f_bookcase",
                "P": "f_indoor_plant",
                "r": "f_rack",
                "S": "f_sink",
                "t": "f_toilet",
                "U": "f_statue",
                "z": "f_crate_c"
            }
        }
    },{
        "type" : "mapgen",
        "om_terrain" : ["evac_center_16"],
        "method": "json",
        "weight": 250,
        "object": {
            "rows": [
                "......_______,,_______ss",
                "......________________ss",
                "......_______,,_______ss",
                "......_______,,_______ss",
                "......_______,,_______ss",
                "%.....________________ss",
                "......_______,,_______ss",
                "......_______,,_______ss",
                "......_______,,_______ss",
                "......________________ss",
                "......_______,,_______ss",
                "......_______,,_______ss",
                "......_______,,_______ss",
                "......________________ss",
                "......_______,,_______ss",
                "..%..._______,,_______ss",
                "......_______,,_______ss",
                "......________________ss",
                "......_______,,_______ss",
                "......_______,,_______ss",
                "......_______,,_______ss",
                "......________________ss",
                "......_______,,_______ss",
                "......_______,,_______ss"
            ],
            "place_groups": [
                { "vehicle": "hippie_van", "x": 21, "y": 17, "rotation": 90, "chance": 90 },
                { "vehicle": "policecar", "x": 22, "y": 7, "rotation": 90, "chance": 90 }
            ],
            "terrain": {
                "~": "t_floor",
                ">": "t_stairs_down",
                "#": "t_rock",
                ".": "t_grass",
                "6": "t_console_broken",
                ",": "t_pavement_y",
                "_": "t_pavement",
                "%": "t_shrub",
                "=": "t_door_metal_locked",
                "+": "t_door_c",
                "{": "t_floor",
                ")": "t_floor",
                "}": "t_manhole_cover",
                "@": "t_floor",
                "2": "t_utility_light",
                "b": "t_floor",
                "c": "t_floor",
                "D": "t_floor",
                "E": "t_elevator",
                "H": "t_reinforced_glass_h",
                "h": "t_floor",
                "I": "t_column",
                "k": "t_floor",
                "L": "t_floor",
                "l": "t_floor",
                "n": "t_floor",
                "o": "t_floor",
                "P": "t_floor",
                "p": "t_floor",
                "r": "t_floor",
                "S": "t_floor",
                "s": "t_sidewalk",
                "t": "t_floor",
                "u": "t_floor",
                "V": "t_reinforced_glass_v",
                "z": "t_floor"
            },
            "furniture": {
                "~": "f_shower",
                "{": "f_rubble",
                ")": "f_wreckage",
                "]": "f_ash",
                "@": "f_bed",
                "b": "f_bench",
                "c": "f_counter",
                "D": "f_trashcan",
                "h": "f_chair",
                "k": "f_desk",
                "L": "f_locker",
                "l": "f_vending_c",
                "n": "f_table",
                "o": "f_bookcase",
                "P": "f_indoor_plant",
                "r": "f_rack",
                "S": "f_sink",
                "t": "f_toilet",
                "U": "f_statue",
                "z": "f_crate_c"
            }
        }
    },{
        "type" : "mapgen",
        "om_terrain" : ["evac_center_17"],
        "method": "json",
        "weight": 250,
        "object": {
            "rows": [
                "s....#########t+  c#  #2",
                "s...################  # ",
                "s...###               ##",
                "s...##                 #",
                "s...##  b  b       b    ",
                "s...##  b  b  cc   b  b ",
                "s...##  b  b2      b  b ",
                "s....1  b  b  cc   b  b ",
                "s....1  b  b       b  b ",
                "s...##  b  b  cc   b  b ",
                "s...##                  ",
                "s...##               2  ",
                "s...##  b  b  cc   b  b ",
                "s....1  b  b       b  b ",
                "s....1  b  b  cc   b  b ",
                "s...##  b  b2      b  b ",
                "s...##  b  b  cc   b  b ",
                "s...##  b  b       b  b ",
                "s...##                  ",
                "s...###                 ",
                "s...#######11#####11####",
                "s....######..#####..####",
                "s.......................",
                "ss......................"
            ],
            "place_specials": [
                { "type": "toilet", "x": 14, "y": 0 },
                { "type": "npc", "class": "scavenger_merc", "x": 8, "y": 5 },
                { "type": "npc", "class": "old_guard_rep", "x": 19, "y": 7 }
            ],
            "terrain": {
                " ": "t_floor",
                "~": "t_floor",
                ">": "t_stairs_down",
                "#": "t_rock",
                ".": "t_grass",
                "1": "t_window_boarded",
                "6": "t_console_broken",
                ",": "t_pavement_y",
                "_": "t_pavement",
                "%": "t_shrub",
                "=": "t_door_metal_locked",
                "+": "t_door_c",
                "{": "t_floor",
                ")": "t_floor",
                "}": "t_manhole_cover",
                "@": "t_floor",
                "2": "t_utility_light",
                "b": "t_floor",
                "c": "t_floor",
                "D": "t_floor",
                "E": "t_elevator",
                "H": "t_reinforced_glass_h",
                "h": "t_floor",
                "I": "t_column",
                "k": "t_floor",
                "L": "t_floor",
                "l": "t_floor",
                "n": "t_floor",
                "o": "t_floor",
                "P": "t_floor",
                "p": "t_floor",
                "r": "t_floor",
                "S": "t_floor",
                "s": "t_sidewalk",
                "t": "t_floor",
                "u": "t_floor",
                "V": "t_reinforced_glass_v",
                "z": "t_floor"
            },
            "furniture": {
                "~": "f_shower",
                "{": "f_rubble",
                ")": "f_wreckage",
                "]": "f_ash",
                "@": "f_bed",
                "b": "f_bench",
                "c": "f_counter",
                "D": "f_trashcan",
                "h": "f_chair",
                "k": "f_desk",
                "L": "f_locker",
                "l": "f_vending_c",
                "n": "f_table",
                "o": "f_bookcase",
                "P": "f_indoor_plant",
                "r": "f_rack",
                "S": "f_sink",
                "t": "f_toilet",
                "U": "f_statue",
                "z": "f_crate_c"
            }
        }
    },{
        "type" : "mapgen",
        "om_terrain" : ["evac_center_18"],
        "method": "json",
        "weight": 250,
        "object": {
            "rows": [
                "hcV  bbbb      bbbb  Vch",
                " cV                  Vc ",
                " ##  bbbb      bbbb  ## ",
                "###                  ###",
                " ###                ### ",
                " ####1111#+##+#1111#### ",
                " ###....ssssssss....### ",
                " ##......ssssss......## ",
                " ##.......ssss.......## ",
                " ##.......ssss.......## ",
                " 1....%...ssss...%....1 ",
                " 1...%%%..ssss..%%%...1 ",
                " ##...%...ssss...%...## ",
                " ##.......ssss.......## ",
                " ##.......ssss.......## ",
                " ##.......ssss.......## ",
                " ##...%...ssss...%...## ",
                " ##..%%%..ssss..%%%..## ",
                " ##...%...ssss...%...## ",
                "###.......ssss.......###",
                "###.......ssss.......###",
                "##........ssss........##",
                "..........ssss..........",
                ".........ssssss........."
            ],
            "place_specials": [
                { "type": "npc", "class": "arsonist", "x": 5, "y": 2 },
                { "type": "npc", "class": "evac_merchant", "x": 23, "y": 0 }
            ],
            "terrain": {
                " ": "t_floor",
                "~": "t_floor",
                ">": "t_stairs_down",
                "#": "t_rock",
                ".": "t_grass",
                "1": "t_window_boarded",
                "6": "t_console_broken",
                ",": "t_pavement_y",
                "_": "t_pavement",
                "%": "t_shrub",
                "=": "t_door_metal_locked",
                "+": "t_door_c",
                "{": "t_floor",
                ")": "t_floor",
                "}": "t_manhole_cover",
                "@": "t_floor",
                "2": "t_utility_light",
                "b": "t_floor",
                "c": "t_floor",
                "D": "t_floor",
                "E": "t_elevator",
                "H": "t_reinforced_glass_h",
                "h": "t_floor",
                "I": "t_column",
                "k": "t_floor",
                "L": "t_floor",
                "l": "t_floor",
                "n": "t_floor",
                "o": "t_floor",
                "P": "t_floor",
                "p": "t_floor",
                "r": "t_floor",
                "S": "t_floor",
                "s": "t_sidewalk",
                "t": "t_floor",
                "u": "t_floor",
                "V": "t_reinforced_glass_v",
                "z": "t_floor"
            },
            "furniture": {
                "~": "f_shower",
                "{": "f_rubble",
                ")": "f_wreckage",
                "]": "f_ash",
                "@": "f_bed",
                "b": "f_bench",
                "c": "f_counter",
                "D": "f_trashcan",
                "h": "f_chair",
                "k": "f_desk",
                "L": "f_locker",
                "l": "f_vending_c",
                "n": "f_table",
                "o": "f_bookcase",
                "P": "f_indoor_plant",
                "r": "f_rack",
                "S": "f_sink",
                "t": "f_toilet",
                "U": "f_statue",
                "z": "f_crate_c"
            }
        }
    },{
        "type" : "mapgen",
        "om_terrain" : ["evac_center_19"],
        "method": "json",
        "weight": 250,
        "object": {
            "rows": [
                "2#  #c +t#########....ss",
                " #  ################...s",
                "##               ###...s",
                "#                 ##...s",
                "        rrrrrrrr  ##...s",
                " rr     rrrrrrrr  ##...s",
                " rr        2      ##...s",
                " rr               1....s",
                "        rrrrrrrr  1....s",
                "        rrrrrrrr  ##...s",
                " rr               ##...s",
                " rr2              ##...s",
                " rr     rrrrrrrr  ##...s",
                "        rrrrrrrr  1....s",
                "                  1....s",
                " rr        2      ##...s",
                " rr     rrrrrrrr  ##...s",
                " rr     rrrrrrrr  ##...s",
                "                  ##...s",
                "                 ###...s",
                "####11#####11#######...s",
                "####..#####..######....s",
                ".......................s",
                "......................ss"
            ],
            "place_groups": [
                { "item": "cannedfood", "chance": 20, "x": [ 8, 15 ], "y": [ 4, 5 ]},
                { "item": "cannedfood", "chance": 20, "x": [ 8, 15 ], "y": [ 8, 9 ]},
                { "item": "cannedfood", "chance": 20, "x": [ 8, 15 ], "y": [ 12, 13 ]},
                { "item": "cannedfood", "chance": 20, "x": [ 8, 15 ], "y": [ 16, 17 ]},
                { "item": "cannedfood", "chance": 20, "x": [ 1, 2 ], "y": [ 5, 7 ]},
                { "item": "cannedfood", "chance": 20, "x": [ 1, 2 ], "y": [ 10, 12 ]},
                { "item": "cannedfood", "chance": 20, "x": [ 1, 2 ], "y": [ 15, 17 ]}
            ],
            "place_specials": [
                { "type": "npc", "class": "guard", "x": 7, "y": 8 }
            ],
            "terrain": {
                " ": "t_floor",
                "~": "t_floor",
                ">": "t_stairs_down",
                "#": "t_rock",
                ".": "t_grass",
                "1": "t_window_boarded",
                "6": "t_console_broken",
                ",": "t_pavement_y",
                "_": "t_pavement",
                "%": "t_shrub",
                "=": "t_door_metal_locked",
                "+": "t_door_c",
                "{": "t_floor",
                ")": "t_floor",
                "}": "t_manhole_cover",
                "@": "t_floor",
                "2": "t_utility_light",
                "b": "t_floor",
                "c": "t_floor",
                "D": "t_floor",
                "E": "t_elevator",
                "H": "t_reinforced_glass_h",
                "h": "t_floor",
                "I": "t_column",
                "k": "t_floor",
                "L": "t_floor",
                "l": "t_floor",
                "n": "t_floor",
                "o": "t_floor",
                "P": "t_floor",
                "p": "t_floor",
                "r": "t_floor",
                "S": "t_floor",
                "s": "t_sidewalk",
                "t": "t_floor",
                "u": "t_floor",
                "V": "t_reinforced_glass_v",
                "z": "t_floor"
            },
            "furniture": {
                "~": "f_shower",
                "{": "f_rubble",
                ")": "f_wreckage",
                "]": "f_ash",
                "@": "f_bed",
                "b": "f_bench",
                "c": "f_counter",
                "D": "f_trashcan",
                "h": "f_chair",
                "k": "f_desk",
                "L": "f_locker",
                "l": "f_vending_c",
                "n": "f_table",
                "o": "f_bookcase",
                "P": "f_indoor_plant",
                "r": "f_rack",
                "S": "f_sink",
                "t": "f_toilet",
                "U": "f_statue",
                "z": "f_crate_c"
            }
        }
    },{
        "type" : "mapgen",
        "om_terrain" : ["evac_center_20"],
        "method": "json",
        "weight": 250,
        "object": {
            "rows": [
                "s________,,_______......",
                "ss________________......",
                "ss_______,,_______......",
                "ss_______,,_______......",
                "ss_______,,_______......",
                "ss________________......",
                "ss_______,,_______....%.",
                "ss_______,,_______......",
                "ss_______,,_______......",
                "ss________________......",
                "ss_______,,_______......",
                "ss_______,,_______......",
                "ss_______,,_______......",
                "ss________________......",
                "ss_______,,_______......",
                "ss_______,,_______......",
                "ss_______,,_______......",
                "ss________________.%....",
                "ss_______,,_______......",
                "ss_______,,_______......",
                "ss_______,,_______......",
                "ss________________......",
                "ss_______,,_______...%..",
                "ss_______,,_______......"
            ],
            "place_groups": [
                { "vehicle": "car_mini", "x": 3, "y": 15, "rotation": 90, "chance": 90 }
            ],
            "terrain": {
                "~": "t_floor",
                ">": "t_stairs_down",
                "#": "t_rock",
                ".": "t_grass",
                "6": "t_console_broken",
                ",": "t_pavement_y",
                "_": "t_pavement",
                "%": "t_shrub",
                "=": "t_door_metal_locked",
                "+": "t_door_c",
                "{": "t_floor",
                ")": "t_floor",
                "}": "t_manhole_cover",
                "@": "t_floor",
                "2": "t_utility_light",
                "b": "t_floor",
                "c": "t_floor",
                "D": "t_floor",
                "E": "t_elevator",
                "H": "t_reinforced_glass_h",
                "h": "t_floor",
                "I": "t_column",
                "k": "t_floor",
                "L": "t_floor",
                "l": "t_floor",
                "n": "t_floor",
                "o": "t_floor",
                "P": "t_floor",
                "p": "t_floor",
                "r": "t_floor",
                "S": "t_floor",
                "s": "t_sidewalk",
                "t": "t_floor",
                "u": "t_floor",
                "V": "t_reinforced_glass_v",
                "z": "t_floor"
            },
            "furniture": {
                "~": "f_shower",
                "{": "f_rubble",
                ")": "f_wreckage",
                "]": "f_ash",
                "@": "f_bed",
                "b": "f_bench",
                "c": "f_counter",
                "D": "f_trashcan",
                "h": "f_chair",
                "k": "f_desk",
                "L": "f_locker",
                "l": "f_vending_c",
                "n": "f_table",
                "o": "f_bookcase",
                "P": "f_indoor_plant",
                "r": "f_rack",
                "S": "f_sink",
                "t": "f_toilet",
                "U": "f_statue",
                "z": "f_crate_c"
            }
        }
    },{
        "type" : "mapgen",
        "om_terrain" : ["evac_center_21"],
        "method": "json",
        "weight": 250,
        "object": {
            "rows": [
                "......_______,,_______ss",
                "......_________________s",
                "......_______,,_________",
                "......_______,,_________",
                "......_______,,_________",
                "......__________________",
                "...%.._______,,_________",
                "......_______,,,________",
                "......________,,,_______",
                "......_________,,,______",
                "......__________,,,,,_,,",
                "......___________,,,,_,,",
                "......__________________",
                "......__________________",
                "......__________________",
                "......._________________",
                "........________________",
                "........._______________",
                "......%...______________",
                "........................",
                "..................%.....",
                "........................",
                "........................",
                "...%...................."
            ],
            "terrain": {
                "~": "t_floor",
                ">": "t_stairs_down",
                "#": "t_rock",
                ".": "t_grass",
                "6": "t_console_broken",
                ",": "t_pavement_y",
                "_": "t_pavement",
                "%": "t_shrub",
                "=": "t_door_metal_locked",
                "+": "t_door_c",
                "{": "t_floor",
                ")": "t_floor",
                "}": "t_manhole_cover",
                "@": "t_floor",
                "2": "t_utility_light",
                "b": "t_floor",
                "c": "t_floor",
                "D": "t_floor",
                "E": "t_elevator",
                "H": "t_reinforced_glass_h",
                "h": "t_floor",
                "I": "t_column",
                "k": "t_floor",
                "L": "t_floor",
                "l": "t_floor",
                "n": "t_floor",
                "o": "t_floor",
                "P": "t_floor",
                "p": "t_floor",
                "r": "t_floor",
                "S": "t_floor",
                "s": "t_sidewalk",
                "t": "t_floor",
                "u": "t_floor",
                "V": "t_reinforced_glass_v",
                "z": "t_floor"
            },
            "furniture": {
                "~": "f_shower",
                "{": "f_rubble",
                ")": "f_wreckage",
                "]": "f_ash",
                "@": "f_bed",
                "b": "f_bench",
                "c": "f_counter",
                "D": "f_trashcan",
                "h": "f_chair",
                "k": "f_desk",
                "L": "f_locker",
                "l": "f_vending_c",
                "n": "f_table",
                "o": "f_bookcase",
                "P": "f_indoor_plant",
                "r": "f_rack",
                "S": "f_sink",
                "t": "f_toilet",
                "U": "f_statue",
                "z": "f_crate_c"
            }
        }
    },{
        "type" : "mapgen",
        "om_terrain" : ["evac_center_22"],
        "method": "json",
        "weight": 250,
        "object": {
            "rows": [
                "ssssssssssssssssssssssss",
                "ssssssssssssssssssssssss",
                "ssssssssssssssssssssssss",
                "________________________",
                "________________________",
                "________________________",
                "________________________",
                "________________________",
                "________________________",
                "________________________",
                ",_,,,_,,,_,,,_,,,_,,,_,,",
                ",_,,,_,,,_,,,_,,,_,,,_,,",
                "________________________",
                "_______________________,",
                "_______________________,",
                "_______________________,",
                "_______________________,",
                "_______________________,",
                "________________________",
                "........................",
                ".....%..................",
                "........................",
                "....................%...",
                "........................"
            ],
            "place_groups": [
                { "vehicle": "schoolbus", "x": 8, "y": 6, "rotation": 180, "chance": 90 }
            ],
            "terrain": {
                "~": "t_floor",
                ">": "t_stairs_down",
                "#": "t_rock",
                ".": "t_grass",
                "6": "t_console_broken",
                ",": "t_pavement_y",
                "_": "t_pavement",
                "%": "t_shrub",
                "=": "t_door_metal_locked",
                "+": "t_door_c",
                "{": "t_floor",
                ")": "t_floor",
                "}": "t_manhole_cover",
                "@": "t_floor",
                "2": "t_utility_light",
                "b": "t_floor",
                "c": "t_floor",
                "D": "t_floor",
                "E": "t_elevator",
                "H": "t_reinforced_glass_h",
                "h": "t_floor",
                "I": "t_column",
                "k": "t_floor",
                "L": "t_floor",
                "l": "t_floor",
                "n": "t_floor",
                "o": "t_floor",
                "P": "t_floor",
                "p": "t_floor",
                "r": "t_floor",
                "S": "t_floor",
                "s": "t_sidewalk",
                "t": "t_floor",
                "u": "t_floor",
                "V": "t_reinforced_glass_v",
                "z": "t_floor"
            },
            "furniture": {
                "~": "f_shower",
                "{": "f_rubble",
                ")": "f_wreckage",
                "]": "f_ash",
                "@": "f_bed",
                "b": "f_bench",
                "c": "f_counter",
                "D": "f_trashcan",
                "h": "f_chair",
                "k": "f_desk",
                "L": "f_locker",
                "l": "f_vending_c",
                "n": "f_table",
                "o": "f_bookcase",
                "P": "f_indoor_plant",
                "r": "f_rack",
                "S": "f_sink",
                "t": "f_toilet",
                "U": "f_statue",
                "z": "f_crate_c"
            }
        }
    },{
        "type" : "mapgen",
        "om_terrain" : ["evac_center_23"],
        "method": "json",
        "weight": 250,
        "object": {
            "rows": [
                "ssssssssssssssssssssssss",
                "ssssssssssssssssssssssss",
                "ssssssssssssssssssssssss",
                "________________________",
                "_______________________,",
                "_______________________,",
                "_______________________,",
                "_______________________,",
                "_______________________,",
                "________________________",
                ",______________________,",
                ",______________________,",
                "________________________",
                ",_______________________",
                ",_______________________",
                ",_______________________",
                ",_______________________",
                ",_______________________",
                "________________________",
                ".______________________.",
                "...__________________...",
                "...._______,,_,,,,,_....",
                "...._______,,_,,,,,_....",
                "...._______,,_______...."
            ],
            "terrain": {
                "~": "t_floor",
                ">": "t_stairs_down",
                "#": "t_rock",
                ".": "t_grass",
                "6": "t_console_broken",
                ",": "t_pavement_y",
                "_": "t_pavement",
                "%": "t_shrub",
                "=": "t_door_metal_locked",
                "+": "t_door_c",
                "{": "t_floor",
                ")": "t_floor",
                "}": "t_manhole_cover",
                "@": "t_floor",
                "2": "t_utility_light",
                "b": "t_floor",
                "c": "t_floor",
                "D": "t_floor",
                "E": "t_elevator",
                "H": "t_reinforced_glass_h",
                "h": "t_floor",
                "I": "t_column",
                "k": "t_floor",
                "L": "t_floor",
                "l": "t_floor",
                "n": "t_floor",
                "o": "t_floor",
                "P": "t_floor",
                "p": "t_floor",
                "r": "t_floor",
                "S": "t_floor",
                "s": "t_sidewalk",
                "t": "t_floor",
                "u": "t_floor",
                "V": "t_reinforced_glass_v",
                "z": "t_floor"
            },
            "furniture": {
                "~": "f_shower",
                "{": "f_rubble",
                ")": "f_wreckage",
                "]": "f_ash",
                "@": "f_bed",
                "b": "f_bench",
                "c": "f_counter",
                "D": "f_trashcan",
                "h": "f_chair",
                "k": "f_desk",
                "L": "f_locker",
                "l": "f_vending_c",
                "n": "f_table",
                "o": "f_bookcase",
                "P": "f_indoor_plant",
                "r": "f_rack",
                "S": "f_sink",
                "t": "f_toilet",
                "U": "f_statue",
                "z": "f_crate_c"
            }
        }
    },{
        "type" : "mapgen",
        "om_terrain" : ["evac_center_24"],
        "method": "json",
        "weight": 250,
        "object": {
            "rows": [
                "ssssssssssssssssssssssss",
                "ssssssssssssssssssssssss",
                "ssssssssssssssssssssssss",
                "________________________",
                ",_______________________",
                ",_______________________",
                ",_______________________",
                ",_______________________",
                ",_______________________",
                "________________________",
                ",,_,,,_,,,_,,,_,,,_,,,_,",
                ",,_,,,_,,,_,,,_,,,_,,,_,",
                "________________________",
                "________________________",
                "________________________",
                "________________________",
                "________________________",
                "________________________",
                "________________________",
                "........................",
                "........................",
                "........................",
                "...........%............",
                "........................"
            ],
            "terrain": {
                "~": "t_floor",
                ">": "t_stairs_down",
                "#": "t_rock",
                ".": "t_grass",
                "6": "t_console_broken",
                ",": "t_pavement_y",
                "_": "t_pavement",
                "%": "t_shrub",
                "=": "t_door_metal_locked",
                "+": "t_door_c",
                "{": "t_floor",
                ")": "t_floor",
                "}": "t_manhole_cover",
                "@": "t_floor",
                "2": "t_utility_light",
                "b": "t_floor",
                "c": "t_floor",
                "D": "t_floor",
                "E": "t_elevator",
                "H": "t_reinforced_glass_h",
                "h": "t_floor",
                "I": "t_column",
                "k": "t_floor",
                "L": "t_floor",
                "l": "t_floor",
                "n": "t_floor",
                "o": "t_floor",
                "P": "t_floor",
                "p": "t_floor",
                "r": "t_floor",
                "S": "t_floor",
                "s": "t_sidewalk",
                "t": "t_floor",
                "u": "t_floor",
                "V": "t_reinforced_glass_v",
                "z": "t_floor"
            },
            "furniture": {
                "~": "f_shower",
                "{": "f_rubble",
                ")": "f_wreckage",
                "]": "f_ash",
                "@": "f_bed",
                "b": "f_bench",
                "c": "f_counter",
                "D": "f_trashcan",
                "h": "f_chair",
                "k": "f_desk",
                "L": "f_locker",
                "l": "f_vending_c",
                "n": "f_table",
                "o": "f_bookcase",
                "P": "f_indoor_plant",
                "r": "f_rack",
                "S": "f_sink",
                "t": "f_toilet",
                "U": "f_statue",
                "z": "f_crate_c"
            }
        }
    },{
        "type" : "mapgen",
        "om_terrain" : ["evac_center_25"],
        "method": "json",
        "weight": 250,
        "object": {
            "rows": [
                "ss_______,,_______......",
                "s_________________......",
                "_________,,_______......",
                "_________,,_______......",
                "_________,,_______......",
                "__________________......",
                "_________,,_______......",
                "________,,,_______......",
                "_______,,,________......",
                "______,,__________......",
                ",,_,,,,,__________......",
                ",,_,,,____________......",
                "__________________......",
                "__________________......",
                "__________________......",
                "_________________......%",
                "________________........",
                "_______________.........",
                "______________..........",
                "........................",
                "........................",
                "..................%.....",
                "........................",
                "........................"
            ],
            "terrain": {
                "~": "t_floor",
                ">": "t_stairs_down",
                "#": "t_rock",
                ".": "t_grass",
                "6": "t_console_broken",
                ",": "t_pavement_y",
                "_": "t_pavement",
                "%": "t_shrub",
                "=": "t_door_metal_locked",
                "+": "t_door_c",
                "{": "t_floor",
                ")": "t_floor",
                "}": "t_manhole_cover",
                "@": "t_floor",
                "2": "t_utility_light",
                "b": "t_floor",
                "c": "t_floor",
                "D": "t_floor",
                "E": "t_elevator",
                "H": "t_reinforced_glass_h",
                "h": "t_floor",
                "I": "t_column",
                "k": "t_floor",
                "L": "t_floor",
                "l": "t_floor",
                "n": "t_floor",
                "o": "t_floor",
                "P": "t_floor",
                "p": "t_floor",
                "r": "t_floor",
                "S": "t_floor",
                "s": "t_sidewalk",
                "t": "t_floor",
                "u": "t_floor",
                "V": "t_reinforced_glass_v",
                "z": "t_floor"
            },
            "furniture": {
                "~": "f_shower",
                "{": "f_rubble",
                ")": "f_wreckage",
                "]": "f_ash",
                "@": "f_bed",
                "b": "f_bench",
                "c": "f_counter",
                "D": "f_trashcan",
                "h": "f_chair",
                "k": "f_desk",
                "L": "f_locker",
                "l": "f_vending_c",
                "n": "f_table",
                "o": "f_bookcase",
                "P": "f_indoor_plant",
                "r": "f_rack",
                "S": "f_sink",
                "t": "f_toilet",
                "U": "f_statue",
                "z": "f_crate_c"
            }
        }
    }
]
