[
    {
        "type": "mapgen",
        "om_terrain": [ "house" ],
        "method": "json",
        "weight": 200,
        "object": {
            "rows": [
                "......SS................",
                "......SS................",
                "......SS................",
                "......SS................",
                "......SS................",
                "......SS....|----2--|...",
                "......SS....|7|    :|...",
                "......SS....| +   @@|...",
                "..[~~~SS~~~~| +   @@|...",
                "..[..zSSz...|:|     2...",
                "..[..zSSz.|-|-|     2...",
                "..[zzzSSzz|E| +    H|...",
                "..|--2nn2--+| |   kk|...",
                "..|77       + |--+--|...",
                "..|        -| w|: :|....",
                "..2HH      F| x|-+-|....",
                "..2   ? BB E| ||  8|....",
                "..266 ? 66 G| +   8C....",
                "..|   ? 66 A|+|>A; |....",
                "..|???? BB D|:|-C--|....",
                "..|-22--22----|.........",
                "........................",
                "........................",
                "........................"
            ],
            "terrain": {
                "~": "t_fence_h",
                "6": "t_floor",
                "A": "t_floor",
                "G": "t_floor",
                "?": "t_floor",
                "z": "t_shrub",
                "F": "t_floor",
                "8": "t_floor",
                "x": "t_grass",
                "w": "t_grass",
                "H": "t_floor",
                "[": "t_fence_v",
                ">": "t_floor",
                "k": "t_floor",
                "|": "t_wall_v",
                ":": "t_floor",
                ".": "t_grass",
                "E": "t_floor",
                "n": "t_door_locked_peep",
                "+": "t_door_c",
                "D": "t_floor",
                "-": "t_wall_h",
                "B": "t_floor",
                "7": "t_floor",
                "S": "t_sidewalk",
                ";": "t_floor",
                "@": "t_floor",
                " ": "t_floor",
                "2": "t_window_domestic",
                "C": "t_curtains"
            },
            "furniture": {
                "6": "f_table",
                "A": "f_sink",
                "G": "f_oven",
                "?": "f_sofa",
                "F": "f_fridge",
                "8": "f_bathtub",
                "x": "f_dryer",
                "w": "f_washer",
                "H": "f_armchair",
                ">": "f_counter",
                "k": "f_desk",
                ":": "f_dresser",
                "E": "f_cupboard",
                "D": "f_trashcan",
                "B": "f_chair",
                "7": "f_bookcase",
                ";": "f_toilet",
                "@": "f_bed"
            },
            "place_specials": [
                { "type": "toilet", "x": 17, "y": 18 }
            ],
            "set": [
                { "point": "terrain", "id": "t_dirt", "x": [ 0, 1 ], "y": [ 0, 23 ], "repeat": [ 8, 14 ] },
                { "point": "terrain", "id": "t_dirt", "x": [ 2, 5 ], "y": [ 0, 7 ], "repeat": [ 8, 11 ] },
                { "point": "terrain", "id": "t_dirt", "x": [ 2, 23 ], "y": [ 21, 23 ], "repeat": [ 8, 14 ] },
                { "point": "terrain", "id": "t_dirt", "x": [ 3, 4 ], "y": [ 9, 10 ], "repeat": [ 0, 1 ] },
                { "point": "terrain", "id": "t_dirt", "x": [ 8, 11 ], "y": [ 0, 7 ], "repeat": [ 8, 11 ] },
                { "point": "terrain", "id": "t_dirt", "x": 9, "y": [ 9, 10 ], "repeat": [ 0, 1 ] },
                { "point": "terrain", "id": "t_dirt", "x": [ 10, 11 ], "y": 9, "repeat": [ 0, 1 ] },
                { "point": "terrain", "id": "t_dirt", "x": [ 12, 23 ], "y": [ 0, 4 ], "repeat": [ 8, 14 ] },
                { "point": "terrain", "id": "t_dirt", "x": 14, "y": [ 14, 15 ], "repeat": [ 0, 1 ] },
                { "point": "terrain", "id": "t_dirt", "x": [ 15, 23 ], "y": 20, "repeat": [ 1, 2 ] },
                { "point": "terrain", "id": "t_dirt", "x": [ 20, 23 ], "y": [ 14, 19 ], "repeat": [ 5, 8 ] },
                { "point": "terrain", "id": "t_dirt", "x": [ 21, 23 ], "y": [ 5, 13 ], "repeat": [ 6, 9 ] }
            ],
            "place_groups": [
                { "item": "dresser", "chance": 70, "x": 19,  "y": 6 },
                { "item": "dresser", "chance": 70, "x": 13,  "y": 9 },
                { "item": "homebooks", "chance": 100, "x": 13,  "y": 6 },
                { "item": "dresser", "chance": 60, "x": 13,  "y": 19 },
                { "item": "office", "chance": 20, "x": [ 18, 19 ],  "y": 12 },
                { "item": "dresser", "chance": 50, "x": 18,  "y": 14 },
                { "item": "dresser", "chance": 50, "x": 16,  "y": 14 },
                { "item": "softdrugs", "chance": 75, "x": [ 16, 18 ],  "y": [ 16, 17 ] },
                { "item": "fridge", "chance": 40, "x": 11,  "y": 15 },
                { "item": "oven", "chance": 40, "x": 11,  "y": 17 },
                { "item": "kitchen", "chance": 65, "x": 11,  "y": 11 },
                { "item": "trash", "chance": 40, "x": 11,  "y": 19 },
                { "item": "magazines", "chance": 25, "x": [ 3, 4 ],  "y": 17 },
                { "item": "homebooks", "chance": 25, "x": [ 3, 4 ],  "y": 13 },
                { "item": "bed", "chance": 80, "x": [ 18, 19 ],  "y": [ 7, 8 ] },
                { "item": "kitchen", "chance": 75, "x": 11,  "y": [ 15, 18 ] },
                { "item": "bedroom", "chance": 70, "x": [ 15, 19 ],  "y": [ 6, 12 ] },
                { "item": "livingroom", "chance": 70, "x": [ 3, 7 ],  "y": [ 13, 19 ] },
                { "item": "cleaning", "chance": 75, "x": [ 15, 16 ],  "y": [ 17, 18 ] },
                { "item": "dresser", "chance": 70, "x": 14,  "y": [ 14, 15 ] },
                { "item": "kitchen", "chance": 55, "x": [ 8, 10 ],  "y": [ 13, 19 ] },
                { "monster": "GROUP_ZOMBIE", "chance": 10, "x": [ 2, 21 ],  "y": [ 2, 21 ] }
            ]
        }
    }
]
