[
    {
        "type": "mapgen",
        "om_terrain": [
            "house"
        ],
        "method": "json",
        "weight": 300, "comment": "<--- low weight due to low randomness, remove when house mapgen pool is big",
        "object": {
            "rows":[
                ".DDD....................",
                ".|---------22----33----.",
                ".|  H    |A   |       |.",
                ".|      7|;  8| 7     |.",
                ".|   H  7|   8|  7    |.",
                ".2      7|    |     7 |.",
                ".2       |-+--|       |.",
                ".|       |    |       |.",
                ".|       |    +  66  >|.",
                ".|       +   7|  66  A2.",
                ".| CC    |   7|      G2.",
                ".|--------   7|      F|.",
                ".|>?????     7|---+---|.",
                ".2?                   |.",
                ".2?                   2.",
                ".|?      H   H        |.",
                ".|----+----------+----|.",
                ".|:        |          |.",
                ".|@@       |@@        |.",
                ".|@@       |@@        |.",
                ".|         |          |.",
                ".|         |         :|.",
                ".----22---------22-----.",
                "........................"
            ],
            "terrain": {
                ".": "t_grass",
                "-": "t_wall_h",
                "2": "t_window_domestic",
                "3": "t_door_locked",
                "|": "t_wall_v",
                " ": "t_floor",
                "6": "t_floor",
                "7": "t_floor",
                "8": "t_floor",
                "9": "t_floor",
                ":": "t_floor",
                ";": "t_floor",
                "+": "t_door_c",
                "=": "t_floor",
                ">": "t_floor",
                "?": "t_floor",
                "@": "t_floor",
                "A": "t_floor",
                "B": "t_floor",
                "C": "t_floor",
                "D": "t_dirt",
                "E": "t_floor",
                "F": "t_floor",
                "G": "t_floor",
                "H": "t_floor",
                "z": "t_shrub",
                "S": "t_sidewalk",
                "^": "t_tree",
                "{": "t_door_glass_c",
                "[": "t_fence_v",
                "~": "t_fence_h"
            },
            "furniture": {
                "6": "f_table",
                "7": "f_bookcase",
                "8": "f_bathtub",
                "9": "f_rack",
                ":": "f_dresser",
                ";": "f_toilet",
                "=": "f_fireplace",
                ">": "f_counter",
                "?": "f_sofa",
                "@": "f_bed",
                "A": "f_sink",
                "B": "f_chair",
                "C": "f_desk",
                "D": "f_trashcan",
                "E": "f_cupboard",
                "F": "f_fridge",
                "H": "f_armchair",
                "G": "f_oven"
            },
            "place_specials": [
                { "type": "toilet", "x": 10, "y": 3 }
            ],
            "comment": "specific terrain/furniture/radiation. doing this until grass_or_dirt is supported ---v",
            "set": [
                { "point": "terrain", "id": "t_dirt", "x": 0, "y": [ 0, 23 ], "repeat": [ 5, 10 ] },
                { "point": "terrain", "id": "t_dirt", "x": 23, "y": [ 0, 23 ], "repeat": [ 5, 10 ] },
                { "point": "terrain", "id": "t_dirt", "x": [ 0, 23 ], "y": 23, "repeat": [ 5, 8 ] },
                { "point": "terrain", "id": "t_dirt", "x": [ 0, 14 ], "y": 0, "repeat": [ 5, 8 ] }
                    ],
                        "comment": "randomly picked from a group ---v",
            "place_groups": [
                { "item": "bed", "chance": 80,  "x": [2,3 ], "y": [18,19 ] },
                { "item": "bed", "chance": 80,  "x": [12,13 ], "y": [18,19 ] },
                { "item": "livingroom", "chance": 30,  "x": [ 1,8 ], "y": [ 2,10 ] },
                { "item": "livingroom", "chance": 70,  "x": [ 1,21 ], "y": [ 12,15 ] },
                { "item": "bedroom", "chance": 60,  "x": [ 1,10 ], "y": [ 17,21 ] },
                { "item": "dresser", "chance": 50,  "x": [ 2,2 ], "y": [ 17,17 ] },
                { "item": "bedroom", "chance": 60,  "x": [ 12,21 ], "y": [ 17,21 ] },
                { "item": "consumer_electronics", "chance": 20,  "x": [ 12,21 ], "y": [ 17,21 ] },
                { "item": "homeguns", "chance": 10,  "x": [ 1,10 ], "y": [ 17,21 ] },
                { "item": "dresser", "chance": 50,  "x": [ 21,21 ], "y": [ 21,21 ] },
                { "item": "novels", "chance": 20, "x": [ 8,8 ], "y": [ 3,5 ] },
                { "item": "novels", "chance": 20, "x": [ 13,13 ], "y": [ 10,12 ] },
                { "item": "cleaning", "chance": 70, "x": [ 10,13 ], "y": [ 3,5 ] },
                { "item": "softdrugs", "chance": 30, "x": [ 10,13 ], "y": [ 3,5 ] },
                { "item": "kitchen", "chance": 70, "x": [ 15,21 ], "y": [ 2,11 ] },
                { "item": "fridge", "chance": 70, "x": [ 21,21 ], "y": [ 11,11 ] },
                { "item": "oven", "chance": 70, "x": [ 21,21 ], "y": [ 10,10 ] },
                { "item": "kitchen", "chance": 70, "x": [ 21,21 ], "y": [ 9,9 ] },
                { "item": "trash", "chance": 70, "x": [ 1,3 ], "y": [ 0,0 ] },
                { "monster": "GROUP_ZOMBIE", "chance": 2, "x": [ 2, 21 ], "y": [ 2, 21 ] }
            ],
            "comment": "end of mapgen json definition ---v"
        },
        "comment": "end of mapgen entry ---v"
    }
]
