[
    {
        "type": "mapgen",
        "om_terrain": [
            "house"
        ],
        "method": "json",
        "weight": 300, "comment": "<--- low weight due to low randomness, remove when house mapgen pool is big",
        "object": {
            "rows": [
                "...............SSSSSSS..",
                ".--22--3--22--MMMMMMM--.",
                ".|777    7  7|       X|.",
                ".|           |        |.",
                ".|           |        |.",
                ".|           |        |.",
                ".|           +        |.",
                ".2           |        |.",
                ".2     B     |        |.",
                ".|        66 |        |.",
                ".|A       66B|        |.",
                ".|EGFE       |>>>>>>>>|.",
                ".|------+-------------|.",
                ".|8  A|             CC|.",
                ".|8  ;|      B       C|.",
                ".|    |            B  |.",
                ".|    +               |.",
                ".--22-|               |.",
                "......2               |.",
                "......2               |.",
                "....^.|      @@       |.",
                "......|      @@      :|.",
                "......-----------------.",
                "........................"
            ],
            "terrain": {
                ".": "t_grass",
                "-": "t_wall_h",
                "2": "t_window_domestic",
                "3": "t_door_locked",
                "|": "t_wall_v",
                " ": "t_floor",
                "6": "t_floor",
                "7": "t_floor",
                "8": "t_floor",
                "9": "t_floor",
                ":": "t_floor",
                ";": "t_floor",
                "+": "t_door_c",
                "=": "t_floor",
                ">": "t_floor",
                "?": "t_floor",
                "@": "t_floor",
                "A": "t_floor",
                "B": "t_floor",
                "C": "t_floor",
                "D": "t_floor",
                "E": "t_floor",
                "F": "t_floor",
                "G": "t_floor",
                "S": "t_sidewalk",
                "^": "t_tree",
                "M": "t_door_metal_locked",
                "X": "t_gates_mech_control"
            },
            "furniture": {
                "6": "f_table",
                "7": "f_bookcase",
                "8": "f_bathtub",
                "9": "f_rack",
                ":": "f_dresser",
                ";": "f_toilet",
                "=": "f_fireplace",
                ">": "f_counter",
                "?": "f_sofa",
                "@": "f_bed",
                "A": "f_sink",
                "B": "f_chair",
                "C": "f_desk",
                "D": "f_trashcan",
                "E": "f_cupboard",
                "F": "f_fridge",
                "G": "f_oven"
            },
            "place_specials": [
                { "type": "toilet", "x": 5, "y": 14 }
            ],
            "comment": "specific terrain/furniture/radiation. doing this until grass_or_dirt is supported ---v",
            "set": [
                { "point": "terrain", "id": "t_dirt", "x": 0, "y": [ 0, 23 ], "repeat": [ 5, 10 ] },
                { "point": "terrain", "id": "t_dirt", "x": 23, "y": [ 0, 23 ], "repeat": [ 5, 10 ] },
                { "point": "terrain", "id": "t_dirt", "x": [ 0, 23 ], "y": 23, "repeat": [ 5, 8 ] },
                { "point": "terrain", "id": "t_dirt", "x": [ 0, 14 ], "y": 0, "repeat": [ 5, 8 ] }
            ],
            "comment": "randomly picked from a group ---v",
            "place_groups": [
                { "vehicle": "car", "x": 17, "y": 6, "rotation": 90, "fuel": 70, "status": 0, "chance": 15  },
                { "item": "bed", "chance": 80,  "x": [13,14 ], "y": [20,21 ] },
                { "item": "bedroom", "chance": 75, "x": [ 6, 21 ], "y": [ 13,20 ], "repeat": [ 1, 2 ] },
                { "item": "livingroom", "chance": 80, "x": [ 1,12 ], "y": [ 2,6 ], "repeat": [ 1, 2 ] },
                { "item": "homeguns", "chance": 5, "x": [ 6,21 ], "y": [ 9,10 ] },
                { "item": "dresser", "chance": 50, "x": [ 21,21 ], "y": [ 21,21 ] },
                { "item": "kitchen", "chance": 75, "x": [ 1,12 ], "y": [ 8,11 ] },
                { "item": "fridge", "chance": 50, "x": [ 4,4 ], "y": [ 11,11 ] },
                { "item": "mischw", "chance": 90, "x": [ 13,20 ], "y": [ 2,11 ] },
                { "item": "oven", "chance": 50, "x": [ 3,3 ], "y": 11 },
                { "item": "softdrugs", "chance": 75, "x": [ 2,4 ], "y": [ 13,16 ] },
                { "item": "cleaning", "chance": 75, "x": [ 2,4 ], "y": [ 13,16] },
                { "monster": "GROUP_ZOMBIE", "chance": 2, "x": [ 2, 21 ], "y": [ 2, 21 ] }            ],
            "comment": "end of mapgen json definition ---v"
        },
        "comment": "end of mapgen entry ---v"
    }
]
