[
    {
        "type": "mapgen",
        "om_terrain": [
            "house"
        ],
        "method": "json",
        "weight": 300,
        "object": {
            "rows":
                  [
                "..SSSSSSS...............",
                "..SSSSSSS--33----------.",
                "..SSSSSSS|7   |      ;|.",
                "..SSSSSSS|7   |       |.",
                "..SSSSSSS|7   +       2.",
                "..SSSSSSS|7   |A    88|.",
                "..SSSSSSS|7   |     88|.",
                "..SSSSSSS|    |-------|.",
                "..SSSSSSS|    +  66  >|.",
                "..SSSSSSS3    |  66  A2.",
                "..zzzzzzz|    |      G2.",
                ".|-22222--    |      F|.",
                ".|???>>       |---+---|.",
                ".2?                  62.",
                ".2                   62.",
                ".|777        H     H 62.",
                ".|C  B     ------+----|.",
                ".|CC       |        CC|.",
                ".|-----3---|@@     B C|.",
                "..zzzzz.zzz|@@        |.",
                "...........|          |.",
                "...........|         :|.",
                "...........------22----.",
                "........................"
            ],
            "terrain": {
                ".": "t_grass",
                "-": "t_wall_h",
                "2": "t_window_domestic",
                "3": "t_door_locked",
                "|": "t_wall_v",
                " ": "t_floor",
                "6": "t_floor",
                "7": "t_floor",
                "8": "t_floor",
                "9": "t_floor",
                ":": "t_floor",
                ";": "t_floor",
                "+": "t_door_c",
                "=": "t_floor",
                ">": "t_floor",
                "?": "t_floor",
                "@": "t_floor",
                "A": "t_floor",
                "B": "t_floor",
                "C": "t_floor",
                "D": "t_floor",
                "E": "t_floor",
                "F": "t_floor",
                "G": "t_floor",
                "H": "t_floor",
                "z": "t_shrub",
                "S": "t_sidewalk",
                "^": "t_tree",
                "{": "t_door_glass_c",
                "[": "t_fence_v",
                "~": "t_fence_h"
            },
            "furniture": {
                "6": "f_table",
                "7": "f_bookcase",
                "8": "f_bathtub",
                "9": "f_rack",
                ":": "f_dresser",
                ";": "f_toilet",
                "=": "f_fireplace",
                ">": "f_counter",
                "?": "f_sofa",
                "@": "f_bed",
                "A": "f_sink",
                "B": "f_chair",
                "C": "f_desk",
                "D": "f_trashcan",
                "E": "f_cupboard",
                "F": "f_fridge",
                "H": "f_armchair",
                "G": "f_oven"
            },
            "place_specials": [
                { "type": "toilet", "x": 21, "y": 2 }
            ],
            "comment": "specific terrain/furniture/radiation. doing this until grass_or_dirt is supported ---v",
            "set": [
                { "point": "terrain", "id": "t_dirt", "x": 0, "y": [ 0, 23 ], "repeat": [ 5, 10 ] },
                { "point": "terrain", "id": "t_dirt", "x": 23, "y": [ 0, 23 ], "repeat": [ 5, 10 ] },
                { "point": "terrain", "id": "t_dirt", "x": [ 0, 23 ], "y": 23, "repeat": [ 5, 8 ] },
                { "point": "terrain", "id": "t_dirt", "x": [ 1, 10 ], "y": [ 19,21 ] , "repeat": [ 2, 8 ] }
                    ],
                        "comment": "randomly picked from a group ---v",
            "place_groups": [
                { "vehicle": "car_mini", "x": 5, "y": 5, "rotation": 270, "chance": 10  },
                { "item": "bed", "chance": 80,  "x": [12,13 ], "y": [18,19 ] },
                { "item": "homebooks", "chance": 60,  "x": [ 5,6 ], "y": [ 12,12 ] },
                { "item": "bedroom", "chance": 60,  "x": [ 12,21 ], "y": [ 17,21 ] },
                { "item": "homebooks", "chance": 60,  "x": [ 2,5 ], "y": [ 15,15 ] },
                { "item": "livingroom", "chance": 60,  "x": [ 1,10 ], "y": [ 12,17 ] },
                { "item": "office", "chance": 60,  "x": [ 2,5 ], "y": [ 12,17 ] },
                { "item": "dresser", "chance": 70,  "x": [ 21,21 ], "y": [ 21,21 ] },
                { "item": "novels", "chance": 50, "x": [ 10,10 ], "y": [ 2,7 ] },
                { "item": "cleaning", "chance": 70, "x": [ 16,20 ], "y": [ 2,6 ] },
                { "item": "softdrugs", "chance": 50, "x": [ 16,20 ], "y": [ 2,6 ] },
                { "item": "kitchen", "chance": 70, "x": [ 15,21 ], "y": [ 9,11 ] },
                { "item": "fridge", "chance": 70, "x": [ 21,21 ], "y": [ 11,11 ] },
                { "item": "oven", "chance": 70, "x": [ 21,21 ], "y": [ 10,10 ] },
                { "item": "kitchen", "chance": 70, "x": [ 21,21 ], "y": [ 9,9 ] },
                { "item": "livingroom", "chance": 50, "x": [ 15,21 ], "y": [ 13,15 ] },
                { "monster": "GROUP_ZOMBIE", "chance": 2, "x": [ 2, 21 ], "y": [ 2, 21 ] }
            ],
            "comment": "end of mapgen json definition ---v"
        },
        "comment": "end of mapgen entry ---v"
    }
]
