[
    {
        "type"  : "item_group",
        "id"    : "pwr_clothing",
        "items" : [
            ["hat_hard",         100],
            ["boots",            35],
            ["glasses_safety",   50]
        ]
    },
        {
        "type"  : "item_group",
        "id"    : "pwr_tools",
        "items" : [
            ["flashlight",       35],
            ["wrench",           50],
            ["screwdriver",      35]
        ]
    },
        {
        "type"  : "item_group",
        "id"    : "pwr_parts",
        "items" : [
            ["cable",            65],
            ["power_supply",     50],
            ["amplifier",        50]
        ]
    },
    {
        "type" : "mapgen",
        "om_terrain" : ["pwr_large_entrance"],
        "method": "json",
        "weight": 10,
        "object": {
        "fill_ter": "t_concrete",
            "rows": [
            "  |     ---------------|",
            "  |     |              |",
            " T|  T  |  ThB         |",
            "  |     |         {Bh} |",
            "  |     |     T  s8    |",
            "  |     |              |", 
            "  |     |         {Bh} |",
            "  |     |     T  s8    |",
            "  |     |              |",
            "  |     |         {Bh} |",
            "  |     |     T  s8    |",
            "  |     |              |",
            "  +     -----------+---|",
            "  |                    |",
            "  |                    |",
            "  |                    |",
            "wwwwWWWWwwww           |",
            "CCCCCccccccv           |",
            "***********d           |",
            "***********v       --+-|",
            "***********v       |   |",
            "wwwwWWWWwwww       |   |",
            "  |                |   |",
            "---------------------+--"
            ],
            "terrain": {
            " ": "t_concrete",
            "-": "t_chainfence_h",
            "|": "t_chainfence_v",
            "x": "t_chainfence_posts",
            "+": "t_chaingate_c",
            "T": "t_support_l",
            "B": "t_oil_circ_brkr_l",
            "s": "t_switchgear_s",
            "w": "t_wall_h",
            "v": "t_wall_v",
            "d": "t_door_locked",
            "C": "t_console_broken",
            "*": "t_floor",
            "c": "t_floor",
            "}": "t_lgtn_arrest",
            "h": "t_station_disc",
            "{": "t_current_trans",
            "8": "t_potential_trans",
            "W": "t_window"
            },
            "furniture": {
            "c": "f_counter"
            },
            "place_groups": [
                { "item": "pwr_clothing",   "x": 10, "y": 17, "chance": 18 },
                { "item": "pwr_parts",      "x": 10, "y": 17, "chance": 12 },
                
                { "item": "pwr_clothing",   "x": 8, "y": 17, "chance": 12 },
                { "item": "pwr_tools",      "x": 8, "y": 17, "chance": 36 },
                { "item": "pwr_parts",      "x": 8, "y": 17, "chance": 12 },
                
                { "item": "pwr_clothing",   "x": 7, "y": 17, "chance": 6 },
                { "item": "pwr_tools",      "x": 7, "y": 17, "chance": 48 },
                { "item": "pwr_parts",      "x": 7, "y": 17, "chance": 36 },
                
                { "item": "pwr_clothing",   "x": 5, "y": 17, "chance": 12 },
                { "item": "pwr_tools",      "x": 5, "y": 17, "chance": 24 },
                { "item": "pwr_parts",      "x": 5, "y": 17, "chance": 12 }
                ]
        }
    },{
        "type" : "mapgen",
        "om_terrain" : ["pwr_large_2"],
        "method": "json",
        "weight": 10,
        "object": {
        "fill_ter": "t_concrete",
            "rows": [
            "|         |             ",
            "|         |         888 ",
            "|       T | T   hST 888 ",
            "|         |         888 ",
            "|         |             ",
            "|         |             ",
            "|         |             ",
            "|         |             ",
            "|         |             ",
            "|         |             ",
            "|         |             ",
            "|         |             ",
            "|         |             ",
            "|         |             ",
            "|         |             ",
            "|         |             ",
            "|         |     wwwwWWWW",
            "|         |     vccccccC",
            "|         +     d*******",
            "|         |     v*******",
            "|         |     v*******",
            "|         |     wwwwWWWW",
            "|         |             ",
            "------------------------"
            ],
            "terrain": {
            " ": "t_concrete",
            "-": "t_chainfence_h",
            "|": "t_chainfence_v",
            "x": "t_chainfence_posts",
            "+": "t_chaingate_c",
            "T": "t_support_l",
            "S": "t_switchgear_l",
            "w": "t_wall_h",
            "v": "t_wall_v",
            "d": "t_door_locked",
            "C": "t_console_broken",
            "*": "t_floor",
            "c": "t_floor",
            "h": "t_station_disc",
            "8": "t_potential_trans",
            "W": "t_window"
            },
            "furniture": {
            "c": "f_counter"
            },
            "place_groups": [
                { "item": "pwr_clothing",   "x": 17, "y": 17, "chance": 24 },
                { "item": "pwr_parts",      "x": 17, "y": 17, "chance": 12 },
                
                { "item": "pwr_clothing",   "x": 18, "y": 17, "chance": 18 },
                { "item": "pwr_parts",      "x": 18, "y": 17, "chance": 36 },
                
                { "item": "pwr_clothing",   "x": 20, "y": 17, "chance": 12 },
                { "item": "pwr_tools",      "x": 20, "y": 17, "chance": 24 },
                { "item": "pwr_parts",      "x": 20, "y": 17, "chance": 12 },
                
                { "item": "pwr_clothing",   "x": 22, "y": 17, "chance": 12 },
                { "item": "pwr_tools",      "x": 22, "y": 17, "chance": 24 },
                { "item": "pwr_parts",      "x": 22, "y": 17, "chance": 12 }
                ]
        }
    },{
        "type" : "mapgen",
        "om_terrain" : ["pwr_large_3"],
        "method": "json",
        "weight": 10,
        "object": {
        "fill_ter": "t_concrete",
            "rows": [
            "------------------------",
            "|         |             ",
            "|    }    |             ",
            "|    h    |             ",
            "|    B    |             ",
            "|    {    |             ",
            "|    h    |             ",
            "|    T    |             ",
            "|         |             ",
            "|         |             ",
            "|         |             ",
            "|    T    |             ",
            "|    {B   |             ",
            "|   S8    |             ",
            "|         |             ",
            "|    T    |             ",
            "|         |             ",
            "|         |         888 ",
            "|       T | T   hST 888 ",   
            "|         |         888 ",
            "|         |             ",
            "|         |             ",
            "|       T |             ",
            "|         |             "
            ],
            "terrain": {
            " ": "t_concrete",
            "-": "t_chainfence_h",
            "|": "t_chainfence_v",
            "x": "t_chainfence_posts",
            "T": "t_support_l",
            "B": "t_oil_circ_brkr_l",
            "S": "t_switchgear_l",
            "}": "t_lgtn_arrest",
            "h": "t_station_disc",
            "{": "t_current_trans",
            "8": "t_potential_trans"
            }
        }
    },{
        "type" : "mapgen",
        "om_terrain" : ["pwr_large_4"],
        "method": "json",
        "weight": 10,
        "object": {
        "fill_ter": "t_concrete",
            "rows": [
            "------------------------",
            "  |     |              |",
            "  |     |  }    }   }  |",
            "  |     |  h    h   h  |",
            "  |     |  B    B   B  |",
            "  |     |  {8  8{  8{  |",
            "  |     |   s  s   s   |",
            "  |     |              |",
            "  |     |   T      T   |",
            "  |     |      hB      |",
            "  |     |      T       |",
            "  |     |              |",
            "  |     -----------+---|",
            "  |                    |",
            "  |            T       |",
            "  |                    |",
            "  |                    |",
            "  |                    |",
            " T|  T    T    T       |",
            "  |                    |",
            "  |                    |",
            "  |                    |",
            "  |                    |",
            "  |                    |"
            ],
            "terrain": {
            " ": "t_concrete",
            "-": "t_chainfence_h",
            "|": "t_chainfence_v",
            "x": "t_chainfence_posts",
            "+": "t_chaingate_c",
            "T": "t_support_l",
            "B": "t_oil_circ_brkr_l",
            "s": "t_switchgear_s",
            "}": "t_lgtn_arrest",
            "h": "t_station_disc",
            "{": "t_current_trans",
            "8": "t_potential_trans"
            }
        }
    }
]
