[
    {
        "type"  : "item_group",
        "id"    : "restaur_table",
        "items" : [
            ["candlestick",   50],
            ["ceramic_plate", 70],
            ["ceramic_bowl",  50],
            ["glass",         70],
            ["spoon",         50],
            ["fork",          50],
            ["knife_butter",  40],
            ["knife_steak",   35],
            ["spork",          10],
            ["foon",          10],
            ["bottle_glass",  15],
            ["fruit_wine",    10],
            ["wine_riesling",  7],
            ["wine_chardonnay",8],
            ["wine_cabernet",  8],
            ["wine_noir",      6],
            ["currywurst",     5],
            ["macaroni_cooked",5],
            ["lasagne",        5],
            ["spaghetti_pesto",5]
        ]
    },
    {
        "type"  : "item_group",
        "id"    : "restaur_fridge",
        "items" : [
            ["water_clean",   10],
            ["water_mineral", 10],
            ["milk",          20],
            ["yoghurt",       10],
            ["pudding",       15],
            ["apple",         10],
            ["sandwich_t",   15],
            ["mushroom",      20],
            ["tomato",        20],
            ["lettuce",       15],
            ["zucchini",      15],
            ["onion",         15],
            ["carrot",        15],
            ["potato_raw",    15],
            ["irradiated_tomato", 4],
            ["irradiated_lettuce",4],
            ["irradiated_zucchini",4],
            ["irradiated_onion",  4],
            ["irradiated_carrot", 4],
            ["chili",         10],
            ["fruit_wine",    10],
            ["wine_riesling",  7],
            ["wine_chardonnay",8],
            ["wine_cabernet",  8],
            ["wine_noir",      6],
            ["fish_fried",     7],
            ["cheese",        10],
            ["lemon",         15],
            ["pickle",        10],
            ["lutefisk",      15],
            ["fries",         15],
            ["cheese_fries",  10],
            ["onion_rings",   10],
            ["royal_beef",     1],
            ["sauce_red",      8],
            ["sausage",       10],
            ["soup_meat",     10]
        ]
    },
    {
        "type"  : "item_group",
        "id"    : "restaur_kitchen",
        "items" : [
            ["vinegar",         20],
            ["jam_fruit",        5],
            ["jam_strawberries", 5],
            ["jam_blueberries",  5],
            ["bread",           17],
            ["cornbread",        7],
            ["biscuit",          8],
            ["seasoning_salt",  15],
            ["seasoning_italian",15],
            ["can_chicken",     10],
            ["pepper",          15],
            ["salt",            20],
            ["sugar",            5],
            ["flour",           17],
            ["cookbook",         8],
            ["cookbook_italian", 9],
            ["cornmeal",         3],
            ["knife_steak",     15],
            ["chilly-p",        15],
            ["curry_powder",    15],
            ["spaghetti_raw",   20],
            ["lasagne_raw",     20],
            ["macaroni_raw",    20],
            ["knife_butcher",   10]
            
        ]
    },
    {
        "type"  : "item_group",
        "id"    : "restaur_bath",
        "items" : [
            ["coke",          5],
            ["restaurantmap", 2],
            ["touristmap",    2],
            ["purse",        10],
            ["hairpin",      10],
            ["cig",          10],
            ["news_regional",10],
            ["mag_news",     10]
        ]
    },
    {
        "type"  : "item_group",
        "id"    : "restaur_trash",
        "items" : [
            ["wrapper",       40],
            ["bag_plastic",   35],
            ["bottle_glass",  35],
            ["rag",           30],
            ["flyer",         15],
            ["mag_news",      15],
            ["news_regional", 15],
            ["glass_shard",   30],
            ["jug_plastic",   25],
            ["fetus",          1]
        ]
    },
    {
        "type"  : "item_group",
        "id"    : "restaur_rack",
        "items" : [
            ["ceramic_plate",   50],
            ["glass",           50],
            ["knife_butter",    30],
            ["knife_steak",     15],
            ["spoon",           20],
            ["fork",            20],
            ["spork",            5],
            ["foon",             5],
            ["fruit_wine",      20],
            ["wine_riesling",   10],
            ["wine_chardonnay", 13],
            ["wine_cabernet",   13],
            ["wine_noir",        9],
            ["hat_chef",        30],
            ["jacket_chef",     30],
            ["pants_checkered", 28]
        ]
    },
    {
        "type"  : "item_group",
        "id"    : "restaur_sink",
        "items" : [
            ["ceramic_plate",  50],
            ["glass",         50],
            ["knife_butter",  50],
            ["knife_steak",   25],
            ["spoon",         50],
            ["fork",          50],
            ["spork",          5],
            ["foon",           5]
        ]
    },
    {
        "type" : "mapgen",
        "om_terrain" : ["s_restaurant"],
        "method": "json",
        "weight": 1000,
        "object": {
            "fill_ter": "t_floor",
            "rows": [
                "____,____,____,____,____",
                "____,____,____,____,____",
                "____,____,____,____,____",
                "____,____,____,____,____",
                "|-GGGGGG---++---GGGGGG-|",
                "|......................|",
                "C..BB...BB....BB...BB..C",
                "W..TT...TT....TT...TT..W",
                "W..TT...TT....TT...TT..W",
                "C..BB...BB....BB...BB..C",
                "|^....................^|",
                "C..BB...BB....BB...BB..C",
                "W..TT...TT....TT...TT..W",
                "W..TT...TT....TT...TT..W",
                "C..BB...BB....BB...BB..C",
                "|---...................|",
                "|Sg|...................|",
                "|Pg+..|-------------|..|",
                "|--|..|FF#SS##OO##{{|..|",
                "|Pg+..|wgwgwgwgwgwgw|..|",
                "|Sg|..|&&###RR###gwg+..|",
                "|-----------------C-|..|",
                "_______dd___________D..|",
                "____________________|--|"
            ],
            "terrain": {
                "|": "t_wall_v",
                "-": "t_wall_h",
                "W": "t_window",
                "+": "t_door_c",
                "D": "t_door_locked",
                "_": "t_pavement",
                ",": "t_pavement_y",
                "G": "t_wall_glass_h",
                "C": "t_curtains",
                "w": "t_linoleum_white",
                "g": "t_linoleum_gray",
                "d": "t_pavement",
                "S": "t_linoleum_white",
                "P": "t_linoleum_white",
                "F": "t_linoleum_gray",
                "#":  "t_linoleum_white",
                "R": "t_linoleum_white",
                "O": "t_linoleum_white",
                "{": "t_linoleum_gray",
                "&": "t_linoleum_gray"
            },
            "furniture": {
                "B": "f_bench",
                "T": "f_table",
                "#": "f_counter",
                "F": "f_fridge",
                "S": "f_sink",
                "P": "f_toilet",
                "d": "f_dumpster",
                "{": "f_rack",
                "O": "f_oven",
                "R": "f_woodstove",
                "&": "f_trashcan",
                "^": "f_indoor_plant"
            },
            "place_specials": [
                { "type": "toilet", "x": 1, "y": 17 },
                { "type": "toilet", "x": 1, "y": 19 }
            ],
            "place_groups": [
                {"item": "restaur_table",  "chance": 25, "x": [3,4],   "y": [7,8], "repeat": [1,2]},
                {"item": "restaur_table",  "chance": 25, "x": [8,9],   "y": [7,8], "repeat": [1,2]},
                {"item": "restaur_table",  "chance": 25, "x": [14,15], "y": [7,8], "repeat": [1,2]},
                {"item": "restaur_table",  "chance": 25, "x": [19,20], "y": [7,8], "repeat": [1,2]},
                
                {"item": "restaur_table",  "chance": 25, "x": [3,4],   "y": [12,13], "repeat": [1,2]},
                {"item": "restaur_table",  "chance": 25, "x": [8,9],   "y": [12,13], "repeat": [1,2]},
                {"item": "restaur_table",  "chance": 25, "x": [14,15], "y": [12,13], "repeat": [1,2]},
                {"item": "restaur_table",  "chance": 25, "x": [19,20], "y": [12,13], "repeat": [1,2]},
                
                {"item": "restaur_bath",  "chance": 25, "x": 2, "y": [17,18] },
                {"item": "restaur_bath",  "chance": 25, "x": 2, "y": [20,21] },
                
                {"item": "restaur_fridge", "chance": 70, "x": [7,8],   "y": 18, "repeat": [2,3]},
                {"item": "restaur_sink",   "chance": 75, "x": [10,11], "y": 18, "repeat": [2,3]},
                {"item": "restaur_kitchen","chance": 25, "x": 9,       "y": 18, "repeat": [1,2]},
                {"item": "restaur_kitchen","chance": 25, "x": [12,13], "y": 18, "repeat": [1,2]},
                {"item": "restaur_kitchen","chance": 25, "x": [16,17], "y": 18, "repeat": [1,2]},
                {"item": "restaur_rack",   "chance": 75, "x": [18,19], "y": 18, "repeat": [1,2]},
                {"item": "restaur_trash",  "chance": 75, "x": [7,8],   "y": 20, "repeat": [1,3]},
                {"item": "restaur_kitchen","chance": 25, "x": [9,11],  "y": 20, "repeat": [1,2]},
                {"item": "restaur_kitchen","chance": 25, "x": [14,16], "y": 20, "repeat": [1,2]},
                
                {"item": "restaur_trash",  "chance": 50, "x": [7,8],   "y": 22, "repeat": [1,2]},
                {"item": "trash",          "chance": 50, "x": [7,8],   "y": 22, "repeat": [1,2]},
                {"item": "trash",          "chance": 20, "x": [0,17],  "y": [22,23], "repeat": [1,2]},
                
                {"monster": "GROUP_GROCERY","chance": 5, "x": [7,19],  "y": 19}
            ] 
        }
    }
]