[
    {
        "type": "mapgen",
        "om_terrain": [
            "s_gas_rural"
        ],
        "method": "json",
        "weight": 333,
        "object": {
            "rows": [
                "________________________",
                "________________________",
                "________________________",
                "________________________",
                "________________________",
                "________________________",
                "________________________",
                "________________________",
                "________________________",
                "........................",
                ".#~~~~~~~#    #~~~~~~~#.",
                ".[                    [.",
                ".####0#####33#####0####.",
                ".#9999  99      >    9#.",
                ".#      99      >    9#.",
                ".#9999  99      >     #.",
                ".#              >  >>>#.",
                ".#FFFFFFFF            #.",
                ".##########3########  #.",
                ".#@@  BC#?  B66  F>#3##.",
                ".#@@   C#?        ># ;#.",
                ".#:     3      H  =#A #.",
                ".##00##################.",
                "........................"
            ],
            "terrain": {
                ".": "t_grass",
                "#": "t_wall_log",
                "2": "t_window_domestic",
                "0": "t_curtains",
                "3": "t_door_locked",
                " ": "t_floor",
                "6": "t_floor",
                "7": "t_floor",
                "8": "t_floor",
                "9": "t_floor",
                ":": "t_floor",
                ";": "t_floor",
                "+": "t_door_c",
                "=": "t_rock_floor",
                ">": "t_floor",
                "?": "t_floor",
                "@": "t_floor",
                "A": "t_floor",
                "B": "t_floor",
                "C": "t_floor",
                "D": "t_floor",
                "E": "t_floor",
                "F": "t_floor",
                "G": "t_floor",
                "H": "t_floor",
                "z": "t_shrub",
                "S": "t_sidewalk",
                "^": "t_tree",
                "{": "t_door_glass_c",
                "[": "t_fence_v",
                "_": "t_pavement",
                "~": "t_fence_h"
            },
            "furniture": {
                "6": "f_table",
                "7": "f_bookcase",
                "8": "f_bathtub",
                "9": "f_rack",
                ":": "f_dresser",
                ";": "f_toilet",
                "=": "f_woodstove",
                ">": "f_counter",
                "?": "f_sofa",
                "@": "f_bed",
                "A": "f_sink",
                "B": "f_chair",
                "C": "f_desk",
                "D": "f_trashcan",
                "E": "f_cupboard",
                "F": "f_glass_fridge",
                "H": "f_armchair",
                "G": "f_oven"
            },
          "place_specials": [
            { "type": "toilet", "x": 20, "y": 21 },
            { "type": "gaspump", "x": 16, "y": 5 },
            { "type": "gaspump", "x": 7, "y": 5 }
            ],
        "add": [
            { "item": "shotgun_s", "x": 3, "y": 20 },
            { "item": "pot", "x": 18, "y": 21 },
            { "item": "shot_00", "x": 7, "y": 19, "chance": 2}
            ],
        "comment": "specific terrain/furniture/radiation. doing this until grass_or_dirt is supported ---v",
        "set": [
                { "point": "terrain", "id": "t_dirt", "x": 0, "y": [ 0, 23 ], "repeat": [ 5, 10 ] },
                { "point": "terrain", "id": "t_dirt", "x": 23, "y": [ 0, 23 ], "repeat": [ 5, 10 ] },
                { "point": "terrain", "id": "t_dirt", "x": [ 0, 23 ], "y": 23, "repeat": [ 5, 8 ] },
                { "point": "terrain", "id": "t_dirt", "x": [ 0, 23], "y": [ 0,2 ], "repeat": [ 8, 10 ] },
                { "point": "terrain", "id": "t_dirt", "x": [ 0, 23], "y": [ 0,4 ], "repeat": [ 8, 2] }
                ],
        "comment": "randomly picked from a group ---v",
        "place_groups": [
            { "item": "bed", "chance": 80, "x": [ 2,3 ],    "y": [ 19, 20 ]},
            { "item": "dresser", "chance": 80, "x": 2,    "y": 21},
            { "item": "fridgesnacks", "chance": 80, "x": [ 2,9 ],    "y": 17},
            { "item": "fridge", "chance": 80, "x":  17,    "y": 19},				
            { "item": "snacks",     "chance": 80, "x": [ 2,5 ],   "y": 15},
            { "item": "behindcounter",     "chance": 80, "x": [ 21,21 ],   "y": [13,14] },
            { "item": "road",     "chance": 20, "x": [ 20,20 ],   "y": [13,14] },
            { "item": "snacks",     "chance": 13, "x": [ 2,5 ],   "y": 13},
            { "item": "camping",    "chance": 70, "x": [ 9,9 ], "y": [ 15,15 ] },
            { "item": "homebooks",  "chance": 60, "x": [ 7,7 ], "y": [ 19,20 ] },
            { "item": "magazines",  "chance": 90, "x": [ 9,9 ], "y": [ 13,15 ] },
            { "item": "softdrugs",  "chance": 80, "x": [ 8,8 ], "y": [ 13,15 ] }
            ],
            "comment": "end of mapgen json definition ---v"
        },
        "comment": "end of mapgen entry ---v"
    }
]
