{
    "tile_info":
    [
        {
            "height": 10,
            "width": 10
        }
    ],
    "tiles-new": [
    {
    "file": "gfx/RetroASCIITileset/retroasciitiles.png",
    "transparency": { "R": 0, "G": 0, "B": 0 },
    "tiles":
    [
        {
            "id": "infrared_creature",
            "fg": 2831
        },
        {
            "id":"highlight_item",
            "fg":368,
            "rotates":false
        },
        {
            "id":"footstep",
            "fg":316,
            "rotates":false
        },
        {
            "id":"unknown",
            "fg":54,
            "rotates":false
        },
        {
            "id":"animation_hit",
            "bg":315
        },
        {
            "id":"line_target",
            "fg":288
        },
        {
            "id":"line_trail",
            "bg":288
        },
        {
            "id":"animation_line",
            "bg":49
        },
        {
            "id":"cursor",
            "fg":272
        },
        {
            "id":"lighting_boomered_light",
            "fg":50,
            "rotates":false
        },
        {
            "id":"lighting_boomered_dark",
            "fg":51,
            "rotates":false
        },
        {
            "id":"lighting_lowlight_light",
            "fg":52,
            "rotates":false
        },
        {
            "id":"lighting_lowlight_dark",
            "fg":53,
            "rotates":false
        },
        {
            "id":"lighting_hidden",
            "fg":0,
            "bg":0,
            "rotates":false
        },
        {
            "id":"weather_rain_drop",
            "bg":13
        },
        {
            "id":"player_male",
            "fg":193,
            "rotates":false
        },
        {
            "id":"player_female",
            "fg":194,
            "rotates":false
        }
    ],
    "ascii":
        [
{ "offset": 1744, "color": "BLACK" },
{ "offset": 2000, "bold": true, "color": "WHITE" },
{ "offset": 2256, "color": "WHITE" },
{ "offset": 2512, "bold": true, "color": "BLACK" },
{ "offset": 2768, "color": "RED" },
{ "offset": 3024, "color": "GREEN" },
{ "offset": 3280, "color": "BLUE" },
{ "offset": 3536, "color": "CYAN" },
{ "offset": 3792, "color": "MAGENTA" },
{ "offset": 4048, "color": "YELLOW" },
{ "offset": 4304, "bold": true, "color": "RED" },
{ "offset": 4560, "bold": true, "color": "GREEN" },
{ "offset": 4816, "bold": true, "color": "BLUE" },
{ "offset": 5072, "bold": true, "color": "CYAN" },
{ "offset": 5328, "bold": true, "color": "MAGENTA" },
{ "offset": 5584, "bold": true, "color": "YELLOW" }
    ]
    }
    ]
}
