[
 {
        "type" : "recipe",
  "result": "hbolt_wood",
  "category": "CC_AMMO",
  "subcategory": "CSC_AMMO_ARROWS",
  "skill_used": "fabrication",
  "skills_required": [ "archery", 2 ],
  "difficulty": 2,
  "time": 10000,
  "reversible": false,
  "autolearn": true,
  "qualities" : [
    {"id":"CUT","level":1,"amount":1}
  ],
  "components": [
    [
      [ "stick", 5 ],
      [ "broom", 5 ],
      [ "mop", 5 ],
      [ "2x4", 5 ],
      [ "log", 1 ]
    ]
  ]
}, {
        "type" : "recipe",
  "result": "scrap",
  "category": "CC_UNCRAFT",
  "subcategory": "CSC_UNCRAFT",
  "skill_used": "fabrication",
  "difficulty": 1,
  "time": 0,
  "reversible": true,
  "autolearn": false,
  "qualities" : [
    {"id":"CUT","level":1,"amount":1}
  ],
  "components": [
    [
      [ "shards", 10 ]
    ]
  ]
},{
        "type" : "recipe",
  "result": "rebar",
  "id_suffix" : "Into metal shards",
  "category": "CC_UNCRAFT",
  "subcategory": "CSC_UNCRAFT",
  "skill_used": "fabrication",
  "difficulty": 1,
  "time": 0,
  "reversible": true,
  "autolearn": false,
  "qualities" : [
    {"id":"HAMMER","level":1,"amount":1},
    {"id":"SAW_M","level":1,"amount":1}
  ],
    "components": [
    [
      [ "shards", 200 ]
    ]
  ]
},{
        "type" : "recipe",
  "result": "hbolt_metal",
  "category": "CC_AMMO",
  "subcategory": "CSC_AMMO_ARROWS",
  "skill_used": "fabrication",
  "skills_required": [ "archery", 2 ],
  "difficulty": 2,
  "time": 15000,
  "reversible": false,
  "autolearn": true,
  "qualities" : [
    {"id":"CUT","level":1,"amount":1}
    ],
  "tools" : [
    [
      [ "soldering_iron", 10 ],
      [ "toolset", 10 ]
    ]
  ],
  "components": [
    [
      [ "stick", 5 ],
      [ "broom", 5 ],
      [ "mop", 5 ],
      [ "2x4", 5 ],
      [ "log", 1 ]
    ],
      [
        [ "scrap", 10 ],
        [ "rebar", 2 ]
      ]
  ]
  },
  {
        "type" : "recipe",
  "result": "canbombacid",
  "category": "CC_AMMO",
  "subcategory": "CSC_AMMO_OTHER",
  "skill_used": "fabrication",
  "difficulty": 3,
  "time": 5000,
  "reversible": false,
  "autolearn": true,
  "qualities" : [
    {"id":"CUT","level":1,"amount":1}
  ], "tools" : [
    [
      [ "soldering_iron", 10 ],
      [ "toolset", 10 ],
      [ "duct_tape", 5 ]
    ]
  ],
  "components": [
    [
      [ "can_food", 1 ],
      [ "can_drink", 1 ],
      [ "canister_empty", 1 ]
    ], [
        [ "acid", 4 ]
      ]
  ]
},{
        "type" : "recipe",
  "result": "canbombfrag",
  "category": "CC_AMMO",
  "subcategory": "CSC_AMMO_OTHER",
  "skill_used": "fabrication",
  "difficulty": 3,
  "time": 5000,
  "reversible": false,
  "autolearn": true,
  "qualities" : [
    {"id":"CUT","level":1,"amount":1}
  ], "tools" : [
    [
      [ "soldering_iron", 10 ],
      [ "toolset", 10 ],
      [ "duct_tape", 5 ]
    ]
  ],
  "components": [
    [
      [ "can_food", 1 ],
      [ "can_drink", 1 ],
      [ "canister_empty", 1 ]
    ], [
        [ "gunpowder", 72 ],
        [ "gasoline", 200 ],
        [ "diesel", 200 ]
    ],[
        [ "lead", 120 ],
        [ "nail", 30 ],
        [ "bb", 100 ],
        [ "shards", 50]
      ],
      [
        ["smpistol_primer", 1 ],
        ["lgpistol_primer", 1],
        ["smrifle_primer", 1],
        ["lgrifle_primer", 1],
        ["shotgun_primer", 1]
    ]
  ]
},
{
        "type" : "recipe",
  "result": "canbomb",
  "category": "CC_AMMO",
  "subcategory": "CSC_AMMO_OTHER",
  "skill_used": "fabrication",
  "difficulty": 3,
  "time": 5000,
  "reversible": false,
  "autolearn": true,
  "qualities" : [
    {"id":"CUT","level":1,"amount":1}
  ], "tools" : [
    [
      [ "soldering_iron", 10 ],
      [ "toolset", 10 ],
      [ "duct_tape", 5 ]
    ]
  ],
  "components": [
    [
      [ "can_food", 1 ],
      [ "can_drink", 1 ],
      [ "canister_empty", 1 ]
    ],
    [
        [ "gunpowder", 216 ],
        [ "gasoline", 600 ],
        [ "diesel", 600 ]
    ],
    [
        ["smpistol_primer", 1 ],
        ["lgpistol_primer", 1],
        ["smrifle_primer", 1],
        ["lgrifle_primer", 1],
        ["shotgun_primer", 1]
    ]
                ]
},
{
        "type" : "recipe",
  "result": "canbombgas",
  "category": "CC_AMMO",
  "subcategory": "CSC_AMMO_OTHER",
  "skill_used": "fabrication",
  "skills_required": [ "cooking", 1 ],
  "difficulty": 3,
  "time": 5000,
  "reversible": false,
  "autolearn": true,
  "qualities" : [
    {"id":"CUT","level":1,"amount":1}
  ], "tools" : [
    [
      [ "soldering_iron", 5 ],
      [ "toolset", 5 ],
      [ "duct_tape", 2 ]
    ]
  ],
  "components": [
    [
      [ "can_food", 1 ],
      [ "can_drink", 1 ],
      [ "canister_empty", 1 ]
    ],
    [
      [ "bleach", 2 ],
      [ "oxy_powder", 200 ]
    ],
    [
      [ "ammonia", 2 ],
      [ "lye_powder", 200 ]
    ]
                ]
},{
        "type" : "recipe",
  "result": "canbombfire",
  "category": "CC_AMMO",
  "subcategory": "CSC_AMMO_OTHER",
  "skill_used": "fabrication",
  "skills_required": [ "mechanics", 1 ],
  "difficulty": 3,
  "time": 5000,
  "reversible": false,
  "autolearn": true,
  "qualities" : [
    {"id":"CUT","level":1,"amount":1}
  ], "tools" : [
    [
      [ "soldering_iron", 5 ],
      [ "toolset", 5 ],
      [ "duct_tape", 2 ]
    ]
  ],
  "components": [
    [
      [ "can_food", 1 ],
      [ "can_drink", 1 ],
      [ "canister_empty", 1 ]
    ],
    [
      [ "whiskey", 7 ],
      [ "single_malt_whiskey", 7 ],
      [ "vodka", 7 ],
      [ "rum", 7 ],
      [ "tequila", 7 ],
      [ "gin", 7 ],
      [ "triple_sec", 7 ],
      [ "moonshine", 7 ],
      [ "brandy", 7 ],
      [ "lamp_oil", 150 ],
      [ "gasoline", 200 ],
      [ "diesel", 200],
      [ "napalm", 100]
    ],
    [
        ["smpistol_primer", 1 ],
        ["lgpistol_primer", 1],
        ["smrifle_primer", 1],
        ["lgrifle_primer", 1],
        ["shotgun_primer", 1]
    ]
                ]
    },
{
        "type" : "recipe",
  "result": "canbombfire2",
  "category": "CC_AMMO",
  "subcategory": "CSC_AMMO_OTHER",
  "skill_used": "fabrication",
  "skills_required": [ "cooking", 2 ],
  "difficulty": 3,
  "time": 5000,
  "reversible": false,
  "autolearn": true,
  "qualities" : [
    {"id":"CUT","level":1,"amount":1},
    {"id":"BOIL","level":1,"amount":1}
  ], "tools" : [
    [
      [ "soldering_iron", 5 ],
      [ "toolset", 5 ],
      [ "duct_tape", 2 ]
    ],
    [
      [ "hotplate", 3 ],
      [ "toolset", 3 ],
      [ "fire", -1 ]
    ]
  ],
  "components": [
    [
      [ "can_food", 1 ],
      [ "can_drink", 1 ],
      [ "canister_empty", 1 ]
    ],
    [
      [ "whiskey", 21 ],
      [ "single_malt_whiskey", 21 ],
      [ "vodka", 21 ],
      [ "rum", 21 ],
      [ "tequila", 21 ],
      [ "gin", 21 ],
      [ "triple_sec", 21 ],
      [ "moonshine", 21 ],
      [ "brandy", 21 ],
      [ "lamp_oil", 600 ],
      [ "gasoline", 1000 ],
      [ "diesel", 1000],
      [ "napalm", 400]
    ],
      [
        ["smpistol_primer", 1 ],
        ["lgpistol_primer", 1],
        ["smrifle_primer", 1],
        ["lgrifle_primer", 1],
        ["shotgun_primer", 1]
    ]
  ]
},
{
        "type" : "recipe",
  "result": "turretframe",
  "category": "CC_OTHER",
  "subcategory": "CSC_OTHER_MATERIALS",
  "skill_used": "fabrication",
  "skills_required": [ "mechanics", 3 ],
  "difficulty": 3,
  "time": 9000,
  "reversible": false,
  "autolearn": true,
  "qualities":[
    {"id":"HAMMER","level":2,"amount":1},
    {"id":"SAW_M","level":1,"amount":1}
  ],
  "tools": [
    [
      [ "goggles_welding", -1 ]
    ],
    [
      [ "welder", 90 ],
      [ "welder_crude", 120 ],
      [ "toolset", 120 ],
      ["oxy_torch", 9]
    ]
  ],
  "components": [
    [
      [ "pipe", 4 ]
    ],
    [
      [ "xlframe", 1 ]
    ],
    [
      [ "chain", 2 ],
      [ "bearing", 200]
    ],
    [
      [ "scrap", 6 ],
      [ "steel_chunk", 2]
    ],
    [
      ["spring", 2]
    ]
  ]
},
{
        "type" : "recipe",
  "result": "controlframe",
  "category": "CC_OTHER",
  "subcategory": "CSC_OTHER_MATERIALS",
  "skill_used": "fabrication",
  "skills_required": [[ "electronics", 5 ], [ "computer", 5 ]],
  "difficulty": 5,
  "time": 30000,
  "reversible": false,
  "autolearn": true,
  "qualities":[
    {"id":"HAMMER","level":2,"amount":1},
    {"id":"SAW_M","level":1,"amount":1},
    {"id":"SCREW","level":1,"amount":1},
    {"id":"WRENCH","level":1,"amount":1}
  ],
  "tools": [
    [
      [ "goggles_welding", -1 ]
    ],
    [
      [ "welder", 90 ],
      [ "welder_crude", 120 ],
      [ "toolset", 120 ],
      ["oxy_torch", 9]
    ]
  ],
  "components": [
    [
      [ "turretframe", 1 ]
    ],
    [
      [ "motor", 1 ],
      [ "motor_small", 1]
    ],
    [
      [ "processor", 2 ]
    ],
    [
      [ "RAM", 2 ]
    ],
    [
      [ "small_storage_battery", 1 ],
      [ "UPS_off", 1 ]
    ],
    [
      [ "e_scrap", 2 ]
    ],
    [
      [ "solar_cell", 6 ]
    ],
    [
      [ "chain", 1 ]
    ],
    [
      [ "cable", 20 ]
    ],
    [
      [ "power_supply", 1 ]
    ]
  ]
},
{
        "type" : "recipe",
  "result": "2xSMG",
  "category": "CC_OTHER",
  "subcategory": "CSC_OTHER_PARTS",
  "skill_used": "mechanics",
  "skills_required": [ "gun", 4 ],
  "difficulty": 6,
  "time": 32000,
  "reversible": true,
  "autolearn": true,
  "qualities":[
    {"id":"HAMMER","level":2,"amount":1},
    {"id":"SAW_M","level":1,"amount":1}
  ], "tools": [
    [
      [ "goggles_welding", -1 ]
    ],
    [
      [ "welder", 50 ],
      [ "welder_crude", 75 ],
      [ "toolset", 75 ],
      [ "oxy_torch", 5]
    ],
    [
      [ "small_repairkit", 100 ],
      [ "large_repairkit", 25 ]
    ]
  ],
  "components": [
    [
      ["pipe", 2],
      ["rebar", 1]
    ],
    [
      ["metal_tank_small", 1]
    ],
    [
      ["controlframe", 1]
    ],
    [
      ["spring", 2]
    ],
    [
      ["funnel", 2],
      ["makeshift_funnel", 2]
    ],
    [
      [ "scrap", 6],
      [ "steel_chunk", 2]
    ],
    [
    ["american_180", 1],
    ["uzi", 1],
    ["tec9", 1],
    ["calico", 1],
    ["hk_mp5", 1],
    ["mac_10", 1],
    ["hk_ump45", 1],
    ["TDI", 1],
    ["fn_p90", 1],
    ["hk_mp7", 1],
    ["ppsh", 1],
    ["rm2000_smg", 1],
    ["needlegun", 1]
    ],
    [
    ["american_180", 1],
    ["uzi", 1],
    ["tec9", 1],
    ["calico", 1],
    ["hk_mp5", 1],
    ["mac_10", 1],
    ["hk_ump45", 1],
    ["TDI", 1],
    ["fn_p90", 1],
    ["hk_mp7", 1],
    ["ppsh", 1],
    ["rm2000_smg", 1],
    ["needlegun", 1]
    ]
  ]
},{
        "type" : "recipe",
  "result": "4xSMG",
  "category": "CC_OTHER",
  "subcategory": "CSC_OTHER_PARTS",
  "skill_used": "mechanics",
  "skills_required": [ "gun", 5 ],
  "difficulty": 7,
  "time": 40000,
  "reversible": true,
  "autolearn": true,
  "qualities":[
    {"id":"HAMMER","level":2,"amount":1},
    {"id":"SAW_M","level":1,"amount":1}
  ], "tools": [
    [
      [ "goggles_welding", -1 ]
    ],
    [
      [ "welder", 100 ],
      [ "welder_crude", 125 ],
      [ "toolset", 125 ],
      ["oxy_torch", 10]
    ],
    [
      [ "small_repairkit", 200 ],
      [ "large_repairkit", 50 ]
    ]
  ],
  "components": [
    [
      ["pipe", 4],
      ["rebar", 2]
    ],
    [
      ["metal_tank_small", 2]
    ],
    [
      ["controlframe", 1]
    ],
    [
      ["spring", 4]
    ],
    [
      ["funnel", 4],
      ["makeshift_funnel", 4]
    ],
    [
      [ "scrap", 12],
      [ "steel_chunk", 4],
      [ "steel_lump", 1]
    ],
    [
    ["american_180", 1],
    ["uzi", 1],
    ["tec9", 1],
    ["calico", 1],
    ["hk_mp5", 1],
    ["mac_10", 1],
    ["hk_ump45", 1],
    ["TDI", 1],
    ["fn_p90", 1],
    ["hk_mp7", 1],
    ["ppsh", 1],
    ["rm2000_smg", 1],
    ["needlegun", 1]
    ],
    [
    ["american_180", 1],
    ["uzi", 1],
    ["tec9", 1],
    ["calico", 1],
    ["hk_mp5", 1],
    ["mac_10", 1],
    ["hk_ump45", 1],
    ["TDI", 1],
    ["fn_p90", 1],
    ["hk_mp7", 1],
    ["ppsh", 1],
    ["rm2000_smg", 1],
    ["needlegun", 1]
    ],
    [
    ["american_180", 1],
    ["uzi", 1],
    ["tec9", 1],
    ["calico", 1],
    ["hk_mp5", 1],
    ["mac_10", 1],
    ["hk_ump45", 1],
    ["TDI", 1],
    ["fn_p90", 1],
    ["hk_mp7", 1],
    ["ppsh", 1],
    ["rm2000_smg", 1],
    ["needlegun", 1]
    ],
    [
    ["american_180", 1],
    ["uzi", 1],
    ["tec9", 1],
    ["calico", 1],
    ["hk_mp5", 1],
    ["mac_10", 1],
    ["hk_ump45", 1],
    ["TDI", 1],
    ["fn_p90", 1],
    ["hk_mp7", 1],
    ["ppsh", 1],
    ["rm2000_smg", 1],
    ["needlegun", 1]
    ]
  ]
},{
        "type" : "recipe",
  "result": "4xnailer",
  "category": "CC_OTHER",
  "subcategory": "CSC_OTHER_PARTS",
  "skill_used": "mechanics",
  "skills_required": [ "gun", 3 ],
  "difficulty": 5,
  "time": 40000,
  "reversible": true,
  "autolearn": true,
  "qualities":[
    {"id":"HAMMER","level":2,"amount":1},
    {"id":"SAW_M","level":1,"amount":1}
  ], "tools": [
    [
      [ "goggles_welding", -1 ]
    ],
    [
      [ "welder", 100 ],
      [ "welder_crude", 125 ],
      [ "toolset", 125 ],
      ["oxy_torch", 10]
    ]
  ],
  "components": [
    [
      ["pipe", 4],
      ["rebar", 2]
    ],
    [
      ["metal_tank_small", 2]
    ],
    [
      ["controlframe", 1]
    ],
    [
      ["funnel", 4],
      ["makeshift_funnel", 4]
    ],
    [
      ["scrap", 8],
      [ "steel_chunk", 3]
    ],
    [
      ["nailrifle", 4]
  ]]
},{
        "type" : "recipe",
  "result": "2xnailer",
  "category": "CC_OTHER",
  "subcategory": "CSC_OTHER_PARTS",
  "skill_used": "mechanics",
  "skills_required": [ "gun", 2 ],
  "difficulty": 4,
  "time": 30000,
  "reversible": true,
  "autolearn": true,
  "qualities":[
    {"id":"HAMMER","level":2,"amount":1},
    {"id":"SAW_M","level":1,"amount":1}
  ], "tools": [
    [
      [ "goggles_welding", -1 ]
    ],
    [
      [ "welder", 50 ],
      [ "welder_crude", 75 ],
      [ "toolset", 75 ],
      ["oxy_torch", 10]
    ]
  ],
  "components": [
    [
      ["pipe", 2],
      ["rebar", 1]
    ],
    [
      ["metal_tank_small", 1]
    ],
    [
      ["controlframe", 1]
    ],
    [
      ["funnel", 2],
      ["makeshift_funnel", 2]
    ],
    [
      ["scrap", 6],
      [ "steel_chunk", 2]
    ],
    [
      [ "nailrifle", 2]
  ]]
},{
        "type" : "recipe",
  "result": "lasguns",
  "category": "CC_OTHER",
  "subcategory": "CSC_OTHER_PARTS",
  "skill_used": "electronics",
  "skills_required": [ "mechanics", 3 ],
  "difficulty": 3,
  "time": 20000,
  "reversible": true,
  "autolearn": true,
  "qualities":[
    {"id":"HAMMER","level":2,"amount":1},
    {"id":"SAW_M","level":1,"amount":1}
  ], "tools": [
    [
      [ "goggles_welding", -1 ]
    ],
    [
      [ "welder", 30 ],
      [ "welder_crude", 50 ],
      [ "toolset", 50 ],
      ["oxy_torch", 3]
    ],
    [
    [ "soldering_iron", 20],
    [ "toolset", 20]
    ]
  ],
  "components": [
    [
      [ "v29", 1 ],
      [ "v29_cheap", 1],
      [ "bio_laser", 1]
    ],
    [
      ["controlframe", 1]
    ],
    [
      ["lens", 2]
    ],
    [
      ["scrap", 2]
    ],
    [
      ["cable", 10]
    ],
    [
      ["e_scrap", 2]
    ],
    [
      ["amplifier", 2]
    ],
    [
      ["power_supply", 2]
    ],
    [
     [ "plastic_chunk", 2 ]
    ],
    [
     [ "solar_panel", 2 ],
     [ "solar_panel_v2", 1 ]
    ]
]
},{
        "type" : "recipe",
  "result": "lasgunp",
  "category": "CC_OTHER",
  "subcategory": "CSC_OTHER_PARTS",
  "skill_used": "electronics",
  "skills_required": [ "mechanics", 3 ],
  "difficulty": 4,
  "time": 30000,
  "reversible": true,
  "autolearn": true,
  "qualities":[
    {"id":"HAMMER","level":2,"amount":1},
    {"id":"SAW_M","level":1,"amount":1}
  ], "tools": [
    [
      [ "goggles_welding", -1 ]
    ],
    [
      [ "welder", 60 ],
      [ "welder_crude", 120 ],
      [ "toolset", 100 ],
      ["oxy_torch", 6]
    ],
    [
    [ "soldering_iron", 40],
    [ "toolset", 40]
    ]
  ],
  "components": [
    [
      [ "v29", 2 ],
      [ "v29_cheap", 2],
      [ "bio_laser", 2],
      [ "laser_rifle", 1]
    ],
    [
      ["controlframe", 1]
    ],
    [
      ["lens", 4]
    ],
    [
      ["scrap", 4]
    ],
    [
      ["cable", 20]
    ],
    [
      ["e_scrap", 4]
    ],
    [
      ["amplifier", 4]
    ],
    [
      ["power_supply", 4]
    ],
    [
     [ "plastic_chunk", 4 ]
    ],
    [
     [ "solar_panel", 2 ],
     [ "solar_panel_v2", 1 ]
    ]
]
},{
        "type" : "recipe",
  "result": "lasgun",
  "category": "CC_OTHER",
  "subcategory": "CSC_OTHER_PARTS",
  "skill_used": "electronics",
  "skills_required": [ "mechanics", 3 ],
  "difficulty": 5,
  "time": 50000,
  "reversible": true,
  "autolearn": true,
  "qualities":[
    {"id":"HAMMER","level":2,"amount":1},
    {"id":"SAW_M","level":1,"amount":1}
  ], "tools": [
    [
      [ "goggles_welding", -1 ]
    ],
    [
      [ "welder", 25 ],
      [ "welder_crude", 50 ],
      [ "toolset", 50 ],
      ["oxy_torch", 2]
    ]
  ],
  "components": [
    [
      [ "controlframe", 1]
    ],
    [
      [ "lens", 2]
    ],
    [
      [ "scrap", 9],
      [ "steel_chunk", 3]
    ],
    [
      ["cable", 50]
    ],
    [
     [ "plastic_chunk", 2 ]
    ],
    [
      ["amplifier", 2]
    ],
    [
      ["power_supply", 2]
    ],
    [
      [ "cerberus_laser", 1 ],
      [ "bio_blaster", 1 ]
    ],
    [
     [ "solar_panel", 2 ],
     [ "solar_panel_v2", 1 ]
    ]
]
},{
        "type" : "recipe",
  "result": "lasgunx",
  "category": "CC_OTHER",
  "subcategory": "CSC_OTHER_PARTS",
  "skill_used": "electronics",
  "skills_required": [ "mechanics", 3 ],
  "difficulty": 6,
  "time": 60000,
  "reversible": false,
  "autolearn": true,
  "qualities":[
    {"id":"HAMMER","level":2,"amount":1},
    {"id":"SAW_M","level":1,"amount":1}
  ], "tools": [
    [
      [ "goggles_welding", -1 ]
    ],
    [
      [ "welder", 25 ],
      [ "welder_crude", 50 ],
      [ "toolset", 50 ],
      ["oxy_torch", 2]
    ]
  ],
  "components": [
    [
      [ "UPS_off", 2],
      [ "small_storage_battery", 2]
    ],
    [
      [ "controlframe", 1]
    ],
    [
      [ "lens", 4]
    ],
    [
      [ "scrap", 9],
      [ "steel_chunk", 3]
    ],
    [
      ["cable", 50]
    ],
    [
     [ "plastic_chunk", 8 ]
    ],
    [
      ["amplifier", 8]
    ],
    [
      ["power_supply", 8]
    ],
    [
      [ "cerberus_laser", 1 ],
      [ "bio_blaster", 1 ]
    ],
    [
     [ "solar_panel", 2 ],
     [ "solar_panel_v2", 1 ]
    ]
]
},{
        "type" : "recipe",
  "result": "scorpion",
  "category": "CC_OTHER",
  "subcategory": "CSC_OTHER_PARTS",
  "skill_used": "fabrication",
  "skills_required": [ "archery", 5 ],
  "difficulty": 5,
  "time": 30000,
  "reversible": false,
  "autolearn": true,
  "qualities":[
    {"id":"HAMMER","level":2,"amount":1},
    {"id":"SAW_W","level":1,"amount":1},
    {"id":"SAW_M","level":1,"amount":1},
    {"id":"CUT","level":1,"amount":1}
  ], "tools": [
    [
      [ "goggles_welding", -1 ]
    ],
    [
      [ "welder", 50 ],
      [ "welder_crude", 75],
      [ "toolset", 75],
      ["oxy_torch", 5]
    ],
    [
    [ "soldering_iron", 20],
    [ "toolset", 20]
    ]
  ],
  "components": [
    [
      [ "2x4", 8 ],
      [ "stick", 16 ]
    ],
    [
      [ "turretframe", 1 ]
    ],
    [
      [ "rope_6", 6 ]
    ],
    [
      [ "foot_crank", 1 ]
    ],
    [
      [ "spring", 4 ]
    ],
    [
      [ "pipe", 4 ],
      [ "rebar", 2 ]
    ],
    [
      [ "steel_chunk", 8 ],
      [ "scrap", 24 ],
      [ "steel_lump", 2]
    ],
    [
      [ "nail", 60 ],
      [ "duct_tape", 100],
      [ "superglue", 5]
    ]
  ]
},{
        "type" : "recipe",
  "result": "nx17p",
  "category": "CC_OTHER",
  "subcategory": "CSC_OTHER_PARTS",
  "skill_used": "electronics",
  "skills_required": [ "mechanics", 3 ],
  "difficulty": 7,
  "time": 30000,
  "reversible": true,
  "autolearn": true,
  "qualities":[
    {"id":"HAMMER","level":2,"amount":1},
    {"id":"SAW_M","level":1,"amount":1}
  ], "tools": [
    [
      [ "goggles_welding", -1 ]
    ],
    [
      [ "welder", 30 ],
      [ "welder_crude", 50 ],
      [ "toolset", 50 ],
      ["oxy_torch", 3]
    ],
    [
    [ "soldering_iron", 20],
    [ "toolset", 20]
    ]
  ],
  "components": [
    [
      [ "nx17", 1 ]
    ],
    [
      ["UPS_off", 1],
      ["small_storage_battery", 1]
    ],
    [
      ["controlframe", 1]
    ],
    [
      ["lens", 2]
    ],
    [
      ["scrap", 8],
      [ "steel_chunk", 3]
    ],
    [
      ["cable", 20]
    ],
    [
      ["e_scrap", 6]
    ],
    [
      ["amplifier", 5]
    ],
    [
      ["power_supply", 5]
    ],
    [
     [ "plastic_chunk", 6 ]
    ],
    [
     [ "solar_panel", 2 ],
     [ "solar_panel_v2", 1 ]
    ]
]
},{
        "type" : "recipe",
  "result": "nx17s",
  "category": "CC_OTHER",
  "subcategory": "CSC_OTHER_PARTS",
  "skill_used": "electronics",
  "skills_required": [ "mechanics", 3 ],
  "difficulty": 6,
  "time": 20000,
  "reversible": true,
  "autolearn": true,
  "qualities":[
    {"id":"HAMMER","level":2,"amount":1},
    {"id":"SAW_M","level":1,"amount":1}
  ], "tools": [
    [
      [ "goggles_welding", -1 ]
    ],
    [
      [ "welder", 30 ],
      [ "welder_crude", 50 ],
      [ "toolset", 50 ],
      ["oxy_torch", 3]
    ],
    [
    [ "soldering_iron", 20],
    [ "toolset", 20]
    ]
  ],
  "components": [
    [
      [ "nx17", 1 ]
    ],
    [
      ["controlframe", 1]
    ],
    [
      ["lens", 2]
    ],
    [
      ["scrap", 2]
    ],
    [
      ["cable", 10]
    ],
    [
      ["e_scrap", 2]
    ],
    [
      ["amplifier", 2]
    ],
    [
      ["power_supply", 2]
    ],
    [
     [ "plastic_chunk", 2 ]
    ],
    [
     [ "solar_panel", 2 ],
     [ "solar_panel_v2", 1 ]
    ]
]
},{
        "type" : "recipe",
  "result": "cangun",
  "category": "CC_WEAPON",
  "subcategory": "CSC_WEAPON_RANGED",
  "skill_used": "mechanics",
  "skill_sec": ["fabrication",2],
  "difficulty": 4,
  "time": 24000,
  "reversible": false,
  "autolearn": true,
  "qualities":[
    {"id":"SAW_W","level":1,"amount":1},
    {"id":"CUT","level":1,"amount":1}
  ], "tools": [
    [
      ["goggles_welding", -1]
    ],
    [
      ["welder", 50],
      ["welder_crude", 75],
      ["toolset", 75],
      ["oxy_torch", 5]
    ]
  ],
  "components": [
    [
      [ "hose", 4]
    ],
    [
      [ "duct_tape", 400],
      [ "superglue", 4],
      [ "nail", 150]
    ],
    [
      [ "foot_crank", 1 ]
    ],
    [
      ["2x4", 8]
    ],
    [
      ["spring", 2]
    ],
    [
      ["turretframe", 1]
    ],
    [
      ["steel_chunk", 3],
      ["scrap", 9]
    ]
  ]
},{
        "type" : "recipe",
  "result": "tiharturret",
  "category": "CC_WEAPON",
  "subcategory": "CSC_WEAPON_RANGED",
  "skill_used": "mechanics",
  "skill_sec": ["gun",3],
  "difficulty": 6,
  "time": 24000,
  "reversible": true,
  "autolearn": true,
  "qualities":[
    {"id":"HAMMER","level":2,"amount":1},
    {"id":"SAW_M","level":1,"amount":1}
  ], "tools": [
    [
      [ "goggles_welding", -1 ]
    ],
    [
      [ "welder", 50 ],
      [ "welder_crude", 75 ],
      [ "toolset", 75 ],
      ["oxy_torch", 5]
    ]
  ],
  "components": [
    [
      ["metal_tank_small", 1]
    ],
    [
      ["controlframe", 1]
    ],
    [
      ["funnel", 1],
      ["makeshift_funnel", 1]
    ],
    [
      ["scrap", 9],
      ["steel_chunk", 3]
    ],
    [
      ["spring", 2]
    ],
    [
        ["motor", 1],
      [ "motor_small", 1]
    ],
    [
        ["chain", 1]
    ],
    [
        ["metal_tank", 1]
    ],
    [
      [ "tihar", 1]
  ]
 ]
},{
        "type" : "recipe",
  "result": "HMG",
  "category": "CC_WEAPON",
  "subcategory": "CSC_WEAPON_RANGED",
  "skill_used": "mechanics",
  "skill_sec": ["gun",3],
  "difficulty": 4,
  "time": 24000,
  "reversible": true,
  "autolearn": true,
  "qualities":[
    {"id":"SAW_M","level":1,"amount":1},
    {"id":"HAMMER","level":1,"amount":1}
  ], "tools": [
    [
      ["goggles_welding", -1]
    ],
    [
      ["welder", 50],
      ["welder_crude", 75],
      ["toolset", 75],
      ["oxy_torch", 5]
    ]
  ],
  "components": [
    [
      ["m249", 1]
    ],
    [
      ["spring", 3]
    ],
    [
      ["steel_chunk", 2],
      ["scrap", 6]
    ],
    [
      ["turretframe", 1]
    ]
  ]
},{
        "type" : "recipe",
  "result": "AUTOHMG",
  "category": "CC_WEAPON",
  "subcategory": "CSC_WEAPON_RANGED",
  "skill_used": "mechanics",
  "skill_sec": ["gun",4],
  "difficulty": 6,
  "time": 24000,
  "reversible": true,
  "autolearn": true,
  "qualities":[
    {"id":"SAW_M","level":1,"amount":1},
    {"id":"HAMMER","level":1,"amount":1}
  ], "tools": [
    [
      ["goggles_welding", -1]
    ],
    [
      ["welder", 75],
      ["welder_crude", 125],
      ["toolset", 125],
      ["oxy_torch", 7]
    ]
  ],
  "components": [
    [
      ["m249", 1]
    ],
    [
      ["spring", 3]
    ],
    [
      ["steel_chunk", 3],
      ["scrap", 9]
    ],
    [
      ["controlframe", 1]
    ],
    [
      ["funnel", 1],
      ["makeshift_funnel", 1]
    ],
    [
      ["metal_tank_small", 1]
    ]
  ]
},{
        "type" : "recipe",
  "result": "40mmturret",
  "category": "CC_WEAPON",
  "subcategory": "CSC_WEAPON_RANGED",
  "skill_used": "mechanics",
  "skill_sec": ["gun",2],
  "difficulty": 3,
  "time": 24000,
  "reversible": true,
  "autolearn": true,
  "qualities":[
    {"id":"SAW_M","level":1,"amount":1},
    {"id":"HAMMER","level":1,"amount":1}
  ], "tools": [
    [
      ["goggles_welding", -1]
    ],
    [
      ["welder", 50],
      ["welder_crude", 75],
      ["toolset", 75],
      ["oxy_torch", 5]
    ]
  ],
  "components": [
    [
      ["steel_chunk", 2],
      ["scrap", 6]
    ],
    [
      ["turretframe", 1]
    ],
    [
      ["launcher_simple", 1],
      ["m79", 1],
      ["m320", 1]
    ]
  ]
},{
        "type" : "recipe",
  "result": "bolter",
  "category": "CC_OTHER",
  "subcategory": "CSC_OTHER_PARTS",
  "skill_used": "mechanics",
  "skills_required": [ "fabrication", 5 ],
  "difficulty": 6,
  "time": 30000,
  "reversible": true,
  "autolearn": true,
  "qualities":[
    {"id":"HAMMER","level":2,"amount":1},
    {"id":"SAW_M","level":1,"amount":1}
  ], "tools": [
    [
      [ "goggles_welding", -1 ]
    ],
    [
      [ "welder", 50 ],
      [ "welder_crude", 75 ],
      [ "toolset", 75 ],
      ["oxy_torch", 5]
    ]
  ],
  "components": [
    [
      ["metal_tank_small", 1]
    ],
    [
      ["controlframe", 1]
    ],
    [
      ["funnel", 1],
      ["makeshift_funnel", 1]
    ],
    [
      ["scrap", 9],
      ["steel_chunk", 3]
    ],
    [
      ["spring", 2]
    ],
    [
        ["motor", 1],
      [ "motor_small", 1]
    ],
    [
        ["chain", 1]
    ],
    [
        ["metal_tank", 1]
    ],
    [
      [ "helsing", 1]
  ]
 ]
},{
        "type" : "recipe",
  "result": "slauncher",
  "category": "CC_OTHER",
  "subcategory": "CSC_OTHER_PARTS",
  "skill_used": "fabrication",
  "skills_required": [ "mechanics", 4 ],
  "difficulty": 4,
  "time": 30000,
  "reversible": false,
  "autolearn": true,
  "qualities":[
    {"id":"HAMMER","level":2,"amount":1},
    {"id":"SAW_M","level":1,"amount":1}
  ], "tools": [
    [
      [ "goggles_welding", -1 ]
    ],
    [
      [ "welder", 30 ],
      [ "welder_crude", 50],
      [ "toolset", 50],
      ["oxy_torch", 3]
    ],
    [
    [ "soldering_iron", 20],
    [ "toolset", 20]
    ]
  ],
  "components": [
    [
      [ "2x4", 6 ],
      [ "stick", 12 ]
    ],
    [
      [ "turretframe", 1 ]
    ],
    [
      [ "rope_6", 3 ]
    ],
    [
      [ "foot_crank", 1 ]
    ],
    [
      [ "spring", 3 ]
    ],
    [
      [ "pipe", 6 ],
      [ "rebar", 3 ]
    ],
    [
      [ "steel_chunk", 4 ],
      [ "scrap", 12 ],
      [ "steel_lump", 1]
    ],
    [
      [ "nail", 20 ],
      [ "duct_tape", 50],
      [ "superglue", 1]
    ]
  ]
},{
        "type" : "recipe",
  "result": "rslauncher",
  "category": "CC_OTHER",
  "subcategory": "CSC_OTHER_PARTS",
  "skill_used": "mechanics",
  "skills_required": [ "fabrication", 7 ],
  "difficulty": 7,
  "time": 30000,
  "reversible": false,
  "autolearn": true,
  "qualities":[
    {"id":"HAMMER","level":2,"amount":1},
    {"id":"SAW_M","level":1,"amount":1}
  ], "tools": [
    [
      [ "goggles_welding", -1 ]
    ],
    [
      [ "welder", 50 ],
      [ "welder_crude", 75 ],
      [ "toolset", 75 ],
      ["oxy_torch", 5]
    ]
  ],
  "components": [
    [
        ["pipe", 12]
    ],
    [
        ["duct_tape", 500],
        ["superglue", 5],
        ["nail", 200]
    ],
    [
        ["controlframe", 1]
    ],
    [
        ["funnel", 2],
        ["makeshift_funnel", 2]
    ],
    [
        ["scrap", 9],
        ["steel_chunk", 3]
    ],
    [
        ["spring", 3]
    ],
    [
        [ "motor", 1],
        [ "motor_small", 1]
    ],
    [
        ["chain", 1]
    ],
    [
        ["metal_tank", 2]
    ]
 ]
},{
        "type" : "recipe",
  "result": "gattler",
  "category": "CC_OTHER",
  "subcategory": "CSC_OTHER_PARTS",
  "skill_used": "mechanics",
  "skills_required": [ "fabrication", 7 ],
  "difficulty": 7,
  "time": 480000,
  "reversible": false,
  "autolearn": true,
  "qualities":[
    {"id":"HAMMER","level":2,"amount":1},
    {"id":"SAW_M","level":1,"amount":1}
  ], "tools": [
    [
      [ "goggles_welding", -1 ]
    ],
    [
      [ "welder", 50 ],
      [ "welder_crude", 75 ],
      [ "toolset", 75 ],
      ["oxy_torch", 5]
    ]
  ],
  "components": [
    [
        ["pipe", 8]
    ],
    [
        ["motor", 1],
        [ "motor_small", 1]
    ],
    [
      ["duct_tape", 400],
      ["superglue", 4]
    ],
    [
      ["metal_tank", 1]
    ],
    [
      ["controlframe", 1]
    ],
    [
      ["funnel", 1],
      ["makeshift_funnel", 1]
    ],
    [
      [ "scrap", 36],
      [ "steel_chunk", 12],
      [ "steel_lump", 3]
    ],
    [
      ["spring", 4]
    ],
    [
      ["element", 1],
      ["pilot_light", 1]
    ],
    [
      ["chain", 1]
    ]
 ]
},{
        "type" : "recipe",
  "result": "teslagun",
  "category": "CC_OTHER",
  "subcategory": "CSC_OTHER_PARTS",
  "skill_used": "electronics",
  "skills_required": [ "mechanics", 3 ],
  "difficulty": 6,
  "time": 60000,
  "reversible": false,
  "autolearn": true,
  "qualities":[
    {"id":"HAMMER","level":2,"amount":1},
    {"id":"SAW_M","level":1,"amount":1}
  ], "tools": [
    [
      [ "goggles_welding", -1 ]
    ],
    [
      [ "welder", 25 ],
      [ "welder_crude", 50 ],
      [ "toolset", 50 ],
      ["oxy_torch", 2]
    ]
  ],
  "components": [
    [
      ["UPS_off", 1],
      ["small_storage_battery", 1]
    ],
    [
      ["controlframe", 1]
    ],
    [
      ["tazer", 2]
    ],
    [
      ["scrap", 4]
    ],
    [
      ["antenna", 1]
    ],
    [
      ["cable", 30]
    ],
    [
     [ "plastic_chunk", 8 ]
    ],
    [
      ["amplifier", 3]
    ],
    [
      ["power_supply", 1]
    ],
    [
      [ "bio_chain_lightning", 1 ]
    ],
    [
     [ "solar_panel", 2 ],
     [ "solar_panel_v2", 1 ]
    ]
]
},{
        "type" : "recipe",
  "result": "shardgun",
  "category": "CC_OTHER",
  "subcategory": "CSC_OTHER_PARTS",
  "skill_used": "electronics",
  "skills_required": [ "mechanics", 5 ],
  "difficulty": 4,
  "time": 60000,
  "reversible": false,
  "autolearn": true,
  "qualities":[
    {"id":"HAMMER","level":2,"amount":1},
    {"id":"SAW_M","level":1,"amount":1}
  ], "tools": [
    [
      [ "goggles_welding", -1 ]
    ],
    [
      [ "welder", 25 ],
      [ "welder_crude", 50 ],
      [ "toolset", 50 ],
      ["oxy_torch", 2]
    ]
  ],
  "components": [
    [
      ["UPS_off", 1],
      ["small_storage_battery", 1]
    ],
    [
      ["controlframe", 1]
    ],
    [
      ["funnel", 1],
      ["makeshift_funnel", 1]
    ],
    [
      ["scrap", 8],
      [ "steel_chunk", 3]
    ],
    [
      ["cable", 60]
    ],
    [
     [ "plastic_chunk", 8 ]
    ],
    [
      ["amplifier", 3]
    ],
    [
      ["power_supply", 3]
    ],
    [
      [ "coilgun", 1 ]
    ]
  ]
},{
  "type" : "recipe",
  "result": "flamethrower1",
  "category": "CC_OTHER",
  "subcategory": "CSC_OTHER_PARTS",
  "skill_used": "electronics",
  "skills_required": [ "mechanics", 5 ],
  "difficulty": 4,
  "time": 60000,
  "reversible": true,
  "autolearn": true,
  "qualities":[
    {"id":"HAMMER","level":2,"amount":1},
    {"id":"SAW_M","level":1,"amount":1}
  ],
  "tools": [
    [ [ "goggles_welding", -1 ] ],
    [
      [ "welder", 25 ],
      [ "welder_crude", 50 ],
      [ "toolset", 50 ],
      ["oxy_torch", 2]
    ]
  ],
  "components": [
    [
      ["scrap", 8],
      [ "steel_chunk", 2]
    ],
    [ ["controlframe", 1] ],
    [ ["hose", 2] ],
    [ [ "pipe", 2 ] ],
    [ ["metal_tank_little", 1] ],
    [ [ "flamethrower_simple", 1 ] ]
  ]
},{
  "type" : "recipe",
  "result": "flamethrower2",
  "category": "CC_OTHER",
  "subcategory": "CSC_OTHER_PARTS",
  "skill_used": "fabrication",
  "skills_required": [ "mechanics", 4 ],
  "difficulty": 3,
  "time": 15000,
  "reversible": true,
  "autolearn": true,
  "qualities":[
    {"id":"HAMMER","level":2,"amount":1},
    {"id":"SAW_M","level":1,"amount":1}
  ],
  "tools": [
    [ [ "goggles_welding", -1 ] ],
    [
      [ "welder", 25 ],
      [ "welder_crude", 50 ],
      [ "toolset", 50 ],
      ["oxy_torch", 2]
    ]
  ],
  "components": [
    [
      ["scrap", 8],
      ["steel_chunk", 2]
    ],
    [ ["controlframe", 1] ],
    [ ["hose", 2] ],
    [ ["pipe", 2 ] ],
    [ ["metal_tank_little", 1] ],
    [ ["flamethrower", 1 ] ]
  ]
},{
  "type" : "recipe",
  "result": "flamethrower3",
  "category": "CC_OTHER",
  "subcategory": "CSC_OTHER_PARTS",
  "skill_used": "fabrication",
  "skills_required": [ "mechanics", 4 ],
  "difficulty": 3,
  "time": 15000,
  "reversible": true,
  "autolearn": true,
  "qualities":[
    {"id":"HAMMER","level":2,"amount":1},
    {"id":"SAW_M","level":1,"amount":1}
  ],
  "tools": [
    [ [ "goggles_welding", -1 ] ],
    [
      [ "welder", 25 ],
      [ "welder_crude", 50 ],
      [ "toolset", 50 ],
      ["oxy_torch", 2]
    ]
  ],
  "components": [
    [
      ["scrap", 8],
      [ "steel_chunk", 2]
    ],
    [ ["controlframe", 1] ],
    [ ["hose", 2] ],
    [ [ "pipe", 2 ] ],
    [ ["metal_tank_little", 1] ],
    [ [ "rm451_flamethrower", 1 ] ]
  ]
},{
  "type" : "recipe",
  "result": "ripper",
  "category": "CC_OTHER",
  "subcategory": "CSC_OTHER_PARTS",
  "skill_used": "mechanics",
  "skills_required": [ "fabrication", 6 ],
  "difficulty": 7,
  "time": 60000,
  "reversible": false,
  "autolearn": true,
  "qualities":[
    {"id":"HAMMER","level":2,"amount":1},
    {"id":"SAW_M","level":1,"amount":1}
  ],
  "tools": [
    [ [ "goggles_welding", -1 ] ],
    [
      [ "welder", 150 ],
      [ "welder_crude", 300 ],
      [ "toolset", 300 ],
      ["oxy_torch", 30]
    ]
  ],
  "components": [
    [ ["ripdisk", 1] ],
    [ ["turretframe", 1] ],
    [
      ["scrap", 36],
      ["steel_chunk", 12],
      ["steel_lump", 3]
    ],
    [ ["chain", 4] ],
    [
      ["rebar", 12],
      ["pipe", 18]
    ],
    [ ["hdframe", 1] ]
 ]
},{
        "type" : "recipe",
  "result": "ripdisk",
  "category": "CC_OTHER",
  "subcategory": "CSC_OTHER_PARTS",
  "skill_used": "fabrication",
  "difficulty": 3,
  "time": 8000,
  "reversible": false,
  "autolearn": true,
  "qualities":[
    {"id":"HAMMER","level":2,"amount":1},
    {"id":"SAW_M","level":1,"amount":1}
  ],
  "tools": [
    [ [ "goggles_welding", -1 ] ],
    [
      [ "welder", 25 ],
      [ "welder_crude", 50 ],
      [ "toolset", 50 ],
      ["oxy_torch", 2]
    ]
  ],
  "components": [
    [
      ["scrap", 6],
      [ "steel_chunk", 2]
    ],
    [ ["blade", 7] ]
  ]
},{
  "type" : "recipe",
  "result": "teardisk",
  "category": "CC_OTHER",
  "subcategory": "CSC_OTHER_PARTS",
  "skill_used": "fabrication",
  "difficulty": 3,
  "time": 15000,
  "reversible": false,
  "autolearn": true,
  "qualities":[
    {"id":"HAMMER","level":2,"amount":1},
    {"id":"SAW_M","level":1,"amount":1}
  ],
  "tools": [
    [ [ "goggles_welding", -1 ] ],
    [
      [ "welder", 25 ],
      [ "welder_crude", 50 ],
      [ "toolset", 50 ],
      [ "oxy_torch", 2]
    ]
  ],
  "components": [ [ [ "scrap", 12], [ "steel_chunk", 4] ] ]
},{
  "type" : "recipe",
  "result": "lead_ball",
  "category": "CC_AMMO",
  "subcategory": "CSC_AMMO_OTHER",
  "skill_used": "fabrication",
  "difficulty": 2,
  "time": 6500,
  "reversible": true,
  "decomp_learn": 1,
  "autolearn": true,
  "tools": [
    [ ["crucible", -1] ],
    [
      [ "hotplate", 20 ],
      [ "toolset", 20 ],
      [ "fire", -1 ]
    ],
    [ ["mold_plastic", -1] ]
  ],
  "components": [ [ [ "lead", 100 ] ] ]
},{
        "type" : "recipe",
  "result": "rebar_plate",
  "category": "CC_OTHER",
  "subcategory": "CSC_OTHER_MATERIALS",
  "skill_used": "fabrication",
  "difficulty": 2,
  "time": 8000,
  "reversible": true,
  "note": "sawing it down doesn't teach anything useful",
  "autolearn": true,
  "qualities":[ {"id":"SAW_M","level":1,"amount":1} ],
  "tools": [
    [ [ "goggles_welding", -1 ] ],
    [
      [ "welder", 100 ],
      [ "welder_crude", 150 ],
      [ "toolset", 150 ],
      [ "oxy_torch", 20]
    ]
  ],
  "components": [
    [ [ "rebar", 4 ] ],
    [ [ "scrap", 3 ] ]
    ]
},{
  "type" : "recipe",
  "result": "spring_plate",
  "category": "CC_OTHER",
  "subcategory": "CSC_OTHER_MATERIALS",
  "skill_used": "fabrication",
  "difficulty": 6,
  "time": 15000,
  "reversible": true,
  "autolearn": true,
  "tools": [
    [ [ "goggles_welding", -1 ] ],
    [
      [ "welder", 100 ],
      [ "welder_crude", 150 ],
      [ "toolset", 150 ],
      [ "forge", 100 ],
      [ "char_forge", 20],
      [ "oxy_torch", 20]
    ]
  ],
  "components": [
    [ [ "steel_plate", 1 ] ],
    [ [ "spring", 3 ] ]
  ]
}
]
