[
    {
        "type" : "AMMO",
        "id" : "canbomb",
        "price" : 1000,
        "name" : "Big Bang canister",
        "symbol" : "*",
        "color" : "red",
        "description" : "An IED composed of a sealed container filled with a payload material that triggers on impact. Carries a substantial explosive payload.",
        "material" : "iron",
        "flags": [""],
        "volume" : 1,
        "weight" : 3816,
        "bashing" : 8,
        "cutting" : 0,
        "to_hit" : 0,
        "ammo_type" : "mininuke_mod",
        "casing" : "NULL",
        "damage" : 14,
        "pierce" : 0,
        "range" : 10,
        "dispersion" : 0,
        "recoil" : 0,
        "count" : 1,
        "stack_size" : 1,
        "effects" : ["NEVER_MISFIRES", "EXPLOSIVE_BIG", "COOKOFF"]
    },
    {
        "type" : "AMMO",
        "id" : "canbombacid",
        "price" : 400,
        "name" : "acid canister",
        "symbol" : "*",
        "color" : "green",
        "description" : "An IED composed of a sealed container filled with a payload material that triggers on impact. Intended to be fired from a specialized launcher. This one contains acid that spreads upon impact.",
        "material" : "iron",
        "flags": [""],
        "volume" : 1,
        "weight" : 3816,
        "bashing" : 8,
        "cutting" : 0,
        "to_hit" : 0,
        "ammo_type" : "mininuke_mod",
        "casing" : "NULL",
        "damage" : 14,
        "pierce" : 0,
        "range" : 10,
        "dispersion" : 0,
        "recoil" : 0,
        "count" : 1,
        "stack_size" : 1,
        "effects" : ["NEVER_MISFIRES", "ACIDBOMB"]
    },
    {
        "type" : "AMMO",
        "id" : "canbombfrag",
        "price" : 800,
        "name" : "fragmentation canister",
        "symbol" : "*",
        "color" : "red",
        "description" : "An IED composed of a container filled with a payload material and a means to trigger it. Intended to be fired from a specialized launcher. This one is designed to spray the immediate area with deadly fragments.",
        "material" : "steel",
        "flags": [""],
        "volume" : 1,
        "weight" : 4816,
        "bashing" : 8,
        "cutting" : 0,
        "to_hit" : 0,
        "ammo_type" : "mininuke_mod",
        "casing" : "NULL",
        "damage" : 14,
        "pierce" : 0,
        "range" : 10,
        "dispersion" : 0,
        "recoil" : 0,
        "count" : 1,
        "stack_size" : 1,
        "effects" : ["FRAG", "NEVER_MISFIRES", "COOKOFF"]
    },
    {
        "type" : "AMMO",
        "id" : "canbombfire",
        "price" : 600,
        "name" : "fire canister",
        "symbol" : "*",
        "color" : "red",
        "description" : "An IED composed of a container filled with a payload material and a means to trigger it. Intended to be fired from a specialized launcher. This one is designed to douse a small area with deadly flames.",
        "material" : "iron",
        "flags": [""],
        "volume" : 1,
        "weight" : 3816,
        "bashing" : 8,
        "cutting" : 0,
        "to_hit" : 0,
        "ammo_type" : "mininuke_mod",
        "casing" : "NULL",
        "damage" : 14,
        "pierce" : 0,
        "range" : 10,
        "dispersion" : 0,
        "recoil" : 0,
        "count" : 1,
        "stack_size" : 1,
        "effects" : ["FLAME", "NEVER_MISFIRES", "COOKOFF"]
    },
    {
        "type" : "AMMO",
        "id" : "canbombfire2",
        "price" : 2200,
        "name" : "inferno canister",
        "symbol" : "*",
        "color" : "red",
        "description" : "An IED composed of a container filled with a payload material and a means to trigger it. Intended to be fired from a specialized launcher. This one is designed to douse a large area with deadly flames.",
        "material" : "iron",
        "flags": [""],
        "volume" : 1,
        "weight" : 6816,
        "bashing" : 8,
        "cutting" : 0,
        "to_hit" : 0,
        "ammo_type" : "mininuke_mod",
        "casing" : "NULL",
        "damage" : 14,
        "pierce" : 0,
        "range" : 10,
        "dispersion" : 0,
        "recoil" : 0,
        "count" : 1,
        "stack_size" : 1,
        "effects" : ["NAPALM", "NEVER_MISFIRES", "COOKOFF"]
    },
    {
        "type" : "AMMO",
        "id" : "canbombgas",
        "price" : 600,
        "name" : "gas canister",
        "symbol" : "*",
        "color" : "green",
        "description" : "An IED composed of a container filled with a payload material and a means to trigger it. Intended to be fired from a specialized launcher. This one is designed to spread toxic fumes in the immediate area.",
        "material" : "iron",
        "flags": [""],
        "volume" : 1,
        "weight" : 4816,
        "bashing" : 8,
        "cutting" : 0,
        "to_hit" : 0,
        "ammo_type" : "mininuke_mod",
        "casing" : "NULL",
        "damage" : 14,
        "pierce" : 0,
        "range" : 10,
        "dispersion" : 0,
        "recoil" : 0,
        "count" : 1,
        "stack_size" : 1,
        "effects" : ["TEARGAS", "NEVER_MISFIRES"]
    },
    {
      "type" : "AMMO",
      "id" : "hbolt_wood",
      "price" : 1000,
      "name" : "wood ballista bolt",
      "symbol" : "=",
      "color" : "green",
      "description" : "A sharpened bolt carved from wood. It's very light, but doesn't do much damage and isn't particularly accurate. Stands a good chance of remaining intact once fired.",
      "material" : "wood",
      "volume" : 5,
      "weight" : 1555,
      "bashing" : 1,
      "cutting" : 0,
      "to_hit" : 0,
      "ammo_type" : "hbolt",
      "casing" : "NULL",
      "damage" : 30,
      "pierce" : 10,
      "range" : 20,
      "dispersion" : 0,
      "recoil" : 0,
      "count" : 5,
      "effects" : ["RECOVER_5"]
    },
    {
      "type" : "AMMO",
      "id" : "hbolt_metal",
      "price" : 2000,
      "name" : "metal ballista bolt",
      "symbol" : "=",
      "color" : "green",
      "description" : "A long shaft carved from wood ending in a tip of sharpened metal. It's very light, but doesn't do much damage and isn't particularly accurate. Stands a good chance of remaining intact once fired.",
      "material" : ["wood", "iron"],
      "volume" : 5,
      "weight" : 2055,
      "bashing" : 1,
      "cutting" : 0,
      "to_hit" : 0,
      "ammo_type" : "hbolt",
      "casing" : "NULL",
      "damage" : 30,
      "pierce" : 25,
      "range" : 20,
      "dispersion" : 0,
      "recoil" : 0,
      "count" : 5,
      "effects" : ["RECOVER_3"]
   },
   {
      "type" : "AMMO",
      "id" : "shards",
      "price" : 0,
      "name" : "metal fragments",
      "name_plural" : "metal fragments",
      "symbol" : "=",
      "color" : "blue",
      "description" : "Small slivers of metal. Can't see much use for them.",
      "material" : "iron",
      "volume" : 1,
      "weight" : 57,
      "bashing" : 1,
      "cutting" : 0,
      "to_hit" : 0,
      "ammo_type" : "BB",
      "casing" : "NULL",
      "damage" : 1,
      "pierce" : 1,
      "range" : 0,
      "dispersion" : 12,
      "recoil" : 0,
      "count" : 10
   },
   {
      "type" : "AMMO",
      "id" : "ripdisk",
      "price" : 1000,
      "name" : "bladed disc",
      "symbol" : "=",
      "color" : "green",
      "description" : "A large metal disc surrounded by 7 sharp blades. It's as menacing as it sounds.",
      "material" : "steel",
      "volume" : 12,
      "weight" : 1455,
      "bashing" : 1,
      "cutting" : 0,
      "to_hit" : 0,
      "ammo_type" : "ripdisk",
      "casing" : "NULL",
      "damage" : 30,
      "pierce" : 25,
      "range" : 20,
      "dispersion" : -50,
      "recoil" : 0,
      "count" : 1,
      "effects" : ["BOUNCE", "NEVER_MISFIRES"]
   },
   {
      "type" : "AMMO",
      "id" : "teardisk",
      "price" : 200,
      "name" : "serrated disc",
      "symbol" : "=",
      "color" : "green",
      "description" : "A metal disc surrounded by serrated edges. It's as menacing as it sounds.",
      "material" : "steel",
      "volume" : 12,
      "weight" : 555,
      "bashing" : 1,
      "cutting" : 0,
      "to_hit" : 0,
      "ammo_type" : "ripdisk",
      "casing" : "NULL",
      "damage" : 20,
      "pierce" : 10,
      "range" : 20,
      "dispersion" : -50,
      "recoil" : 0,
      "count" : 3,
      "effects" : ["RECOVER_3", "NEVER_MISFIRES"]
   },
   {
      "type" : "AMMO",
      "id":"rock",
      "symbol": "*",
      "color": "light_gray",
      "name":"rock",
      "description":"A rock the size of a baseball.  Makes a decent melee weapon, and is also good for throwing at enemies.",
      "price": 0,
      "material": "stone",
      "weight": 657,
      "volume": 1,
      "bashing": 7,
      "cutting": 0,
      "to_hit": -2,
      "ammo_type" : "mininuke_mod",
      "casing" : "NULL",
      "damage" : 15,
      "pierce" : 0,
      "range" : 0,
      "dispersion" : 8,
      "recoil" : 0,
      "count" : 1,
      "effects" : ["RECOVER_3", "BEANBAG"],
      "qualities": [["HAMMER", 1]]
   },
   {
      "type" : "AMMO",
      "id": "pool_ball",
      "symbol": "*",
      "color": "blue",
      "name": "pool ball",
      "description": "A colorful, hard ball.  Essentially a rock.",
      "price": 3000,
      "material": "stone",
      "weight": 170,
      "volume": 1,
      "bashing": 8,
      "cutting": 0,
      "to_hit": -3,
      "ammo_type" : "mininuke_mod",
      "casing" : "NULL",
      "damage" : 23,
      "pierce" : 0,
      "range" : 6,
      "dispersion" : 0,
      "recoil" : 0,
      "count" : 1,
      "effects" : ["RECOVER_3", "BEANBAG"]
   },
   {
        "type" : "AMMO",
        "id" : "mininuke_mod",
        "price" : 180000,
        "name" : "modified mininuke",
        "symbol" : "*",
        "color" : "green",
        "description" : "A heavy modified handheld nuclear device.  Intended to be fired from a specialized launcher, its case has been cut down and it has been rigged to explode on impact.  While it is now somewhat lighter than before, it can no longer be triggered manually.",
        "material" : "plastic",
        "flags": ["LEAK_RAD"],
        "volume" : 1,
        "weight" : 3816,
        "bashing" : 8,
        "cutting" : 0,
        "to_hit" : 0,
        "ammo_type" : "mininuke_mod",
        "casing" : "NULL",
        "damage" : 14,
        "pierce" : 0,
        "range" : 0,
        "dispersion" : 0,
        "recoil" : 0,
        "count" : 1,
        "stack_size" : 2,
        "effects" : ["MININUKE_MOD", "NEVER_MISFIRES"]
    },
    {
        "type" : "AMMO",
        "id": "lead_ball",
        "symbol": "*",
        "color": "blue",
        "name": "lead ball",
        "description": "A heavy lead ball about 8cm in diameter. Could pack quite a bit of a punch if you had something to launch it.",
        "price": 200,
        "material": "steel",
        "weight": 400,
        "volume": 1,
        "bashing": 8,
        "cutting": 0,
        "to_hit": -3,
        "ammo_type" : "mininuke_mod",
        "casing" : "NULL",
        "damage" : 50,
        "pierce" : 0,
        "range" : 3,
        "dispersion" : 0,
        "recoil" : 0,
        "count" : 1,
        "effects" : ["RECOVER_3", "LARGE_BEANBAG"]
    }
]
