[
    {
	"type" : "MONSTER",
	"id" : "mon_animatronic_fox_old",
	"name": "old animatronic fox",
	"species":"ROBOT",
	"symbol":"F",
	"color":"red",
	"size":"LARGE",
	"material":"steel",
	"diff":12,
	"aggression":100,
	"morale":100,
	"speed":140,
	"melee_skill":6,
	"melee_dice":4,
	"melee_dice_sides":6,
	"melee_cut":10,
	"dodge":6,
	"armor_bash":6,
	"armor_cut":4,
	"vision_day":30,
	"vision_night":5,
	"item_chance":80,
	"death_drops": {
	"groups": [
		[ "robots", 60 ],
			[ "default_zombie_clothes", 40 ],
			[ "child_items", 75 ]
		]
    },
	"luminance":0,
	"hp":100,
	"special_freq":[0],
	"death_function":"BROKEN",
	"special_attack":[["PARROT", 0]],
	"description":"A bipedal animatronic fox, nearly twice your size.  Its teeth and claws look quite sharp.  Its right hand is replaced with a hook.  It looks heavily worn and degraded.",
	"flags":["SEES", "GRABS", "HEARS", "BASHES", "ELECTRONIC", "NO_BREATHE"],
	"anger_triggers":["PLAYER_CLOSE", "HURT"]
    },{
	"type" : "MONSTER",
	"id" : "mon_animatronic_fox_new",
	"name": "new animatronic fox",
	"species":"ROBOT",
	"symbol":"F",
	"color":"white",
	"size":"LARGE",
	"material":"steel",
	"diff":12,
	"aggression":50,
	"morale":100,
	"speed":120,
	"melee_skill":6,
	"melee_dice":4,
	"melee_dice_sides":6,
	"melee_cut":6,
	"dodge":6,
	"armor_bash":12,
	"armor_cut":8,
	"vision_day":50,
	"vision_night":50,
	"item_chance":80,
	"death_drops": {
	"groups": [
		[ "robots", 75 ],
			[ "default_zombie_clothes", 10 ],
			[ "child_items", 25 ]
		]
    },
	"luminance":0,
	"hp":160,
	"special_freq":[0],
	"death_function":"BROKEN",
	"special_attack":[["PARROT", 0]],
	"description":"A bipedal animatronic fox, nearly twice your size.  Its teeth and claws look quite sharp.  Its outer layer is made of reinforced plastic.  It looks to be high tech, and in good shape.",
	"flags":["SEES", "GRABS", "HEARS", "BASHES", "ELECTRONIC", "NO_BREATHE"],
	"anger_triggers":["PLAYER_CLOSE", "HURT"]
    },{
	"type" : "MONSTER",
	"id" : "mon_animatronic_fox_wreck",
	"name": "wrecked animatronic fox",
	"species":"ROBOT",
	"symbol":"F",
	"color":"white",
	"size":"medium",
	"material":"steel",
	"diff":12,
	"aggression":50,
	"morale":100,
	"speed":80,
	"melee_skill":6,
	"melee_dice":4,
	"melee_dice_sides":6,
	"melee_cut":8,
	"dodge":6,
	"armor_bash":12,
	"armor_cut":12,
	"vision_day":50,
	"vision_night":50,
	"item_chance":80,
	"death_drops": {
	"groups": [
		[ "robots", 75 ],
			[ "default_zombie_clothes", 10 ],
			[ "child_items", 25 ]
		]
    },
	"luminance":0,
	"hp":100,
	"special_freq":[0],
	"death_function":"BROKEN",
	"special_attack":[["PARROT", 0]],
	"description":"A wrecked animatronic fox, laying in a pile on the ground.  Its teeth and claws still look quite sharp.  It's able to crawl around and climb on the ceiling.",
	"flags":["SEES", "GRABS", "HEARS", "BASHES", "ELECTRONIC", "NO_BREATHE"],
	"anger_triggers":["PLAYER_CLOSE", "HURT"]
    },{
	"type" : "MONSTER",
	"id" : "mon_animatronic_bunny_new",
	"name": "new animatronic bunny",
	"species":"ROBOT",
	"symbol":"B",
	"color":"ltblue",
	"size":"LARGE",
	"material":"steel",
	"diff":12,
	"aggression":50,
	"morale":100,
	"speed":120,
	"melee_skill":6,
	"melee_dice":4,
	"melee_dice_sides":6,
	"melee_cut":6,
	"dodge":6,
	"armor_bash":12,
	"armor_cut":8,
	"vision_day":50,
	"vision_night":50,
	"item_chance":80,
	"death_drops": {
	"groups": [
		[ "robots", 75 ],
			[ "default_zombie_clothes", 10 ],
			[ "child_items", 25 ]
		]
    },
	"luminance":0,
	"hp":160,
	"special_freq":[0],
	"death_function":"BROKEN",
	"special_attack":[["PARROT", 0]],
	"description":"A bipedal animatronic bunny, nearly twice your size.  Its actually quite cute, even though it's trying to kill you.  Its outer layer is made of reinforced plastic.  It looks to be high tech, and in good shape.",
	"flags":["SEES", "GRABS", "HEARS", "BASHES", "ELECTRONIC", "NO_BREATHE"],
	"anger_triggers":["PLAYER_CLOSE", "HURT"]
    },{
	"type" : "MONSTER",
	"id" : "mon_animatronic_bunny_old",
	"name": "old animatronic bunny",
	"species":"ROBOT",
	"symbol":"B",
	"color":"blue",
	"size":"LARGE",
	"material":"steel",
	"diff":12,
	"aggression":100,
	"morale":100,
	"speed":110,
	"melee_skill":6,
	"melee_dice":4,
	"melee_dice_sides":6,
	"melee_cut":6,
	"dodge":4,
	"armor_bash":6,
	"armor_cut":4,
	"vision_day":30,
	"vision_night":5,
	"item_chance":80,
	"death_drops": {
		"groups": [
			[ "robots", 60 ],
			[ "default_zombie_clothes", 40 ],
			[ "child_items", 75 ]
		]
    },
	"luminance":0,
	"hp":100,
	"special_freq":[0],
	"death_function":"BROKEN",
	"special_attack":[["PARROT", 0]],
	"description":"A bipedal animatronic bunny, nearly twice your size.  Its face has been torn clear off, though the sockets for it's eyes still exist.  It looks heavily worn and degraded.",
	"flags":["SEES", "GRABS", "HEARS", "BASHES", "ELECTRONIC", "NO_BREATHE"],
	"anger_triggers":["PLAYER_CLOSE", "HURT"]
    },{
	"type" : "MONSTER",
	"id" : "mon_animatronic_chicken_old",
	"name": "old animatronic chicken",
	"species":"ROBOT",
	"symbol":"C",
	"color":"yellow",
	"size":"LARGE",
	"material":"steel",
	"diff":12,
	"aggression":100,
	"morale":100,
	"speed":110,
	"melee_skill":6,
	"melee_dice":4,
	"melee_dice_sides":6,
	"melee_cut":6,
	"dodge":4,
	"armor_bash":6,
	"armor_cut":4,
	"vision_day":30,
	"vision_night":5,
	"item_chance":80,
	"death_drops": {
		"groups": [
			[ "robots", 60 ],
			[ "default_zombie_clothes", 40 ],
			[ "child_items", 75 ]
		]
    },
	"luminance":0,
	"hp":100,
	"special_freq":[0],
	"death_function":"BROKEN",
	"special_attack":[["PARROT", 0]],
	"description":"A bipedal animatronic chicken, nearly twice your size.  It's wearing a bib that reads 'Let's Eat!'.  Though it is a robot, it stinks like death.",
	"flags":["SEES", "GRABS", "HEARS", "BASHES", "ELECTRONIC", "NO_BREATHE"],
	"anger_triggers":["PLAYER_CLOSE", "HURT"]
    },{
	"type" : "MONSTER",
	"id" : "mon_animatronic_chicken_new",
	"name": "new animatronic chicken",
	"species":"ROBOT",
	"symbol":"C",
	"color":"yellow",
	"size":"LARGE",
	"material":"steel",
	"diff":12,
	"aggression":50,
	"morale":100,
	"speed":120,
	"melee_skill":6,
	"melee_dice":4,
	"melee_dice_sides":6,
	"melee_cut":6,
	"dodge":6,
	"armor_bash":12,
	"armor_cut":8,
	"vision_day":50,
	"vision_night":50,
	"item_chance":80,
	"death_drops": {
		"groups": [
			[ "robots", 75 ],
			[ "default_zombie_clothes", 10 ],
			[ "child_items", 25 ]
		]
    },
	"luminance":0,
	"hp":160,
	"special_freq":[0],
	"death_function":"BROKEN",
	"special_attack":[["PARROT", 0]],
	"description":"A bipedal animatronic chicken, nearly twice your size.  It's wearing a bib that reads 'Let's Party!'.  She oddly has a curvaceous figure.  Its outer layer is made of reinforced plastic.  It looks to be high tech, and in good shape.",
	"flags":["SEES", "GRABS", "HEARS", "BASHES", "ELECTRONIC", "NO_BREATHE"],
	"anger_triggers":["PLAYER_CLOSE", "HURT"]
    },{
	"type" : "MONSTER",
	"id" : "mon_animatronic_bear_old",
	"name": "old animatronic bear",
	"species":"ROBOT",
	"symbol":"B",
	"color":"brown",
	"size":"LARGE",
	"material":"steel",
	"diff":12,
	"aggression":100,
	"morale":100,
	"speed":110,
	"melee_skill":6,
	"melee_dice":4,
	"melee_dice_sides":6,
	"melee_cut":6,
	"dodge":4,
	"armor_bash":6,
	"armor_cut":4,
	"vision_day":30,
	"vision_night":5,
	"item_chance":80,
	"death_drops": {
		"groups": [
			[ "robots", 60 ],
			[ "default_zombie_clothes", 40 ],
			[ "child_items", 75 ]
		]
    },
	"luminance":0,
	"hp":100,
	"special_freq":[0],
	"death_function":"BROKEN",
	"special_attack":[["PARROT", 0]],
	"description":"A bipedal animatronic bear, nearly twice your size.  It's holding a microphone, and wearing a top hat.  Though it is a robot, it stinks like death.  It looks heavily worn and degraded.",
	"flags":["SEES", "GRABS", "HEARS", "BASHES", "ELECTRONIC", "NO_BREATHE"],
	"anger_triggers":["PLAYER_CLOSE", "HURT"]
    },{
	"type" : "MONSTER",
	"id" : "mon_animatronic_bear_new",
	"name": "new animatronic bear",
	"species":"ROBOT",
	"symbol":"B",
	"color":"brown",
	"size":"LARGE",
	"material":"steel",
	"diff":12,
	"aggression":50,
	"morale":100,
	"speed":120,
	"melee_skill":6,
	"melee_dice":4,
	"melee_dice_sides":6,
	"melee_cut":6,
	"dodge":6,
	"armor_bash":12,
	"armor_cut":8,
	"vision_day":50,
	"vision_night":50,
	"item_chance":80,
	"death_drops": {
		"groups": [
			[ "robots", 60 ],
			[ "default_zombie_clothes", 40 ],
			[ "child_items", 75 ]
		]
    },
	"luminance":0,
	"hp":180,
	"special_freq":[0],
	"death_function":"BROKEN",
	"special_attack":[["PARROT", 0]],
	"description":"A bipedal animatronic bear, nearly twice your size.  It's holding a microphone, and wearing a top hat.  Its outer layer is made of reinforced plastic.  It looks to be high tech, and in good shape.",
	"flags":["SEES", "GRABS", "HEARS", "BASHES", "ELECTRONIC", "NO_BREATHE"],
	"anger_triggers":["PLAYER_CLOSE", "HURT"]
    },{
	"type" : "MONSTER",
	"id" : "mon_animatronic_bat",
	"name": "animatronic bat",
	"species":"ROBOT",
	"symbol":"B",
	"color":"dkgray",
	"size":"LARGE",
	"material":"steel",
	"diff":12,
	"aggression":50,
	"morale":100,
	"speed":120,
	"melee_skill":6,
	"melee_dice":4,
	"melee_dice_sides":6,
	"melee_cut":6,
	"dodge":4,
	"armor_bash":6,
	"armor_cut":4,
	"vision_day":30,
	"vision_night":5,
	"item_chance":80,
	"death_drops": {
		"groups": [
			[ "robots", 60 ],
			[ "default_zombie_clothes", 40 ],
			[ "child_items", 75 ]
		]
    },
	"luminance":0,
    "hp":150,
	"special_freq":[0],
	"death_function":"BROKEN",
	"special_attack":["NONE"],
	"description":"A bipedal animatronic bat, nearly twice your size.  It might have been cute once, but has fallen into disrepair.  Though it is a robot, it stinks like death.",
	"flags":["SEES", "GRABS", "HEARS", "BASHES", "ELECTRONIC", "NO_BREATHE"],
	"anger_triggers":["PLAYER_CLOSE", "HURT"]
    },{
	"type" : "MONSTER",
	"id" : "mon_animatronic_beaver",
	"name": "animatronic beaver",
	"species":"ROBOT",
	"symbol":"b",
	"color":"brown",
	"size":"LARGE",
	"material":"steel",
	"diff":12,
	"aggression":50,
	"morale":100,
	"speed":120,
	"melee_skill":6,
	"melee_dice":4,
	"melee_dice_sides":6,
	"melee_cut":6,
	"dodge":4,
	"armor_bash":6,
	"armor_cut":4,
	"vision_day":30,
	"vision_night":5,
	"item_chance":80,
	"death_drops": {
		"groups": [
			[ "robots", 60 ],
			[ "default_zombie_clothes", 40 ],
			[ "child_items", 75 ]
		]
    },
	"luminance":0,
	"hp":150,
	"special_freq":[0],
	"death_function":"BROKEN",
	"special_attack":["NONE"],
	"description":"A bipedal animatronic beaver, nearly twice your size.  Its buck teeth look far more sharp than they should be.  Though it is a robot, it stinks like death.",
	"flags":["SEES", "GRABS", "HEARS", "BASHES", "ELECTRONIC", "NO_BREATHE"],
	"anger_triggers":["PLAYER_CLOSE", "HURT"]
    },{
	"type" : "MONSTER",
	"id" : "mon_animatronic_cat",
	"name": "animatronic cat",
	"species":"ROBOT",
	"symbol":"c",
	"color":"yellow",
	"size":"LARGE",
	"material":"steel",
	"diff":12,
	"aggression":50,
	"morale":100,
	"speed":120,
	"melee_skill":6,
	"melee_dice":4,
	"melee_dice_sides":6,
	"melee_cut":6,
	"dodge":4,
	"armor_bash":6,
	"armor_cut":4,
	"vision_day":30,
	"vision_night":5,
	"item_chance":80,
	"death_drops": {
		"groups": [
			[ "robots", 60 ],
			[ "default_zombie_clothes", 40 ],
			[ "child_items", 75 ]
		]
    },
	"luminance":0,
	"hp":150,
	"special_freq":[0],
	"death_function":"BROKEN",
	"special_attack":["NONE"],
	"description":"A bipedal animatronic cat, nearly twice your size.  Its claws are extremely sharp.  Though it is a robot, it stinks like death.",
	"flags":["SEES", "GRABS", "HEARS", "BASHES", "ELECTRONIC", "NO_BREATHE"],
	"anger_triggers":["PLAYER_CLOSE", "HURT"]
    },{
	"type" : "MONSTER",
	"id" : "mon_animatronic_chipmunk",
	"name": "animatronic chipmunk",
	"species":"ROBOT",
	"symbol":"c",
	"color":"brown",
	"size":"LARGE",
	"material":"steel",
	"diff":12,
	"aggression":50,
	"morale":100,
	"speed":120,
	"melee_skill":6,
	"melee_dice":4,
	"melee_dice_sides":6,
	"melee_cut":8,
	"dodge":4,
	"armor_bash":6,
	"armor_cut":4,
	"vision_day":30,
	"vision_night":5,
	"item_chance":80,
	"death_drops": {
		"groups": [
			[ "robots", 60 ],
			[ "default_zombie_clothes", 40 ],
			[ "child_items", 75 ]
		]
    },
	"luminance":0,
	"hp":150,
	"special_freq":[0],
	"death_function":"BROKEN",
	"special_attack":["NONE"],
	"description":"A bipedal animatronic chipmunk, nearly twice your size.  You might call it cute if it wasn't charging you down right now.  Though it is a robot, it stinks like death.",
	"flags":["SEES", "GRABS", "HEARS", "BASHES", "ELECTRONIC", "NO_BREATHE"],
	"anger_triggers":["PLAYER_CLOSE", "HURT"]
    },{
	"type" : "MONSTER",
	"id" : "mon_animatronic_cow",
	"name": "animatronic cow",
	"species":"ROBOT",
	"symbol":"C",
	"color":"white",
	"size":"LARGE",
	"material":"steel",
	"diff":12,
	"aggression":50,
	"morale":100,
	"speed":120,
	"melee_skill":6,
	"melee_dice":4,
	"melee_dice_sides":6,
	"melee_cut":6,
	"dodge":4,
	"armor_bash":6,
	"armor_cut":4,
	"vision_day":30,
	"vision_night":5,
	"item_chance":80,
	"death_drops": {
		"groups": [
			[ "robots", 60 ],
			[ "default_zombie_clothes", 40 ],
			[ "child_items", 75 ]
		]
    },
	"luminance":0,
	"hp":160,
	"special_freq":[0],
	"death_function":"BROKEN",
	"special_attack":["NONE"],
	"description":"A bipedal animatronic cow, nearly twice your size.  Its voice-box is broken, making it emit shrill, eerie moos.  Though it is a robot, it stinks like death.",
	"flags":["SEES", "GRABS", "HEARS", "BASHES", "ELECTRONIC", "NO_BREATHE"],
	"anger_triggers":["PLAYER_CLOSE", "HURT"]
    },{
	"type" : "MONSTER",
	"id" : "mon_animatronic_coyote",
	"name": "animatronic coyote",
	"species":"ROBOT",
	"symbol":"C",
	"color":"dkgray",
	"size":"LARGE",
	"material":"steel",
	"diff":12,
	"aggression":50,
	"morale":100,
	"speed":130,
	"melee_skill":6,
	"melee_dice":4,
	"melee_dice_sides":6,
	"melee_cut":6,
	"dodge":4,
	"armor_bash":6,
	"armor_cut":4,
	"vision_day":30,
	"vision_night":5,
	"item_chance":80,
	"death_drops": {
		"groups": [
			[ "robots", 60 ],
			[ "default_zombie_clothes", 40 ],
			[ "child_items", 75 ]
		]
    },
	"luminance":0,
	"hp":150,
	"special_freq":[0],
	"death_function":"BROKEN",
	"special_attack":["NONE"],
	"description":"A bipedal animatronic coyote, nearly twice your size.  Its head twitches about faster than seems possible.  Though it is a robot, it stinks like death.",
	"flags":["SEES", "GRABS", "HEARS", "BASHES", "ELECTRONIC", "NO_BREATHE"],
	"anger_triggers":["PLAYER_CLOSE", "HURT"]
    },{
	"type" : "MONSTER",
	"id" : "mon_animatronic_deer",
	"name": "animatronic deer",
	"species":"ROBOT",
	"symbol":"D",
	"color":"brown",
	"size":"LARGE",
	"material":"steel",
	"diff":12,
	"aggression":50,
	"morale":100,
	"speed":120,
	"melee_skill":6,
	"melee_dice":4,
	"melee_dice_sides":6,
	"melee_cut":6,
	"dodge":4,
	"armor_bash":6,
	"armor_cut":4,
	"vision_day":30,
	"vision_night":5,
	"item_chance":80,
	"death_drops": {
		"groups": [
			[ "robots", 60 ],
			[ "default_zombie_clothes", 40 ],
			[ "child_items", 75 ]
		]
    },
    "luminance":0,
	"hp":150,
	"special_freq":[0],
	"death_function":"BROKEN",
	"special_attack":["NONE"],
	"description":"A bipedal animatronic deer, nearly twice your size.  The hunter becomes the hunted.  Though it is a robot, it stinks like death.",
	"flags":["SEES", "GRABS", "HEARS", "BASHES", "ELECTRONIC", "NO_BREATHE"],
	"anger_triggers":["PLAYER_CLOSE", "HURT"]
    },{
	"type" : "MONSTER",
	"id" : "mon_animatronic_horse",
	"name": "animatronic horse",
	"species":"ROBOT",
	"symbol":"H",
	"color":"brown",
	"size":"LARGE",
	"material":"steel",
	"diff":12,
	"aggression":50,
	"morale":100,
	"speed":140,
	"melee_skill":6,
	"melee_dice":4,
	"melee_dice_sides":6,
	"melee_cut":6,
	"dodge":4,
	"armor_bash":6,
	"armor_cut":4,
	"vision_day":30,
	"vision_night":5,
	"item_chance":80,
	"death_drops": {
		"groups": [
			[ "robots", 60 ],
			[ "default_zombie_clothes", 40 ],
			[ "child_items", 75 ]
		]
    },
	"luminance":0,
	"hp":180,
	"special_freq":[0],
	"death_function":"BROKEN",
	"special_attack":["NONE"],
	"description":"A bipedal animatronic horse, nearly twice your size.  It's amazing.  Though it is a robot, it stinks like death.",
	"flags":["SEES", "GRABS", "HEARS", "BASHES", "ELECTRONIC", "NO_BREATHE"],
	"anger_triggers":["PLAYER_CLOSE", "HURT"]
    },{
	"type" : "MONSTER",
	"id" : "mon_animatronic_pig",
	"name": "animatronic pig",
	"species":"ROBOT",
	"symbol":"P",
	"color":"pink",
	"size":"LARGE",
	"material":"steel",
	"diff":12,
	"aggression":50,
	"morale":100,
	"speed":120,
	"melee_skill":6,
	"melee_dice":4,
	"melee_dice_sides":6,
	"melee_cut":6,
	"dodge":4,
	"armor_bash":6,
	"armor_cut":4,
	"vision_day":30,
	"vision_night":5,
	"item_chance":80,
	"death_drops": {
		"groups": [
			[ "robots", 60 ],
			[ "default_zombie_clothes", 40 ],
			[ "child_items", 75 ]
		]
    },
	"luminance":0,
	"hp":160,
	"special_freq":[0],
	"death_function":"BROKEN",
	"special_attack":["NONE"],
	"description":"A bipedal animatronic pig, nearly twice your size.  Little piggy go home, little piggy no no.  Though it is a robot, it stinks like death.",
	"flags":["SEES", "GRABS", "HEARS", "BASHES", "ELECTRONIC", "NO_BREATHE"],
	"anger_triggers":["PLAYER_CLOSE", "HURT"]
    },{
	"type" : "MONSTER",
	"id" : "mon_animatronic_sheep",
	"name": "animatronic sheep",
	"name_plural": "animatronic sheep",
	"species":"ROBOT",
	"symbol":"S",
	"color":"white",
	"size":"LARGE",
	"material":"steel",
	"diff":12,
	"aggression":50,
	"morale":100,
	"speed":120,
	"melee_skill":6,
	"melee_dice":4,
	"melee_dice_sides":6,
	"melee_cut":6,
	"dodge":4,
	"armor_bash":6,
	"armor_cut":4,
	"vision_day":30,
	"vision_night":5,
	"item_chance":80,
	"death_drops": {
		"groups": [
			[ "robots", 60 ],
			[ "default_zombie_clothes", 40 ],
			[ "child_items", 75 ]
		]
    },
	"luminance":0,
	"hp":150,
	"special_freq":[0],
	"death_function":"BROKEN",
	"special_attack":["NONE"],
	"description":"A bipedal animatronic sheep, nearly twice your size.  Its wool is mangy and gross.  Though it is a robot, it stinks like death.",
	"flags":["SEES", "GRABS", "HEARS", "BASHES", "ELECTRONIC", "NO_BREATHE"],
	"anger_triggers":["PLAYER_CLOSE", "HURT"]
    },{
	"type" : "MONSTER",
	"id" : "mon_animatronic_squirrel",
	"name": "animatronic squirrel",
	"species":"ROBOT",
	"symbol":"S",
	"color":"red",
	"size":"LARGE",
	"material":"steel",
	"diff":12,
	"aggression":50,
	"morale":100,
	"speed":120,
	"melee_skill":6,
	"melee_dice":4,
	"melee_dice_sides":6,
	"melee_cut":6,
	"dodge":4,
	"armor_bash":6,
	"armor_cut":4,
	"vision_day":30,
	"vision_night":5,
	"item_chance":80,
	"death_drops": {
		"groups": [
			[ "robots", 60 ],
			[ "default_zombie_clothes", 40 ],
			[ "child_items", 75 ]
		]
    },
	"luminance":0,
	"hp":150,
	"special_freq":[0],
	"death_function":"BROKEN",
	"special_attack":["NONE"],
	"description":"A bipedal animatronic squirrel, nearly twice your size.  Judging by its sharp teeth, you hope it does not like nuts.  Though it is a robot, it stinks like death.",
	"flags":["SEES", "GRABS", "HEARS", "BASHES", "ELECTRONIC", "NO_BREATHE"],
	"anger_triggers":["PLAYER_CLOSE", "HURT"]
    },{
	"type" : "MONSTER",
	"id" : "mon_animatronic_child",
	"name": "animatronic child",
	"species":"ROBOT",
	"symbol":"c",
	"color":"yellow",
	"size":"SMALL",
	"material":"steel",
	"diff":12,
	"aggression":50,
	"morale":100,
	"speed":120,
	"melee_skill":4,
	"melee_dice":3,
	"melee_dice_sides":4,
	"melee_cut":4,
	"dodge":4,
	"armor_bash":4,
	"armor_cut":2,
	"vision_day":30,
	"vision_night":5,
	"item_chance":80,
	"death_drops": {
		"groups": [
			[ "robots", 60 ],
			[ "default_zombie_clothes", 40 ],
			[ "child_items", 75 ]
		]
    },
	"luminance":0,
	"hp":100,
	"special_freq":[0],
	"death_function":"BROKEN",
	"special_attack":[["PARROT", 0]],
	"description":"An animatronic child.  It looks like it's annoying as hell.  Though it is a robot, it stinks like death.",
	"flags":["SEES", "GRABS", "HEARS", "BASHES", "ELECTRONIC", "NO_BREATHE"],
	"anger_triggers":["PLAYER_CLOSE", "HURT"]
    },{
	"type" : "MONSTER",
	"id" : "mon_marionette",
	"name": "marionette",
	"species":"ROBOT",
	"symbol":"m",
	"color":"dkgray",
	"size":"medium",
	"material":"steel",
	"diff":12,
	"aggression":100,
	"morale":100,
	"speed":160,
	"melee_skill":4,
	"melee_dice":3,
	"melee_dice_sides":4,
	"melee_cut":4,
	"dodge":4,
	"armor_bash":4,
	"armor_cut":2,
	"vision_day":50,
	"vision_night":50,
	"item_chance":80,
	"death_drops": {
		"groups": [
			[ "robots", 10 ],
			[ "default_zombie_clothes", 40 ],
			[ "child_items", 75 ]
		]
    },
	"luminance":0,
	"hp":100,
	"special_freq":[0],
	"death_function":"BROKEN",
	"special_attack":[["PARROT", 0]],
	"description":"A marionette able to move itself around.  There are no strings on him however.",
	"flags":["SEES", "GRABS", "HEARS", "BASHES", "ELECTRONIC", "NO_BREATHE"],
	"anger_triggers":["PLAYER_CLOSE", "HURT"]
    },{
	"type" : "MONSTER",
	"id" : "mon_animatronic_wolf",
	"name": "animatronic wolf",
	"species":"ROBOT",
	"symbol":"W",
	"color":"dkgray",
	"size":"LARGE",
	"material":"steel",
	"diff":12,
	"aggression":50,
	"morale":100,
	"speed":130,
	"melee_skill":6,
	"melee_dice":4,
	"melee_dice_sides":8,
	"melee_cut":8,
	"dodge":4,
	"armor_bash":6,
	"armor_cut":6,
	"vision_day":30,
	"vision_night":5,
	"item_chance":80,
	"death_drops": {
		"groups": [
			[ "robots", 60 ],
			[ "default_zombie_clothes", 40 ],
			[ "child_items", 75 ]
		]
    },
	"luminance":0,
	"hp":150,
	"special_freq":[0],
	"death_function":"BROKEN",
	"special_attack":["NONE"],
	"description":"A bipedal animatronic wolf, nearly twice your size.  If the animal counterpart was scary, this robot is terrifying.  Though it is a robot, it stinks like death.",
	"flags":["SEES", "GRABS", "HEARS", "BASHES", "ELECTRONIC", "NO_BREATHE"],
	"anger_triggers":["PLAYER_CLOSE", "HURT"]
	}
]