{
    "tile_info":
    [
        {
            "height": 16,
            "width": 16
        }
    ],
    "tiles":
    [
        {
            "id":"unknown",
            "fg":54,
            "rotates":true
        },
        {
            "id":"weather_acid_drop",
            "bg":14
        },
        {
            "id":"weather_rain_drop",
            "bg":13
        },
        {
            "id":"weather_snowflake",
            "bg":15
        },
        {
            "id":"animation_hit",
            "bg":49
        },
        {
            "id":"line_target",
            "bg":12
        },
        {
            "id":"line_trail",
            "bg":12
        },

        {
            "id":"animation_line",
            "bg":49
        },
        {
            "id":"explosion",
            "bg": 5,
            "multitile": true,
            "rotates": true,
            "additional_tiles":
            [
                {
                    "id": "corner",
                    "fg": 28
                },
                {
                    "id": "edge",
                    "fg": 44
                }
            ]
        },
        {
            "id":"animation_bullet_normal",
            "fg":0
        },
        {
            "id":"animation_bullet_flame",
            "fg":0
        },
        {
            "id":"animation_bullet_shrapnel",
            "fg":0
        },
        {
            "id":"cursor",
            "fg":12
        },
        {
            "id":"lighting_boomered_light",
            "fg":50,
            "rotates":false
        },
        {
            "id":"lighting_boomered_dark",
            "fg":51,
            "rotates":false
        },
        {
            "id":"lighting_lowlight_light",
            "fg":52,
            "rotates":false
        },
        {
            "id":"lighting_lowlight_dark",
            "fg":53,
            "rotates":false
        },
        {
            "id":"lighting_hidden",
            "fg":0,
            "bg":0,
            "rotates":false
        },
        {
            "id":"npc_male",
            "fg":32,
            "rotates":false
        },
        {
            "id":"npc_female",
            "fg":32,
            "rotates":false
        },
        {
            "id":"player_male",
            "fg":32,
            "rotates":false
        },
        {
            "id":"player_female",
            "fg":32,
            "rotates":false
        },
        {
            "id":"t_hole",
            "rotates":false
        },
        {
            "id":"t_dirt",
            "fg":2,
            "rotates":false
        },
        {
            "id":"t_sand",
            "rotates":false
        },
        {
            "id":"t_dirtmound",
            "bg":2,
            "rotates":false
        },
        {
            "id":"t_pit_shallow",
            "rotates":false
        },
        {
            "id":"t_pit",
            "rotates":false
        },
        {
            "id":"t_pit_corpsed",
            "rotates":false
        },
        {
            "id":"t_pit_covered",
            "rotates":false
        },
        {
            "id":"t_pit_spiked",
            "rotates":false
        },
        {
            "id":"t_pit_spiked_covered",
            "rotates":false
        },
        {
            "id":"t_pit_glass",
            "rotates":false
        },
        {
            "id":"t_pit_glass_covered",
            "rotates":false
        },
        {
            "id":"t_rock_floor",
            "bg":3,
            "rotates":false
        },
        {
            "id":"t_rubble",
            "rotates":false
        },
        {
            "id":"t_ash",
            "rotates":false
        },
        {
            "id":"t_metal",
            "rotates":false
        },
        {
            "id":"t_wreckage",
            "rotates":false
        },
        {
            "id":"t_grass",
            "fg":4,
            "rotates":false
        },
        {
            "id":"t_metal_floor",
            "rotates":false
        },
        {
            "id":"t_pavement",
            "fg":3,
            "rotates":false
        },
        {
            "id":"t_pavement_y",
            "fg":5,
            "bg":3,
            "rotates":false
        },
        {
            "id":"t_sidewalk",
            "rotates":false
        },
        {
            "id":"t_floor",
            "bg":11,
            "rotates":false
        },
        {
            "id":"t_dirtfloor",
            "fg":2,
            "rotates":false
        },
        {
            "id":"t_grate",
            "rotates":false
        },
        {
            "id":"t_slime",
            "rotates":false
        },
        {
            "id":"t_bridge",
            "rotates":false
        },
        {
            "id":"t_skylight",
            "rotates":false
        },
        {
            "id":"t_emergency_light_flicker",
            "rotates":false
        },
        {
            "id":"t_emergency_light",
            "rotates":false
        },
        {
            "id":"t_wall_log_half",
            "rotates":false
        },
        {
            "id":"t_wall_log",
            "rotates":false
        },
        {
            "id":"t_wall_log_chipped",
            "rotates":false
        },
        {
            "id":"t_wall_log_broken",
            "rotates":false
        },
        {
            "id":"t_palisade",
            "rotates":false
        },
        {
            "id":"t_palisade_gate",
            "rotates":false
        },
        {
            "id":"t_palisade_gate_o",
            "rotates":false
        },
        {
            "id":"t_wall_half",
            "rotates":false
        },
        {
            "id":"t_wall_wood",
            "rotates":false
        },
        {
            "id":"t_wall_wood_chipped",
            "rotates":false
        },
        {
            "id":"t_wall_wood_broken",
            "rotates":false
        },
        {
            "id":"t_wall_v",
            "fg":17,
            "bg":2,
            "multitile":true,
            "additional_tiles":
            [
                {
                    "id": "center",
                    "fg": 36
                },
                {
                    "id": "corner",
                    "fg": 37
                },
                {
                    "id": "edge",
                    "fg": 38
                },
                {
                    "id": "t_connection",
                    "fg": 39
                },
                {
                    "id": "end_piece",
                    "fg": 40
                },
                {
                    "id": "unconnected",
                    "fg": 41
                }
            ],
            "rotates":false
        },
        {
            "id":"t_wall_h",
            "fg":18,
            "bg":2,
            "multitile":true,
            "additional_tiles":
            [
                {
                    "id": "center",
                    "fg": 36
                },
                {
                    "id": "corner",
                    "fg": 37
                },
                {
                    "id": "edge",
                    "fg": 38
                },
                {
                    "id": "t_connection",
                    "fg": 39
                },
                {
                    "id": "end_piece",
                    "fg": 40
                },
                {
                    "id": "unconnected",
                    "fg": 41
                }
            ],
            "rotates":false
        },
        {
            "id":"t_concrete_v",
            "rotates":false
        },
        {
            "id":"t_concrete_h",
            "rotates":false
        },
        {
            "id":"t_wall_metal_v",
            "rotates":false
        },
        {
            "id":"t_wall_metal_h",
            "rotates":false
        },
        {
            "id":"t_wall_glass_v",
            "rotates":false
        },
        {
            "id":"t_wall_glass_h",
            "rotates":false
        },
        {
            "id":"t_wall_glass_v_alarm",
            "rotates":false
        },
        {
            "id":"t_wall_glass_h_alarm",
            "rotates":false
        },
        {
            "id":"t_reinforced_glass_v",
            "rotates":false
        },
        {
            "id":"t_reinforced_glass_h",
            "rotates":false
        },
        {
            "id":"t_bars",
            "rotates":false
        },
        {
            "id":"t_door_c",
            "fg":33,
            "rotates":false
        },
        {
            "id":"t_door_b",
            "rotates":false
        },
        {
            "id":"t_door_o",
            "fg":34,
            "rotates":false
        },
        {
            "id":"t_door_locked_interior",
            "rotates":false
        },
        {
            "id":"t_door_locked",
            "rotates":false
        },
        {
            "id":"t_door_locked_alarm",
            "rotates":false
        },
        {
            "id":"t_door_frame",
            "rotates":false
        },
        {
            "id":"t_chaingate_l",
            "rotates":false
        },
        {
            "id":"t_fencegate_c",
            "rotates":false
        },
        {
            "id":"t_fencegate_o",
            "rotates":false
        },
        {
            "id":"t_chaingate_c",
            "rotates":false
        },
        {
            "id":"t_chaingate_o",
            "rotates":false
        },
        {
            "id":"t_door_boarded",
            "rotates":false
        },
        {
            "id":"t_door_metal_c",
            "rotates":false
        },
        {
            "id":"t_door_metal_o",
            "rotates":false
        },
        {
            "id":"t_door_metal_locked",
            "rotates":false
        },
        {
            "id":"t_door_bar_c",
            "rotates":false
        },
        {
            "id":"t_door_bar_o",
            "rotates":false
        },
        {
            "id":"t_door_bar_locked",
            "rotates":false
        },
        {
            "id":"t_door_glass_c",
            "rotates":false
        },
        {
            "id":"t_door_glass_o",
            "rotates":false
        },
        {
            "id":"t_portcullis",
            "rotates":false
        },
        {
            "id":"t_recycler",
            "rotates":false
        },
        {
            "id":"t_window",
            "fg":35,
            "rotates":false
        },
        {
            "id":"t_window_taped",
            "rotates":false
        },
        {
            "id":"t_window_domestic",
            "fg":35,
            "rotates":false
        },
        {
            "id":"t_window_domestic_taped",
            "rotates":false
        },
        {
            "id":"t_window_open",
            "rotates":false
        },
        {
            "id":"t_curtains",
            "rotates":false
        },
        {
            "id":"t_window_alarm",
            "rotates":false
        },
        {
            "id":"t_window_alarm_taped",
            "rotates":false
        },
        {
            "id":"t_window_empty",
            "rotates":false
        },
        {
            "id":"t_window_frame",
            "rotates":false
        },
        {
            "id":"t_window_boarded",
            "rotates":false
        },
        {
            "id":"t_window_stained_green",
            "rotates":false
        },
        {
            "id":"t_window_stained_red",
            "rotates":false
        },
        {
            "id":"t_window_stained_blue",
            "rotates":false
        },
        {
            "id":"t_rock",
            "fg":17,
            "bg":3,
            "multitile":true,
            "additional_tiles":
            [
                {
                    "id": "center",
                    "fg": 36
                },
                {
                    "id": "corner",
                    "fg": 37
                },
                {
                    "id": "edge",
                    "fg": 38
                },
                {
                    "id": "t_connection",
                    "fg": 39
                },
                {
                    "id": "end_piece",
                    "fg": 40
                },
                {
                    "id": "unconnected",
                    "fg": 41
                }
            ],
            "rotates":false
        },
        {
            "id":"t_fault",
            "rotates":false
        },
        {
            "id":"t_paper",
            "rotates":false
        },
        {
            "id":"t_tree",
            "fg":6,
            "bg":2,
            "rotates":false
        },
        {
            "id":"t_tree_young",
            "fg":10,
            "bg":2,
            "rotates":false
        },
        {
            "id":"t_tree_apple",
            "rotates":false
        },
        {
            "id":"t_underbrush",
            "fg":9,
            "bg":2,
            "rotates":false
        },
        {
            "id":"t_shrub",
            "fg":9,
            "bg":2,
            "rotates":false
        },
        {
            "id":"t_shrub_blueberry",
            "fg":9,
            "bg":2,
            "rotates":false
        },
        {
            "id":"t_shrub_strawberry",
            "fg":9,
            "bg":2,
            "rotates":false
        },
        {
            "id":"t_trunk",
            "rotates":false
        },
        {
            "id":"t_root_wall",
            "rotates":false
        },
        {
            "id":"t_wax",
            "rotates":false
        },
        {
            "id":"t_floor_wax",
            "rotates":false
        },
        {
            "id":"t_fence_v",
            "rotates":false
        },
        {
            "id":"t_fence_h",
            "rotates":false
        },
        {
            "id":"t_chainfence_v",
            "rotates":false
        },
        {
            "id":"t_chainfence_h",
            "rotates":false
        },
        {
            "id":"t_chainfence_posts",
            "rotates":false
        },
        {
            "id":"t_fence_post",
            "rotates":false
        },
        {
            "id":"t_fence_wire",
            "rotates":false
        },
        {
            "id":"t_fence_barbed",
            "rotates":false
        },
        {
            "id":"t_fence_rope",
            "rotates":false
        },
        {
            "id":"t_railing_v",
            "rotates":false
        },
        {
            "id":"t_railing_h",
            "rotates":false
        },
        {
            "id":"t_marloss",
            "rotates":false
        },
        {
            "id":"t_fungus",
            "rotates":false
        },
        {
            "id":"t_tree_fungal",
            "rotates":false
        },
        {
            "id":"t_water_sh",
            "rotates":false
        },
        {
            "id":"t_water_dp",
            "rotates":false
        },
        {
            "id":"t_water_pool",
            "rotates":false
        },
        {
            "id":"t_sewage",
            "rotates":false
        },
        {
            "id":"t_lava",
            "rotates":false
        },
        {
            "id":"t_sandbox",
            "rotates":false
        },
        {
            "id":"t_slide",
            "rotates":false
        },
        {
            "id":"t_monkey_bars",
            "rotates":false
        },
        {
            "id":"t_backboard",
            "rotates":false
        },
        {
            "id":"t_gas_pump",
            "rotates":false
        },
        {
            "id":"t_gas_pump_smashed",
            "rotates":false
        },
        {
            "id":"t_generator_broken",
            "rotates":false
        },
        {
            "id":"t_missile",
            "rotates":false
        },
        {
            "id":"t_missile_exploded",
            "rotates":false
        },
        {
            "id":"t_radio_tower",
            "rotates":false
        },
        {
            "id":"t_radio_controls",
            "rotates":false
        },
        {
            "id":"t_console_broken",
            "rotates":false
        },
        {
            "id":"t_console",
            "rotates":false
        },
        {
            "id":"t_gates_mech_control",
            "rotates":false
        },
        {
            "id":"t_gates_control_concrete",
            "rotates":false
        },
        {
            "id":"t_barndoor",
            "rotates":false
        },
        {
            "id":"t_palisade_pulley",
            "rotates":false
        },
        {
            "id":"t_sewage_pipe",
            "rotates":false
        },
        {
            "id":"t_sewage_pump",
            "rotates":false
        },
        {
            "id":"t_centrifuge",
            "rotates":false
        },
        {
            "id":"t_column",
            "rotates":false
        },
        {
            "id":"t_vat",
            "rotates":false
        },
        {
            "id":"t_stairs_down",
            "bg":2,
            "fg":43,
            "rotates":false
        },
        {
            "id":"t_stairs_up",
            "bg":3,
            "fg":42,
            "rotates":false
        },
        {
            "id":"t_manhole",
            "rotates":false
        },
        {
            "id":"t_ladder_up",
            "rotates":false
        },
        {
            "id":"t_ladder_down",
            "rotates":false
        },
        {
            "id":"t_slope_down",
            "rotates":false
        },
        {
            "id":"t_slope_up",
            "rotates":false
        },
        {
            "id":"t_rope_up",
            "rotates":false
        },
        {
            "id":"t_manhole_cover",
            "rotates":false
        },
        {
            "id":"t_card_science",
            "rotates":false
        },
        {
            "id":"t_card_military",
            "rotates":false
        },
        {
            "id":"t_card_reader_broken",
            "rotates":false
        },
        {
            "id":"t_slot_machine",
            "rotates":false
        },
        {
            "id":"t_elevator_control",
            "rotates":false
        },
        {
            "id":"t_elevator_control_off",
            "rotates":false
        },
        {
            "id":"t_elevator",
            "rotates":false
        },
        {
            "id":"t_pedestal_wyrm",
            "rotates":false
        },
         {
            "id":"t_pedestal_temple",
            "rotates":false
        },
        {
            "id":"t_rock_red",
            "rotates":false
        },
        {
            "id":"t_rock_green",
            "rotates":false
        },
        {
            "id":"t_rock_blue",
            "rotates":false
        },
        {
            "id":"t_floor_red",
            "rotates":false
        },
        {
            "id":"t_floor_green",
            "rotates":false
        },
        {
            "id":"t_floor_blue",
            "rotates":false
        },
        {
            "id":"t_switch_rg",
            "rotates":false
        },
        {
            "id":"t_switch_gb",
            "rotates":false
        },
        {
            "id":"t_switch_rb",
            "rotates":false
        },
        {
            "id":"t_switch_even",
            "rotates":false
        },
        {
            "id":"tr_bubblewrap",
            "rotates":false
        },
        {
            "id":"tr_cot",
            "rotates":false
        },
        {
            "id":"tr_brazier",
            "rotates":false
        },
        {
            "id":"tr_funnel",
            "rotates":false
        },
        {
            "id":"tr_rollmat",
            "rotates":false
        },
        {
            "id":"tr_beartrap",
            "rotates":false
        },
        {
            "id":"tr_beartrap_buried",
            "rotates":false
        },
        {
            "id":"tr_snare",
            "rotates":false
        },
        {
            "id":"tr_nailboard",
            "rotates":false
        },
        {
            "id":"tr_tripwire",
            "rotates":false
        },
        {
            "id":"tr_crossbow",
            "rotates":false
        },
        {
            "id":"tr_shotgun_2",
            "rotates":false
        },
        {
            "id":"tr_shotgun_1",
            "rotates":false
        },
        {
            "id":"tr_engine",
            "rotates":false
        },
        {
            "id":"tr_blade",
            "rotates":false
        },
        {
            "id":"tr_light_snare",
            "rotates":false
        },
        {
            "id":"tr_heavy_snare",
            "rotates":false
        },
        {
            "id":"tr_landmine",
            "rotates":false
        },
        {
            "id":"tr_landmine_buried",
            "rotates":false
        },
        {
            "id":"tr_telepad",
            "rotates":false
        },
        {
            "id":"tr_goo",
            "rotates":false
        },
        {
            "id":"tr_dissector",
            "rotates":false
        },
        {
            "id":"tr_sinkhole",
            "rotates":false
        },
        {
            "id":"tr_pit",
            "rotates":false
        },
        {
            "id":"tr_spike_pit",
            "rotates":false
        },
        {
            "id":"tr_lava",
            "rotates":false
        },
        {
            "id":"tr_portal",
            "rotates":false
        },
        {
            "id":"tr_ledge",
            "rotates":false
        },
        {
            "id":"tr_boobytrap",
            "rotates":false
        },
        {
            "id":"tr_temple_flood",
            "rotates":false
        },
        {
            "id":"tr_temple_toggle",
            "rotates":false
        },
        {
            "id":"tr_glow",
            "rotates":false
        },
        {
            "id":"tr_hum",
            "rotates":false
        },
        {
            "id":"tr_shadow",
            "rotates":false
        },
        {
            "id":"tr_drain",
            "rotates":false
        },
        {
            "id":"tr_snake",
            "rotates":false
        },
        {
            "id":"fd_blood",
            "rotates":false
        },
        {
            "id":"fd_bile",
            "rotates":false
        },
        {
            "id":"fd_gibs_flesh",
            "rotates":false
        },
        {
            "id":"fd_gibs_veggy",
            "rotates":false
        },
        {
            "id":"fd_web",
            "rotates":false
        },
        {
            "id":"fd_slime",
            "rotates":false
        },
        {
            "id":"fd_acid",
            "rotates":false
        },
        {
            "id":"fd_sap",
            "rotates":false
        },
        {
            "id":"fd_sludge",
            "rotates":false
        },
        {
            "id":"fd_fire",
            "rotates":false
        },
        {
            "id":"fd_rubble",
            "rotates":false
        },
        {
            "id":"fd_smoke",
            "rotates":false
        },
        {
            "id":"fd_toxic_gas",
            "rotates":false
        },
        {
            "id":"fd_tear_gas",
            "rotates":false
        },
        {
            "id":"fd_nuke_gas",
            "rotates":false
        },
        {
            "id":"fd_gas_vent",
            "rotates":false
        },
        {
            "id":"fd_fire_vent",
            "rotates":false
        },
        {
            "id":"fd_flame_burst",
            "rotates":false
        },
        {
            "id":"fd_electricity",
            "rotates":false
        },
        {
            "id":"fd_fatigue",
            "rotates":false
        },
        {
            "id":"fd_push_items",
            "rotates":false
        },
        {
            "id":"fd_shock_vent",
            "rotates":false
        },
        {
            "id":"fd_acid_vent",
            "rotates":false
        },
        {
            "id":"mon_squirrel",
            "rotates":false
        },
        {
            "id":"mon_rabbit",
            "rotates":false
        },
        {
            "id":"mon_deer",
            "rotates":false
        },
        {
            "id":"mon_moose",
            "rotates":false
        },
        {
            "id":"mon_wolf",
            "rotates":false
        },
        {
            "id":"mon_coyote",
            "rotates":false
        },
        {
            "id":"mon_bear",
            "rotates":false
        },
        {
            "id":"mon_cougar",
            "rotates":false
        },
        {
            "id":"mon_crow",
            "rotates":false
        },
        {
            "id":"mon_dog",
            "rotates":false
        },
        {
            "id":"mon_cat",
            "rotates":false
        },
        {
            "id":"mon_ant_larva",
            "rotates":false
        },
        {
            "id":"mon_ant",
            "rotates":false
        },
        {
            "id":"mon_ant_soldier",
            "rotates":false
        },
        {
            "id":"mon_ant_queen",
            "rotates":false
        },
        {
            "id":"mon_ant_fungus",
            "rotates":false
        },
        {
            "id":"mon_fly",
            "rotates":false
        },
        {
            "id":"mon_bee",
            "rotates":false
        },
        {
            "id":"mon_wasp",
            "rotates":false
        },
        {
            "id":"mon_graboid",
            "rotates":false
        },
        {
            "id":"mon_worm",
            "rotates":false
        },
        {
            "id":"mon_halfworm",
            "rotates":false
        },
        {
            "id":"mon_sludge_crawler",
            "rotates":false
        },
        {
            "id":"mon_zombie",
            "fg": 61,
            "rotates":false
        },
        {
            "id":"mon_zombie_cop",
            "fg": 61,
            "rotates":false
        },
        {
            "id":"mon_zombie_shrieker",
            "fg": 61,
            "rotates":false
        },
        {
            "id":"mon_zombie_spitter",
            "fg": 61,
            "rotates":false
        },
        {
            "id":"mon_zombie_electric",
            "fg": 61,
            "rotates":false
        },
        {
            "id":"mon_zombie_smoker",
            "fg": 61,
            "rotates":false
        },
        {
            "id":"mon_zombie_dog",
            "fg": 61,
            "rotates":false
        },
        {
            "id":"mon_zombie_brute",
            "fg": 61,
            "rotates":false
        },
        {
            "id":"mon_zombie_hulk",
            "fg": 61,
            "rotates":false
        },
        {
            "id":"mon_zombie_fungus",
            "fg": 61,
            "rotates":false
        },
        {
            "id":"mon_boomer",
            "fg": 61,
            "rotates":false
        },
        {
            "id":"mon_boomer_fungus",
            "fg": 61,
            "rotates":false
        },
        {
            "id":"mon_skeleton",
            "rotates":false
        },
        {
            "id":"mon_zombie_necro",
            "fg": 61,
            "rotates":false
        },
        {
            "id":"mon_zombie_scientist",
            "fg": 61,
            "rotates":false
        },
        {
            "id":"mon_zombie_soldier",
            "fg": 61,
            "rotates":false
        },
        {
            "id":"mon_zombie_grabber",
            "fg": 61,
            "rotates":false
        },
        {
            "id":"mon_zombie_master",
            "fg": 61,
            "rotates":false
        },
        {
            "id":"mon_beekeeper",
            "fg": 61,
            "rotates":false
        },
        {
            "id":"mon_zombie_child",
            "rotates":false
        },
        {
            "id":"mon_jabberwock",
            "rotates":false
        },
        {
            "id":"mon_triffid",
            "rotates":false
        },
        {
            "id":"mon_triffid_young",
            "rotates":false
        },
        {
            "id":"mon_triffid_queen",
            "rotates":false
        },
        {
            "id":"mon_creeper_hub",
            "rotates":false
        },
        {
            "id":"mon_creeper_vine",
            "rotates":false
        },
        {
            "id":"mon_biollante",
            "rotates":false
        },
        {
            "id":"mon_vinebeast",
            "rotates":false
        },
        {
            "id":"mon_triffid_heart",
            "rotates":false
        },
        {
            "id":"mon_fungaloid",
            "rotates":false
        },
        {
            "id":"mon_fungaloid_dormant",
            "rotates":false
        },
        {
            "id":"mon_fungaloid_young",
            "rotates":false
        },
        {
            "id":"mon_spore",
            "rotates":false
        },
        {
            "id":"mon_fungaloid_queen",
            "rotates":false
        },
        {
            "id":"mon_fungal_wall",
            "rotates":false
        },
        {
            "id":"mon_blob",
            "rotates":false
        },
        {
            "id":"mon_blob_small",
            "rotates":false
        },
        {
            "id":"mon_chud",
            "rotates":false
        },
        {
            "id":"mon_one_eye",
            "rotates":false
        },
        {
            "id":"mon_crawler",
            "rotates":false
        },
        {
            "id":"mon_sewer_fish",
            "rotates":false
        },
        {
            "id":"mon_sewer_snake",
            "rotates":false
        },
        {
            "id":"mon_sewer_rat",
            "rotates":false
        },
        {
            "id":"mon_rat_king",
            "rotates":false
        },
        {
            "id":"mon_mosquito",
            "rotates":false
        },
        {
            "id":"mon_dragonfly",
            "rotates":false
        },
        {
            "id":"mon_centipede",
            "rotates":false
        },
        {
            "id":"mon_frog",
            "rotates":false
        },
        {
            "id":"mon_slug",
            "rotates":false
        },
        {
            "id":"mon_dermatik_larva",
            "rotates":false
        },
        {
            "id":"mon_dermatik",
            "rotates":false
        },
        {
            "id":"mon_spider_wolf",
            "rotates":false
        },
        {
            "id":"mon_spider_web",
            "rotates":false
        },
        {
            "id":"mon_spider_jumping",
            "rotates":false
        },
        {
            "id":"mon_spider_trapdoor",
            "rotates":false
        },
        {
            "id":"mon_spider_widow",
            "rotates":false
        },
        {
            "id":"mon_dark_wyrm",
            "rotates":false
        },
        {
            "id":"mon_amigara_horror",
            "rotates":false
        },
        {
            "id":"mon_dog_thing",
            "rotates":false
        },
        {
            "id":"mon_headless_dog_thing",
            "rotates":false
        },
        {
            "id":"mon_thing",
            "rotates":false
        },
        {
            "id":"mon_human_snail",
            "rotates":false
        },
        {
            "id":"mon_twisted_body",
            "rotates":false
        },
        {
            "id":"mon_vortex",
            "rotates":false
        },
        {
            "id":"mon_flying_polyp",
            "rotates":false
        },
        {
            "id":"mon_hunting_horror",
            "rotates":false
        },
        {
            "id":"mon_mi_go",
            "rotates":false
        },
        {
            "id":"mon_yugg",
            "rotates":false
        },
        {
            "id":"mon_gelatin",
            "rotates":false
        },
        {
            "id":"mon_flaming_eye",
            "rotates":false
        },
        {
            "id":"mon_kreck",
            "rotates":false
        },
        {
            "id":"mon_gracke",
            "rotates":false
        },
        {
            "id":"mon_blank",
            "rotates":false
        },
        {
            "id":"mon_gozu",
            "rotates":false
        },
        {
            "id":"mon_shadow",
            "rotates":false
        },
        {
            "id":"mon_breather_hub",
            "rotates":false
        },
        {
            "id":"mon_breather",
            "rotates":false
        },
        {
            "id":"mon_shadow_snake",
            "rotates":false
        },
        {
            "id":"mon_dementia",
            "rotates":false
        },
        {
            "id":"mon_homunculus",
            "rotates":false
        },
        {
            "id":"mon_blood_sacrifice",
            "rotates":false
        },
        {
            "id":"mon_flesh_angel",
            "rotates":false
        },
        {
            "id":"mon_eyebot",
            "rotates":false
        },
        {
            "id":"mon_manhack",
            "rotates":false
        },
        {
            "id":"mon_skitterbot",
            "rotates":false
        },
        {
            "id":"mon_secubot",
            "rotates":false
        },
        {
            "id":"mon_hazmatbot",
            "rotates":false
        },
        {
            "id":"mon_copbot",
            "rotates":false
        },
        {
            "id":"mon_molebot",
            "rotates":false
        },
        {
            "id":"mon_tripod",
            "rotates":false
        },
        {
            "id":"mon_chickenbot",
            "rotates":false
        },
        {
            "id":"mon_tankbot",
            "rotates":false
        },
        {
            "id":"mon_turret",
            "rotates":false
        },
        {
            "id":"mon_exploder",
            "rotates":false
        },
        {
            "id":"mon_hallu_zom",
            "rotates":false
        },
        {
            "id":"mon_hallu_bee",
            "rotates":false
        },
        {
            "id":"mon_hallu_ant",
            "rotates":false
        },
        {
            "id":"mon_hallu_mom",
            "rotates":false
        },
        {
            "id":"mon_generator",
            "rotates":false
        },
            {
            "id":"f_hay",
            "rotates":false
        },
        {
            "id":"f_bulletin",
            "rotates":false
        },
        {
            "id":"f_indoor_plant",
            "rotates":false
        },
        {
            "id":"f_bed",
            "rotates":false
        },
        {
            "id":"f_toilet",
            "rotates":false
        },
        {
            "id":"f_makeshift_bed",
            "rotates":false
        },
        {
            "id":"f_sink",
            "rotates":false
        },
        {
            "id":"f_oven",
            "rotates":false
        },
        {
            "id":"f_woodstove",
            "rotates":false
        },
        {
            "id":"f_fireplace",
            "rotates":false
        },
        {
            "id":"f_bathtub",
            "rotates":false
        },
        {
            "id":"f_chair",
            "rotates":false
        },
        {
            "id":"f_armchair",
            "rotates":false
        },
        {
            "id":"f_sofa",
            "rotates":false
        },
        {
            "id":"f_cupboard",
            "rotates":false
        },
        {
            "id":"f_trashcan",
            "rotates":false
        },
        {
            "id":"f_desk",
            "rotates":false
        },
        {
            "id":"f_exercise",
            "rotates":false
        },
        {
            "id":"f_bench",
            "fg":30,
            "multitile":true,
            "additional_tiles":
            [
                {
                    "id": "edge",
                    "fg": 30
                },
                {
                    "id": "end_piece",
                    "fg": 31
                }
            ],
            "rotates":true
        },
        {
            "id":"f_table",
            "rotates":false
        },
        {
            "id":"f_pool_table",
            "rotates":false
        },
        {
            "id":"f_counter",
            "fg":55,
            "multitile":true,
            "additional_tiles":
            [
                {
                    "id": "center",
                    "fg": 59
                },
                {
                    "id": "corner",
                    "fg": 55
                },
                {
                    "id": "edge",
                    "fg": 56
                },
                {
                    "id": "t_connection",
                    "fg": 57
                },
                {
                    "id": "end_piece",
                    "fg": 58
                },
                {
                    "id": "unconnected",
                    "fg": 60
                }
            ],
            "rotates":false
        },
        {
            "id":"f_fridge",
            "rotates":false
        },
        {
            "id":"f_glass_fridge",
            "rotates":false
        },
        {
            "id":"f_dresser",
            "rotates":false
        },
        {
            "id":"f_locker",
            "fg":29,
            "rotates":false
        },
        {
            "id":"f_rack",
            "rotates":false
        },
        {
            "id":"f_bookcase",
            "rotates":false
        },
        {
            "id":"f_washer",
            "rotates":false
        },
        {
            "id":"f_dryer",
            "rotates":false
        },
        {
            "id":"f_dumpster",
            "rotates":false
        },
        {
            "id":"f_crate_c",
            "rotates":false
        },
        {
            "id":"f_crate_o",
            "rotates":false
        },
        {
            "id":"f_canvas_wall",
            "rotates":false
        },
        {
            "id":"f_canvas_door",
            "rotates":false
        },
        {
            "id":"f_canvas_door_o",
            "rotates":false
        },
        {
            "id":"f_groundsheet",
            "rotates":false
        },
        {
            "id":"f_fema_groundsheet",
            "rotates":false
        },
        {
            "id":"f_skin_wall",
            "rotates":false
        },
        {
            "id":"f_skin_door",
            "rotates":false
        },
        {
            "id":"f_skin_door_o",
            "rotates":false
        },
        {
            "id":"f_skin_groundsheet",
            "rotates":false
        },
        {
            "id":"f_mutpoppy",
            "rotates":false
        },
        {
            "id":"vp_seat",
            "rotates":true
        },
        {
            "id":"vp_saddle",
            "rotates":true
        },
        {
            "id":"vp_bed",
            "rotates":true
        },
        {
            "id":"vp_frame_h",
            "rotates":true
        },
        {
            "id":"vp_frame_v",
            "rotates":true
        },
        {
            "id":"vp_frame_c",
            "rotates":true
        },
        {
            "id":"vp_frame_y",
            "rotates":true
        },
        {
            "id":"vp_frame_u",
            "rotates":true
        },
        {
            "id":"vp_frame_n",
            "rotates":true
        },
        {
            "id":"vp_frame_b",
            "rotates":true
        },
        {
            "id":"vp_frame_h2",
            "rotates":true
        },
        {
            "id":"vp_frame_v2",
            "rotates":true
        },
        {
            "id":"vp_frame_cover",
            "rotates":true
        },
        {
            "id":"vp_frame_handle",
            "rotates":true
        },
        {
            "id":"vp_board_h",
            "rotates":true
        },
        {
            "id":"vp_board_v",
            "rotates":true
        },
        {
            "id":"vp_board_y",
            "rotates":true
        },
        {
            "id":"vp_board_u",
            "rotates":true
        },
        {
            "id":"vp_board_n",
            "rotates":true
        },
        {
            "id":"vp_board_b",
            "rotates":true
        },
        {
            "id":"vp_aisle_h2",
            "rotates":true
        },
        {
            "id":"vp_aisle_v2",
            "rotates":true
        },
        {
            "id":"vp_floor_trunk",
            "rotates":true
        },
        {
            "id":"vp_roof",
            "rotates":true
        },
        {
            "id":"vp_door",
            "rotates":true
        },
        {
            "id":"vp_door_o",
            "rotates":true
        },
        {
            "id":"vp_door_i",
            "rotates":true
        },
        {
            "id":"vp_window",
            "rotates":true
        },
        {
            "id":"vp_blade_h",
            "rotates":true
        },
        {
            "id":"vp_blade_v",
            "rotates":true
        },
        {
            "id":"vp_spike_h",
            "rotates":true
        },
        {
            "id":"vp_spike_v",
            "rotates":true
        },
        {
            "id":"vp_wheel",
            "rotates":true
        },
        {
            "id":"vp_wheel_wide",
            "rotates":true
        },
        {
            "id":"vp_wheel_bicycle",
            "rotates":true
        },
        {
            "id":"vp_wheel_motorbike",
            "rotates":true
        },
        {
            "id":"vp_wheel_small",
            "rotates":true
        },
        {
            "id":"vp_engine_gas_1cyl",
            "rotates":true
        },
        {
            "id":"vp_engine_gas_v2",
            "rotates":true
        },
        {
            "id":"vp_engine_gas_i4",
            "rotates":true
        },
        {
            "id":"vp_engine_gas_v6",
            "rotates":true
        },
        {
            "id":"vp_engine_gas_v8",
            "rotates":true
        },
        {
            "id":"vp_engine_motor",
            "rotates":true
        },
        {
            "id":"vp_engine_motor_large",
            "rotates":true
        },
        {
            "id":"vp_engine_plasma",
            "rotates":true
        },
        {
            "id":"vp_engine_foot_crank",
            "rotates":true
        },
        {
            "id":"vp_fuel_tank_gas",
            "rotates":true
        },
        {
            "id":"vp_fuel_tank_batt",
            "rotates":true
        },
        {
            "id":"vp_fuel_tank_plut",
            "rotates":true
        },
        {
            "id":"vp_fuel_tank_hydrogen",
            "rotates":true
        },
        {
            "id":"vp_fuel_tank_water",
            "rotates":true
        },
        {
            "id":"vp_cargo_trunk",
            "rotates":true
        },
        {
            "id":"vp_cargo_box",
            "rotates":true
        },
        {
            "id":"vp_controls",
            "rotates":true
        },
        {
            "id":"vp_muffler",
            "rotates":true
        },
        {
            "id":"vp_seatbelt",
            "rotates":true
        },
        {
            "id":"vp_solar_panel",
            "rotates":true
        },
        {
            "id":"vp_kitchen_unit",
            "rotates":true
        },
        {
            "id":"vp_m249",
            "rotates":true
        },
        {
            "id":"vp_flamethrower",
            "rotates":true
        },
        {
            "id":"vp_plasmagun",
            "rotates":true
        },
        {
            "id":"vp_steel_plate",
            "rotates":true
        },
        {
            "id":"vp_superalloy_plate",
            "rotates":true
        },
        {
            "id":"vp_spiked_plate",
            "rotates":true
        },
        {
            "id":"vp_hard_plate",
            "rotates":true
        },
        {
            "id":"vp_head_light",
            "rotates":true
        }
    ]
}
