[
    {
        "type" : "material",
        "ident" : "null",
        "name" : "Unknown",
        "bash_resist" : 0,
        "cut_resist" : 0,
        "bash_dmg_verb" : "damaged",
        "cut_dmg_verb" : "damaged",
        "dmg_adj" : [
            "lightly damaged",
            "damaged",
            "very damaged",
            "thoroughly damaged"
        ],
        "acid_resist" : 0,
        "elec_resist" : 0,
        "fire_resist" : 1,
        "density" : 1
    },{
        "type" : "material",
        "ident" : "veggy",
        "name" : "Vegetable Matter",
        "bash_resist" : 1,
        "cut_resist" : 1,
        "bash_dmg_verb" : "squished",
        "cut_dmg_verb" : "cut",
        "dmg_adj" : [
            "lightly damaged",
            "damaged",
            "very damaged",
            "thoroughly damaged"
        ],
        "acid_resist" : 1,
        "elec_resist" : 1,
        "fire_resist" : 1,
        "density" : 4
    },{
        "type" : "material",
        "ident" : "fruit",
        "name" : "Fruit Matter",
        "bash_resist" : 1,
        "cut_resist" : 1,
        "bash_dmg_verb" : "bruised",
        "cut_dmg_verb" : "cut",
        "dmg_adj" : [
            "lightly damaged",
            "damaged",
            "very damaged",
            "thoroughly damaged"
        ],
        "acid_resist" : 1,
        "elec_resist" : 1,
        "fire_resist" : 1,
        "density" : 4
    },{
        "type" : "material",
        "ident" : "honey",
        "name" : "Honey",
        "bash_resist" : 0,
        "cut_resist" : 0,
        "bash_dmg_verb" : "damaged",
        "cut_dmg_verb" : "damaged",
        "dmg_adj" : [
            "lightly damaged",
            "damaged",
            "very damaged",
            "thoroughly damaged"
        ],
        "acid_resist" : 0,
        "elec_resist" : 1,
        "fire_resist" : 1,
        "density" : 1
    },{
        "type" : "material",
        "ident" : "wheat",
        "name" : "Wheat",
        "bash_resist" : 1,
        "cut_resist" : 1,
        "bash_dmg_verb" : "squished",
        "cut_dmg_verb" : "cut",
        "dmg_adj" : [
            "lightly damaged",
            "damaged",
            "very damaged",
            "thoroughly damaged"
        ],
        "acid_resist" : 1,
        "elec_resist" : 1,
        "fire_resist" : 0,
        "density" : 4
    },{
        "type" : "material",
        "ident" : "junk",
        "name" : "Junk Food",
        "bash_resist" : 1,
        "cut_resist" : 1,
        "bash_dmg_verb" : "smashed",
        "cut_dmg_verb" : "cut",
        "dmg_adj" : [
            "lightly damaged",
            "damaged",
            "very damaged",
            "thoroughly damaged"
        ],
        "acid_resist" : 1,
        "elec_resist" : 1,
        "fire_resist" : 1,
        "density" : 4
    },{
        "type" : "material",
        "ident" : "flesh",
        "name" : "Flesh",
        "bash_resist" : 1,
        "cut_resist" : 1,
        "bash_dmg_verb" : "bruised",
        "cut_dmg_verb" : "sliced",
        "dmg_adj" : [
            "bruised",
            "mutilated",
            "badly mutilated",
            "thoroughly mutilated"
        ],
        "acid_resist" : 1,
        "elec_resist" : 1,
        "fire_resist" : 1,
        "density" : 5
    },{
        "type" : "material",
        "ident" : "powder",
        "name" : "Powder",
        "bash_resist" : 1,
        "cut_resist" : 1,
        "bash_dmg_verb" : "damaged",
        "cut_dmg_verb" : "damaged",
        "dmg_adj" : [
            "lightly damaged",
            "damaged",
            "very damaged",
            "thoroughly damaged"
        ],
        "acid_resist" : 0,
        "elec_resist" : 2,
        "fire_resist" : 0,
        "density" : 1
    },{
        "type" : "material",
        "ident" : "water",
        "name" : "Water",
        "bash_resist" : 0,
        "cut_resist" : 0,
        "bash_dmg_verb" : "damaged",
        "cut_dmg_verb" : "damaged",
        "dmg_adj" : [
            "lightly damaged",
            "damaged",
            "very damaged",
            "thoroughly damaged"
        ],
        "acid_resist" : 0,
        "elec_resist" : 0,
        "fire_resist" : 1,
        "density" : 1
    },{
        "type" : "material",
        "ident" : "milk",
        "name" : "Dairy",
        "bash_resist" : 0,
        "cut_resist" : 0,
        "bash_dmg_verb" : "damaged",
        "cut_dmg_verb" : "damaged",
        "dmg_adj" : [
            "lightly damaged",
            "damaged",
            "very damaged",
            "thoroughly damaged"
        ],
        "acid_resist" : 0,
        "elec_resist" : 0,
        "fire_resist" : 1,
        "density" : 1
    },{
        "type" : "material",
        "ident" : "iflesh",
        "name" : "Insect Flesh",
        "bash_resist" : 1,
        "cut_resist" : 1,
        "bash_dmg_verb" : "bruised",
        "cut_dmg_verb" : "sliced",
        "dmg_adj" : [
            "bruised",
            "mutilated",
            "badly mutilated",
            "thoroughly mutilated"
        ],
        "acid_resist" : 1,
        "elec_resist" : 1,
        "fire_resist" : 1,
        "density" : 5
        },{
        "type" : "material",
        "ident" : "hflesh",
        "name" : "Human Flesh",
        "bash_resist" : 1,
        "cut_resist" : 1,
        "bash_dmg_verb" : "bruised",
        "cut_dmg_verb" : "sliced",
        "dmg_adj" : [
            "bruised",
            "mutilated",
            "badly mutilated",
            "thoroughly mutilated"
        ],
        "acid_resist" : 1,
        "elec_resist" : 1,
        "fire_resist" : 1,
        "density" : 5
    },{
        "type" : "material",
        "ident" : "cotton",
        "name" : "Cotton",
        "salvage_id": "rag",
        "bash_resist" : 1,
        "cut_resist" : 1,
        "bash_dmg_verb" : "ripped",
        "cut_dmg_verb" : "cut",
        "dmg_adj" : [
            "ripped",
            "torn",
            "shredded",
            "tattered"
        ],
        "acid_resist" : 1,
        "elec_resist" : 2,
        "fire_resist" : 0,
        "density" : 3
    },{
        "type" : "material",
        "ident" : "wool",
        "name" : "Wool",
        "salvage_id": "felt_patch",
        "bash_resist" : 1,
        "cut_resist" : 1,
        "bash_dmg_verb" : "torn",
        "cut_dmg_verb" : "cut",
        "dmg_adj" : [
            "ripped",
            "torn",
            "shredded",
            "tattered"
        ],
        "acid_resist" : 1,
        "elec_resist" : 2,
        "fire_resist" : 0,
        "density" : 9
    },{
        "type" : "material",
        "ident" : "leather",
        "name" : "Leather",
        "salvage_id": "leather",
        "bash_resist" : 2,
        "cut_resist" : 2,
        "bash_dmg_verb" : "ripped",
        "cut_dmg_verb" : "sliced",
        "dmg_adj" : [
            "scratched",
            "cut",
            "shredded",
            "tattered"
        ],
        "acid_resist" : 1,
        "elec_resist" : 2,
        "fire_resist" : 2,
        "density" : 6
    },{
        "type" : "material",
        "ident" : "kevlar",
        "name" : "Kevlar",
        "salvage_id": "kevlar_plate",
        "bash_resist" : 2,
        "cut_resist" : 4,
        "bash_dmg_verb" : "ripped",
        "cut_dmg_verb" : "cut",
        "dmg_adj" : [
            "marked",
            "dented",
            "scarred",
            "broken"
        ],
        "acid_resist" : 2,
        "elec_resist" : 2,
        "fire_resist" : 3,
        "density" : 10
    },{
        "type" : "material",
        "ident" : "ceramic",
        "name" : "Ceramic",
        "bash_resist" : 2,
        "cut_resist" : 6,
        "bash_dmg_verb" : "cracked",
        "cut_dmg_verb" : "cut",
        "dmg_adj" : [
            "chipped",
            "cracked",
            "split",
            "broken"
        ],
        "acid_resist" : 6,
        "elec_resist" : 10,
        "fire_resist" : 10,
        "density" : 8
    },{
        "type" : "material",
        "ident" : "fur",
        "name" : "Fur",
        "salvage_id": "fur",
        "bash_resist" : 2,
        "cut_resist" : 2,
        "bash_dmg_verb" : "ripped",
        "cut_dmg_verb" : "sliced",
        "dmg_adj" : [
            "ripped",
            "torn",
            "shredded",
            "tattered"
        ],
        "acid_resist" : 1,
        "elec_resist" : 2,
        "fire_resist" : 1,
        "density" : 9
    },{
        "type" : "material",
        "ident" : "chitin",
        "name" : "Chitin",
        "bash_resist" : 3,
        "cut_resist" : 4,
        "bash_dmg_verb" : "cracked",
        "cut_dmg_verb" : "chipped",
        "dmg_adj" : [
            "scratched",
            "cut",
            "cracked",
            "shattered"
        ],
        "acid_resist" : 1,
        "elec_resist" : 2,
        "fire_resist" : 2,
        "density" : 10
    },{
        "type" : "material",
        "ident" : "bone",
        "name" : "Bone",
        "bash_resist" : 2,
        "cut_resist" : 3,
        "bash_dmg_verb" : "cracked",
        "cut_dmg_verb" : "chipped",
        "dmg_adj" : [
            "scratched",
            "cut",
            "cracked",
            "shattered"
        ],
        "acid_resist" : 1,
        "elec_resist" : 2,
        "fire_resist" : 1,
        "density" : 7
    },{
        "type" : "material",
        "ident" : "stone",
        "name" : "Stone",
        "bash_resist" : 6,
        "cut_resist" : 6,
        "bash_dmg_verb" : "cracked",
        "cut_dmg_verb" : "chipped",
        "dmg_adj" : [
            "scratched",
            "cut",
            "cracked",
            "shattered"
        ],
        "acid_resist" : 3,
        "elec_resist" : 2,
        "fire_resist" : 3,
        "density" : 17
    },{
        "type" : "material",
        "ident" : "paper",
        "name" : "Paper",
        "bash_resist" : 1,
        "cut_resist" : 1,
        "bash_dmg_verb" : "ripped",
        "cut_dmg_verb" : "cut",
        "dmg_adj" : [
            "ripped",
            "torn",
            "shredded",
            "tattered"
        ],
        "acid_resist" : 1,
        "elec_resist" : 2,
        "fire_resist" : 0,
        "density" : 4
    },{
        "type" : "material",
        "ident" : "wood",
        "name" : "Wood",
        "salvage_id": "skewer",
        "salvage_multiplier": 1,
        "bash_resist" : 3,
        "cut_resist" : 2,
        "bash_dmg_verb" : "splintered",
        "cut_dmg_verb" : "gouged",
        "dmg_adj" : [
            "scratched",
            "chipped",
            "cracked",
            "splintered"
        ],
        "acid_resist" : 2,
        "elec_resist" : 2,
        "fire_resist" : 1,
        "density" : 4
    },{
        "type" : "material",
        "ident" : "plastic",
        "name" : "Plastic",
        "salvage_id": "plastic_chunk",
        "bash_resist" : 2,
        "cut_resist" : 2,
        "bash_dmg_verb" : "dented",
        "cut_dmg_verb" : "gouged",
        "dmg_adj" : [
            "scratched",
            "cut",
            "cracked",
            "shattered"
        ],
        "acid_resist" : 2,
        "elec_resist" : 2,
        "fire_resist" : 1,
        "density" : 8
    },{
        "type" : "material",
        "ident" : "glass",
        "name" : "Glass",
        "bash_resist" : 3,
        "cut_resist" : 4,
        "bash_dmg_verb" : "cracked",
        "cut_dmg_verb" : "scratched",
        "dmg_adj" : [
            "scratched",
            "cut",
            "cracked",
            "shattered"
        ],
        "acid_resist" : 3,
        "elec_resist" : 2,
        "fire_resist" : 3,
        "density" : 14
    },{
        "type" : "material",
        "ident" : "iron",
        "name" : "Iron",
        "bash_resist" : 4,
        "cut_resist" : 4,
        "bash_dmg_verb" : "dented",
        "cut_dmg_verb" : "scratched",
        "dmg_adj" : [
            "marked",
            "dented",
            "smashed",
            "shattered"
        ],
        "acid_resist" : 0,
        "elec_resist" : 0,
        "fire_resist" : 3,
        "density" : 52
    },{
        "type" : "material",
        "ident" : "steel",
        "name" : "Steel",
        "bash_resist" : 6,
        "cut_resist" : 6,
        "bash_dmg_verb" : "dented",
        "cut_dmg_verb" : "scratched",
        "dmg_adj" : [
            "marked",
            "dented",
            "smashed",
            "shattered"
        ],
        "acid_resist" : 0,
        "elec_resist" : 0,
        "fire_resist" : 3,
        "density" : 30
    },{
        "type" : "material",
        "ident" : "superalloy",
        "name" : "Superalloy",
        "bash_resist" : 6,
        "cut_resist" : 6,
        "bash_dmg_verb" : "dented",
        "cut_dmg_verb" : "scratched",
        "dmg_adj" : [
            "marked",
            "dented",
            "smashed",
            "shattered"
        ],
        "acid_resist" : 0,
        "elec_resist" : 0,
        "fire_resist" : 3,
        "density" : 26
    },{
        "type" : "material",
        "ident" : "diamond",
        "name" : "Diamond",
        "bash_resist" : 14,
        "cut_resist" : 20,
        "bash_dmg_verb" : "chipped",
        "cut_dmg_verb" : "scratched",
        "dmg_adj" : [
            "marked",
            "chipped",
            "cracked",
            "shattered"
        ],
        "acid_resist" : 3,
        "elec_resist" : 3,
        "fire_resist" : 3,
        "density" : 14
    },{
        "type" : "material",
        "ident" : "hardsteel",
        "name" : "Hard Steel",
        "bash_resist" : 10,
        "cut_resist" : 16,
        "bash_dmg_verb" : "dented",
        "cut_dmg_verb" : "scratched",
        "dmg_adj" : [
            "marked",
            "dented",
            "smashed",
            "shattered"
        ],
        "acid_resist" : 1,
        "elec_resist" : 0,
        "fire_resist" : 3,
        "density" : 40
    },{
        "type" : "material",
        "ident" : "silver",
        "name" : "Silver",
        "bash_resist" : 2,
        "cut_resist" : 3,
        "bash_dmg_verb" : "dented",
        "cut_dmg_verb" : "scratched",
        "dmg_adj" : [
            "marked",
            "dented",
            "smashed",
            "shattered"
        ],
        "acid_resist" : 2,
        "elec_resist" : 0,
        "fire_resist" : 3,
        "density" : 70
    },{
        "type" : "material",
        "ident" : "nomex",
        "name" : "Nomex",
        "salvage_id": "nomex",
        "bash_resist" : 1,
        "cut_resist" : 1,
        "bash_dmg_verb" : "ripped",
        "cut_dmg_verb" : "cut",
        "dmg_adj" : [
            "ripped",
            "torn",
            "shredded",
            "tattered"
        ],
        "acid_resist" : 2,
        "elec_resist" : 4,
        "fire_resist" : 20,
        "density" : 4
    },{
        "type" : "material",
        "ident" : "gold",
        "name" : "Gold",
        "bash_resist" : 1,
        "cut_resist" : 1,
        "bash_dmg_verb" : "dented",
        "cut_dmg_verb" : "scratched",
        "dmg_adj" : [
            "marked",
            "dented",
            "smashed",
            "shattered"
        ],
        "acid_resist" : 3,
        "elec_resist" : 0,
        "fire_resist" : 3,
        "density" : 130
    },{
        "type" : "material",
        "ident" : "aluminum",
        "name" : "Aluminum",
        "bash_resist" : 0,
        "cut_resist" : 4,
        "bash_dmg_verb" : "dented",
        "cut_dmg_verb" : "scratched",
        "dmg_adj" : [
            "dented",
            "bent",
            "smashed",
            "shattered"
        ],
        "acid_resist" : 0,
        "elec_resist" : 0,
        "fire_resist" : 2,
        "density" : 10
    },{
        "type" : "material",
        "ident" : "lead",
        "name" : "Lead",
        "bash_resist" : 0,
        "cut_resist" : 0,
        "bash_dmg_verb" : "dented",
        "cut_dmg_verb" : "scratched",
        "dmg_adj" : [
            "marked",
            "dented",
            "smashed",
            "shattered"
        ],
        "acid_resist" : 0,
        "elec_resist" : 1,
        "fire_resist" : 3,
        "density" : 100
    },{
        "type" : "material",
        "ident" : "egg",
        "name" : "Egg",
        "bash_resist" : 0,
        "cut_resist" : 0,
        "bash_dmg_verb" : "damaged",
        "cut_dmg_verb" : "damaged",
        "dmg_adj" : [
            "scratched",
            "damaged",
            "smashed",
            "crushed"
        ],
        "acid_resist" : 0,
        "elec_resist" : 0,
        "fire_resist" : 1,
        "density" : 3
    },{
        "type" : "material",
        "ident" : "freshclay",
        "name" : "Fresh Clay",
        "bash_resist" : 1,
        "cut_resist" : 1,
        "bash_dmg_verb" : "squished",
        "cut_dmg_verb" : "cut",
        "dmg_adj" : [
            "lightly damaged",
            "damaged",
            "very damaged",
            "thoroughly damaged"
        ],
        "acid_resist" : 2,
        "elec_resist" : 2,
        "fire_resist" : 3,
        "density" : 4
    },{
        "type" : "material",
        "ident" : "clay",
        "name" : "Clay",
        "bash_resist" : 2,
        "cut_resist" : 3,
        "bash_dmg_verb" : "cracked",
        "cut_dmg_verb" : "cut",
        "dmg_adj" : [
            "chipped",
            "scratched",
            "cracked",
            "shattered"
        ],
        "acid_resist" : 2,
        "elec_resist" : 2,
        "fire_resist" : 3,
        "density" : 8
    },{
        "type" : "material",
        "ident" : "alcohol",
        "name" : "Alcohol",
        "bash_resist" : 0,
        "cut_resist" : 0,
        "bash_dmg_verb" : "damaged",
        "cut_dmg_verb" : "damaged",
        "dmg_adj" : [
            "lightly damaged",
            "damaged",
            "very damaged",
            "thoroughly damaged"
        ],
        "acid_resist" : 0,
        "elec_resist" : 0,
        "fire_resist" : 0,
        "density" : 1
    },{
        "type" : "material",
        "ident" : "oil",
        "name" : "Oil",
        "bash_resist" : 0,
        "cut_resist" : 0,
        "bash_dmg_verb" : "damaged",
        "cut_dmg_verb" : "damaged",
        "dmg_adj" : [
            "lightly damaged",
            "damaged",
            "very damaged",
            "thoroughly damaged"
        ],
        "acid_resist" : 0,
        "elec_resist" : 0,
        "fire_resist" : 0,
        "density" : 1
    },{
        "type" : "material",
        "ident" : "hydrocarbons",
        "name" : "Hydrocarbons",
        "bash_resist" : 0,
        "cut_resist" : 0,
        "bash_dmg_verb" : "damaged",
        "cut_dmg_verb" : "damaged",
        "dmg_adj" : [
            "lightly damaged",
            "damaged",
            "very damaged",
            "thoroughly damaged"
        ],
        "acid_resist" : 0,
        "elec_resist" : 0,
        "fire_resist" : 0,
        "density" : 1
    }
]
