[
    {
        "type" : "MONSTER_FACTION",
        "name" : "",
        "by_mood" : [""],
        "neutral" : ["vermin"]
    },{
        "type" : "MONSTER_FACTION",
        "name" : "player"
    },{
        "type" : "MONSTER_FACTION",
        "name" : "vermin",
        "neutral" : [""]
    },{
        "type" : "MONSTER_FACTION",
        "name" : "zombie",
        "by_mood" : ["vermin"],
        "friendly" : ["blob", "cult"]
    },{
        "type" : "MONSTER_FACTION",
        "name" : "blob",
        "friendly" : ["zombie", "nether", "cult"]
    },{
        "type" : "MONSTER_FACTION",
        "name" : "nether",
        "friendly" : ["blob", "cult"]
    },{
        "type" : "MONSTER_FACTION",
        "name" : "cult",
        "base_faction" : "zombie",
        "neutral" : ["nether"]
    },{
        "type" : "MONSTER_FACTION",
        "name" : "cop_zombie",
        "base_faction" : "zombie"
    },{
        "type" : "MONSTER_FACTION",
        "name" : "jabberwock",
        "by_mood" : ["jabberwock"]
    },{
        "type" : "MONSTER_FACTION",
        "name" : "bot",
        "neutral" : ["cop_bot", "defense_bot", "utility_bot", "small_animal"]
    },{
        "type" : "MONSTER_FACTION",
        "name" : "military",
        "base_faction" : "bot",
        "neutral" : ["bot", "small_animal"]
    },{
        "type" : "MONSTER_FACTION",
        "name" : "cop_bot",
        "base_faction" : "bot",
        "neutral" : ["military", "defense_bot", "utility_bot", "small_animal"]
    },{
        "type" : "MONSTER_FACTION",
        "name" : "animal",
        "neutral" : ["small_animal"]
    },{
        "type" : "MONSTER_FACTION",
        "name" : "small_animal",
        "base_faction" : "animal"
    },{
        "type" : "MONSTER_FACTION",
        "name" : "herbivore",
        "base_faction" : "animal",
        "neutral" : ["small_animal"]
    },{
        "type" : "MONSTER_FACTION",
        "name" : "fish",
        "base_faction" : "animal"
    }
]
