[
  {
    "type" : "recipe",
    "result": "cell_phone",
    "id_suffix": "uncraft",
    "category": "CC_NONCRAFT",
    "subcategory": "CSC_NONCRAFT",
    "difficulty": 0,
    "time": 500,
    "reversible": true,
    "autolearn": false,
    "qualities" : [ {"id":"SCREW","level":1,"amount":1} ],
    "components": [
      [ [ "scrap", 1 ] ],
      [ [ "RAM", 1 ] ],
      [ [ "processor", 1 ] ],
      [ [ "battery", 100 ] ]
    ]
  },{
    "type" : "recipe",
    "result": "down_blanket",
    "id_suffix": "uncraft",
    "category": "CC_NONCRAFT",
    "subcategory": "CSC_NONCRAFT",
    "difficulty": 0,
    "time": 2000,
    "reversible": true,
    "autolearn": false,
    "qualities" : [ {"id":"CUT","level":1,"amount":1} ],
    "components": [
      [ [ "rag", 35 ] ],
      [ [ "down_feather", 160 ] ]
    ]
  },{
    "type" : "recipe",
    "result": "down_pillow",
    "id_suffix": "uncraft",
    "category": "CC_NONCRAFT",
    "subcategory": "CSC_NONCRAFT",
    "difficulty": 0,
    "time": 1000,
    "reversible": true,
    "autolearn": false,
    "qualities" : [ {"id":"CUT","level":1,"amount":1} ],
    "components": [
      [ [ "rag", 6 ] ],
      [ [ "down_feather", 40 ] ]
    ]
  },{
    "type" : "recipe",
    "result": "pillow",
    "id_suffix": "uncraft",
    "category": "CC_NONCRAFT",
    "subcategory": "CSC_NONCRAFT",
    "difficulty": 0,
    "time": 1000,
    "reversible": true,
    "autolearn": false,
    "qualities" : [ {"id":"CUT","level":1,"amount":1} ],
    "components": [
      [ [ "rag", 6 ] ],
      [ [ "cotton_ball", 4 ] ]
    ]
  },{
    "type" : "recipe",
    "result": "talking_doll",
    "id_suffix": "uncraft",
    "category": "CC_NONCRAFT",
    "subcategory": "CSC_NONCRAFT",
    "difficulty": 0,
    "time": 500,
    "reversible": true,
    "autolearn": false,
    "qualities" : [ {"id":"SCREW","level":1,"amount":1} ],
    "components": [
      [ [ "scrap", 1 ] ],
      [ [ "plastic_chunk", 2 ] ],
      [ [ "rag", 2 ] ],
      [ [ "RAM", 1 ] ],
      [ [ "e_scrap", 2 ] ]
    ]
  },{
    "type" : "recipe",
    "result": "creepy_doll",
    "id_suffix": "uncraft",
    "category": "CC_NONCRAFT",
    "subcategory": "CSC_NONCRAFT",
    "difficulty": 0,
    "time": 500,
    "reversible": true,
    "autolearn": false,
    "qualities" : [ {"id":"SCREW","level":1,"amount":1} ],
    "components": [
      [ [ "scrap", 1 ] ],
      [ [ "plastic_chunk", 2 ] ],
      [ [ "rag", 2 ] ],
      [ [ "RAM", 1 ] ],
      [ [ "e_scrap", 2 ] ]
    ]
  }, {
    "type" : "recipe",
    "result": "bowl_pewter",
    "id_suffix": "uncraft",
    "category": "CC_NONCRAFT",
    "subcategory": "CSC_NONCRAFT",
    "difficulty": 0,
    "time": 500,
    "reversible": true,
    "autolearn": false,
    "qualities":[
      {"id":"HAMMER","level":1,"amount":1}
    ],
    "components": [ [ [ "tin", 100 ] ] ]
  },{
    "type" : "recipe",
    "result": "silver",
    "id_suffix": "uncraft",
    "category": "CC_NONCRAFT",
    "subcategory": "CSC_NONCRAFT",
    "difficulty": 0,
    "time": 500,
    "reversible": true,
    "autolearn": false,
    "qualities":[ {"id":"HAMMER","level":1,"amount":1} ],
    "components": [ [ [ "silver_small", 800 ] ] ]
  },{
    "type" : "recipe",
    "result": "small_relic",
    "id_suffix": "uncraft",
    "category": "CC_NONCRAFT",
    "subcategory": "CSC_NONCRAFT",
    "difficulty": 0,
    "time": 500,
    "reversible": true,
    "autolearn": false,
    "qualities":[ {"id":"HAMMER","level":1,"amount":1} ],
    "components": [ [ [ "silver_small", 100 ] ] ]
  },{
    "type" : "recipe",
    "result": "badge_deputy",
    "id_suffix": "uncraft",
    "category": "CC_NONCRAFT",
    "subcategory": "CSC_NONCRAFT",
    "difficulty": 0,
    "time": 500,
    "reversible": true,
    "autolearn": false,
    "qualities":[ {"id":"HAMMER","level":1,"amount":1} ],
    "components": [ [ [ "silver_small", 100 ] ] ]
},{
  "type" : "recipe",
  "result": "necklace",
  "id_suffix": "uncraft",
  "category": "CC_NONCRAFT",
  "subcategory": "CSC_NONCRAFT",
  "difficulty": 0,
  "time": 500,
  "reversible": true,
  "autolearn": false,
  "qualities":[
    {"id":"HAMMER","level":1,"amount":1}
  ], "components": [
    [
      [ "silver_small", 100 ]
    ]
  ]
},{
  "type" : "recipe",
  "result": "locket",
  "id_suffix": "uncraft",
  "category": "CC_NONCRAFT",
  "subcategory": "CSC_NONCRAFT",
  "difficulty": 0,
  "time": 500,
  "reversible": true,
  "autolearn": false,
  "qualities":[
    {"id":"HAMMER","level":1,"amount":1}
  ], "components": [
    [
      [ "silver_small", 110 ]
    ]
  ]
},{
  "type" : "recipe",
  "result": "gold_bracelet",
  "id_suffix": "uncraft",
  "category": "CC_NONCRAFT",
  "subcategory": "CSC_NONCRAFT",
  "difficulty": 0,
  "time": 600,
  "reversible": true,
  "autolearn": false,
  "qualities":[
    {"id":"HAMMER","level":1,"amount":1}
  ], "components": [
    [
      [ "gold_small", 260 ]
    ]
  ]
},{
  "type" : "recipe",
  "result": "silver_bracelet",
  "id_suffix": "uncraft",
  "category": "CC_NONCRAFT",
  "subcategory": "CSC_NONCRAFT",
  "difficulty": 0,
  "time": 600,
  "reversible": true,
  "autolearn": false,
  "qualities":[
    {"id":"HAMMER","level":1,"amount":1}
  ], "components": [
    [
      [ "silver_small", 260 ]
    ]
  ]
},{
  "type" : "recipe",
  "result": "copper_bracelet",
  "id_suffix": "uncraft",
  "category": "CC_NONCRAFT",
  "subcategory": "CSC_NONCRAFT",
  "difficulty": 0,
  "time": 600,
  "reversible": true,
  "autolearn": false,
  "qualities":[
    {"id":"HAMMER","level":1,"amount":1}
  ], "components": [
    [
      [ "scrap", 1 ]
    ]
  ]
},{
  "type" : "recipe",
  "result": "ring",
  "id_suffix": "uncraft",
  "category": "CC_NONCRAFT",
  "subcategory": "CSC_NONCRAFT",
  "difficulty": 0,
  "time": 500,
  "reversible": true,
  "autolearn": false,
  "qualities":[
    {"id":"HAMMER","level":1,"amount":1}
  ], "components": [
    [
      [ "gold_small", 50 ]
    ]
  ]
},{
  "type" : "recipe",
  "result": "diamond_ring",
  "id_suffix": "uncraft",
  "category": "CC_NONCRAFT",
  "subcategory": "CSC_NONCRAFT",
  "difficulty": 0,
  "time": 500,
  "reversible": true,
  "autolearn": false,
  "qualities":[
    {"id":"HAMMER","level":1,"amount":1}
  ], "components": [
    [
      [ "gold_small", 50 ]
    ],
    [
      [ "diamond", 1 ]
    ]
  ]
  },{
    "type" : "recipe",
    "result": "diamond_dental_grill",
    "id_suffix": "uncraft",
    "category": "CC_NONCRAFT",
    "subcategory": "CSC_NONCRAFT",
    "difficulty": 0,
    "time": 500,
    "reversible": true,
    "autolearn": false,
    "qualities":[ {"id":"HAMMER","level":1,"amount":1} ],
    "components": [
      [ [ "gold_small", 100 ] ],
      [ [ "diamond", 1 ] ]
    ]
  },{
    "type" : "recipe",
    "result": "gold_dental_grill",
    "id_suffix": "uncraft",
    "category": "CC_NONCRAFT",
    "subcategory": "CSC_NONCRAFT",
    "difficulty": 0,
    "time": 500,
    "reversible": true,
    "autolearn": false,
    "qualities":[ {"id":"HAMMER","level":1,"amount":1} ],
    "components": [ [ [ "gold_small", 100 ] ] ]
  },{
  "type" : "recipe",
  "result": "gold_ear",
  "id_suffix": "uncraft",
  "category": "CC_NONCRAFT",
  "subcategory": "CSC_NONCRAFT",
  "difficulty": 0,
  "time": 500,
  "reversible": true,
  "autolearn": false,
  "qualities":[
    {"id":"HAMMER","level":1,"amount":1}
  ], "components": [
    [
      [ "gold_small", 50 ]
    ]
  ]
},{
  "type" : "recipe",
  "result": "silver_ear",
  "id_suffix": "uncraft",
  "category": "CC_NONCRAFT",
  "subcategory": "CSC_NONCRAFT",
  "difficulty": 0,
  "time": 500,
  "reversible": true,
  "autolearn": false,
  "qualities":[
    {"id":"HAMMER","level":1,"amount":1}
  ], "components": [
    [
      [ "silver_small", 60 ]
    ]
  ]
},{
  "type" : "recipe",
  "result": "copper_ear",
  "id_suffix": "uncraft",
  "category": "CC_NONCRAFT",
  "subcategory": "CSC_NONCRAFT",
  "difficulty": 0,
  "time": 500,
  "reversible": true,
  "autolearn": false,
  "qualities":[
    {"id":"HAMMER","level":1,"amount":1}
  ], "components": [
    [
      [ "scrap", 1 ]
    ]
  ]
  },{
    "type" : "recipe",
    "result": "tieclip",
    "id_suffix": "uncraft",
    "category": "CC_NONCRAFT",
    "subcategory": "CSC_NONCRAFT",
    "difficulty": 0,
    "time": 500,
    "reversible": true,
    "autolearn": false,
    "qualities":[ {"id":"HAMMER","level":1,"amount":1} ],
    "components": [ [ [ "silver_small", 100 ] ] ]
  },{
  "type" : "recipe",
  "result": "usb_drive",
  "id_suffix": "uncraft",
  "category": "CC_NONCRAFT",
  "subcategory": "CSC_NONCRAFT",
  "difficulty": 0,
  "time": 500,
  "reversible": true,
  "autolearn": false,
  "qualities" : [
    {"id":"SCREW","level":1,"amount":1}
  ], "components": [
    [
      [ "RAM", 1 ]
    ]
  ]
},{
  "type" : "recipe",
  "result": "pda",
  "id_suffix": "uncraft",
  "category": "CC_NONCRAFT",
  "subcategory": "CSC_NONCRAFT",
  "difficulty": 0,
  "time": 1200,
  "reversible": true,
  "autolearn": false,
  "qualities" : [
    {"id":"SCREW","level":1,"amount":1}
  ], "components": [
    [
      [ "small_lcd_screen", 1 ]
    ],
    [
      [ "plastic_chunk", 2 ]
    ],
    [
      [ "processor", 1 ]
    ],
    [
      [ "RAM", 1 ]
    ]
  ]
},{
  "type" : "recipe",
  "result": "binoculars",
  "id_suffix": "uncraft",
  "category": "CC_NONCRAFT",
  "subcategory": "CSC_NONCRAFT",
  "difficulty": 0,
  "time": 1200,
  "reversible": true,
  "autolearn": false,
  "qualities" : [
    {"id":"SCREW","level":1,"amount":1}
  ], "components": [
    [
      [ "lens", 2 ]
    ],
    [
      [ "plastic_chunk", 2 ]
    ],
    [
      [ "scrap", 1 ]
    ]
  ]
},{
  "type" : "recipe",
  "result": "wristwatch",
  "id_suffix": "uncraft",
  "category": "CC_NONCRAFT",
  "subcategory": "CSC_NONCRAFT",
  "difficulty": 0,
  "time": 500,
  "reversible": true,
  "autolearn": false,
  "qualities" : [
    {"id":"SCREW","level":1,"amount":1}
  ], "components": [
    [
      [ "plastic_chunk", 1 ]
    ],
    [
      [ "processor", 1 ]
    ],
    [
      [ "battery", 20 ]
    ]
  ]
},{
  "type" : "recipe",
  "result": "laptop",
  "category": "CC_NONCRAFT",
  "subcategory": "CSC_NONCRAFT",
  "skill_used": "electronics",
  "difficulty": 0,
  "time": 60000,
  "reversible": true,
  "autolearn": false,
  "qualities" : [
    {"id":"SCREW","level":1,"amount":1}
  ], "components": [
    [
      ["processor", 1]
    ],
    [
      ["RAM", 4]
    ],
    [
      ["cable", 6]
    ],
    [
      ["amplifier", 1]
    ],
    [
      ["plastic_chunk", 6]
    ],
    [
      ["small_lcd_screen", 1]
    ],
    [
      ["battery", 200]
    ]
  ]
},{
  "type" : "recipe",
  "result": "fan",
  "id_suffix": "uncraft",
  "category": "CC_NONCRAFT",
  "subcategory": "CSC_NONCRAFT",
  "difficulty": 0,
  "time": 500,
  "reversible": true,
  "autolearn": false,
  "qualities" : [
    {"id":"SCREW","level":1,"amount":1}
  ], "components": [
    [
      [ "scrap", 1 ]
    ],
    [
      [ "plastic_chunk", 3 ]
    ],
    [
      [ "motor_small", 1 ]
    ],
    [
      [ "cable", 2 ]
    ]
  ]
},{
  "type" : "recipe",
  "result": "pocketwatch",
  "id_suffix": "uncraft",
  "category": "CC_NONCRAFT",
  "subcategory": "CSC_NONCRAFT",
  "difficulty": 0,
  "time": 600,
  "reversible": true,
  "autolearn": false,
  "qualities" : [
    {"id":"SCREW","level":1,"amount":1}
  ], "components": [
    [
      [ "scrap", 2 ]
    ],
    [
      [ "clockworks", 1 ]
    ]
  ]
  },{
    "type" : "recipe",
    "result": "gold_watch",
    "id_suffix": "uncraft",
    "category": "CC_NONCRAFT",
    "subcategory": "CSC_NONCRAFT",
    "difficulty": 0,
    "time": 600,
    "reversible": true,
    "autolearn": false,
    "qualities" : [
      {"id":"HAMMER","level":1,"amount":1},
      {"id":"SCREW","level":1,"amount":1}
    ],
    "components": [
      [ [ "scrap", 2 ] ],
      [ [ "gold_small", 150 ] ],
      [ [ "clockworks", 1 ] ]
    ]
  },{
    "type" : "recipe",
    "result": "sf_watch",
    "id_suffix": "uncraft",
    "category": "CC_NONCRAFT",
    "subcategory": "CSC_NONCRAFT",
    "difficulty": 0,
    "time": 600,
    "reversible": true,
    "autolearn": false,
    "qualities" : [
      {"id":"HAMMER","level":1,"amount":1},
      {"id":"SCREW","level":1,"amount":1}
    ],
    "components": [
      [ [ "gold_small", 100 ] ],
      [ [ "silver_small", 100 ] ],
      [ [ "clockworks", 1 ] ]
    ]
  },{
  "type" : "recipe",
  "result": "alarmclock",
  "id_suffix": "uncraft",
  "category": "CC_NONCRAFT",
  "subcategory": "CSC_NONCRAFT",
  "difficulty": 0,
  "time": 600,
  "reversible": true,
  "autolearn": false,
  "qualities" : [
    {"id":"SCREW","level":1,"amount":1}
  ], "components": [
    [
      [ "scrap", 4 ]
    ],
    [
      [ "clockworks", 2 ]
    ]
  ]
},{
  "type" : "recipe",
  "result": "television",
  "category": "CC_NONCRAFT",
  "subcategory": "CSC_NONCRAFT",
  "skill_used": "electronics",
  "difficulty": 0,
  "time": 60000,
  "reversible": true,
  "autolearn": false,
  "qualities" : [
    {"id":"SCREW","level":1,"amount":1}
  ], "components": [
    [
      ["processor", 1]
    ],
    [
      ["RAM", 2]
    ],
    [
      ["cable", 8]
    ],
    [
      ["amplifier", 4]
    ],
    [
      [ "power_supply", 2 ]
    ],
    [
      ["plastic_chunk", 8]
    ]
  ]
},{
  "type" : "recipe",
  "result": "microwave",
  "category": "CC_NONCRAFT",
  "subcategory": "CSC_NONCRAFT",
  "skill_used": "electronics",
  "difficulty": 0,
  "time": 80000,
  "reversible": true,
  "autolearn": false,
  "qualities" : [
    {"id":"SCREW","level":1,"amount":1}
  ], "components": [
    [
      ["processor", 1]
    ],
    [
      ["cable", 4]
    ],
    [
      ["amplifier", 1]
    ],
    [
      [ "power_supply", 4 ]
    ],
    [
      ["plastic_chunk", 8]
    ]
  ]
},{
  "type" : "recipe",
  "result": "toaster",
  "category": "CC_NONCRAFT",
  "subcategory": "CSC_NONCRAFT",
  "skill_used": "electronics",
  "difficulty": 0,
  "time": 10000,
  "reversible": true,
  "autolearn": false,
  "qualities" : [
    {"id":"SCREW","level":1,"amount":1}
  ], "components": [
    [
      ["cable", 2]
    ],
    [
      [ "power_supply", 1 ]
    ],
    [
      ["scrap", 2]
    ],
    [
      ["element", 4]
    ]
  ]
},{
  "type" : "recipe",
  "result": "clock",
  "id_suffix": "uncraft",
  "category": "CC_NONCRAFT",
  "subcategory": "CSC_NONCRAFT",
  "difficulty": 0,
  "time": 1000,
  "reversible": true,
  "autolearn": false,
  "qualities" : [
    {"id":"SCREW","level":1,"amount":1}
  ], "components": [
    [
      [ "scrap", 3 ]
    ],
    [
      [ "clockworks", 2 ]
    ]
  ]
},{
  "type" : "recipe",
  "result": "knife_steak",
  "id_suffix": "uncraft",
  "category": "CC_NONCRAFT",
  "subcategory": "CSC_NONCRAFT",
  "difficulty": 0,
  "time": 2000,
  "reversible": true,
  "autolearn": false,
  "components": [
    [
      [ "spike", 1 ]
    ]
  ]
},{
  "type" : "recipe",
  "result": "lawnmower",
  "id_suffix": "uncraft",
  "category": "CC_NONCRAFT",
  "subcategory": "CSC_NONCRAFT",
  "difficulty": 0,
  "time": 1000,
  "reversible": true,
  "autolearn": false,
  "qualities" : [
    {"id":"WRENCH","level":1,"amount":1}
  ], "components": [
    [
      [ "scrap", 8 ]
    ],
    [
      [ "spring", 2 ]
    ],
    [
      [ "blade",  2 ]
    ],
    [
      [ "1cyl_combustion", 1 ]
    ],
    [
      [ "pipe", 3 ]
    ]
  ]
},{
  "type" : "recipe",
  "result": "lighter",
  "id_suffix": "uncraft",
  "category": "CC_NONCRAFT",
  "subcategory": "CSC_NONCRAFT",
  "difficulty": 0,
  "time": 100,
  "reversible": true,
  "autolearn": false,
  "components": [
    [
      [ "pilot_light", 1 ]
    ]
  ]
},{
  "type" : "recipe",
  "result": "ref_lighter",
  "id_suffix": "uncraft",
  "category": "CC_NONCRAFT",
  "subcategory": "CSC_NONCRAFT",
  "difficulty": 0,
  "time": 100,
  "reversible": true,
  "autolearn": false,
  "components": [
    [
      [ "pilot_light", 1 ]
    ],
    [
      [ "scrap", 1 ]
    ]
  ]
},{
  "type" : "recipe",
  "result": "tshirt",
  "id_suffix": "uncraft",
  "category": "CC_NONCRAFT",
  "subcategory": "CSC_NONCRAFT",
  "skill_used": "tailor",
  "difficulty": 0,
  "time": 500,
  "reversible": true,
  "autolearn": false,
  "components": [
    [
      [ "rag", 5 ]
    ]
  ]
},{
  "type" : "recipe",
  "result": "tank_top",
  "id_suffix": "uncraft",
  "category": "CC_NONCRAFT",
  "subcategory": "CSC_NONCRAFT",
  "skill_used": "tailor",
  "difficulty": 0,
  "time": 500,
  "reversible": true,
  "autolearn": false,
  "components": [
    [
      [ "rag", 4 ]
    ]
  ]
},{
  "type" : "recipe",
  "result": "lightstrip_dead",
  "id_suffix": "uncraft",
  "category": "CC_NONCRAFT",
  "subcategory": "CSC_NONCRAFT",
  "skill_used": "electronics",
  "difficulty": 0,
  "time": 1000,
  "reversible": true,
  "autolearn": false,
  "qualities":[
    {"id":"CUT","level":1,"amount":1}
  ],  "components": [
    [
      [ "amplifier", 1 ]
    ],
    [
      [ "e_scrap", 1 ]
    ]
  ]
},{
  "type" : "recipe",
  "result": "bio_recycler",
  "id_suffix": "uncraft",
  "category": "CC_NONCRAFT",
  "subcategory": "CSC_NONCRAFT",
  "skill_used": "electronics",
  "skills_required": [ "firstaid", 5 ],
  "difficulty": 7,
  "time": 50000,
  "reversible": true,
  "autolearn": false,
  "qualities" : [
    {"id":"SCREW","level":1,"amount":1}
  ], "tools": [
    [
      [ "soldering_iron", 20 ],
      [ "toolset", 20 ]
    ]
  ],
  "components": [
    [
      [ "burnt_out_bionic", 1 ]
    ]
  ]
},{
  "type" : "recipe",
  "result": "bio_digestion",
  "id_suffix": "uncraft",
  "category": "CC_NONCRAFT",
  "subcategory": "CSC_NONCRAFT",
  "skill_used": "electronics",
  "skills_required": [ "firstaid", 5 ],
  "difficulty": 7,
  "time": 50000,
  "reversible": true,
  "autolearn": false,
  "qualities" : [
    {"id":"SCREW","level":1,"amount":1}
  ], "tools": [
    [
      [ "soldering_iron", 20 ],
      [ "toolset", 20 ]
    ]
  ],
  "components": [
    [
      [ "burnt_out_bionic", 1 ]
    ]
  ]
},{
  "type" : "recipe",
  "result": "bio_face_mask",
  "id_suffix": "uncraft",
  "category": "CC_NONCRAFT",
  "subcategory": "CSC_NONCRAFT",
  "skill_used": "electronics",
  "skills_required": [ "firstaid", 5 ],
  "difficulty": 7,
  "time": 50000,
  "reversible": true,
  "autolearn": false,
  "qualities" : [
    {"id":"SCREW","level":1,"amount":1}
  ], "tools": [
    [
      [ "soldering_iron", 20 ],
      [ "toolset", 20 ]
    ]
  ],
  "components": [
    [
      [ "burnt_out_bionic", 1 ]
    ]
  ]
},{
  "type" : "recipe",
  "result": "bio_nanobots",
  "id_suffix": "uncraft",
  "category": "CC_NONCRAFT",
  "subcategory": "CSC_NONCRAFT",
  "skill_used": "electronics",
  "skills_required": [ "firstaid", 5 ],
  "difficulty": 7,
  "time": 50000,
  "reversible": true,
  "autolearn": false,
  "qualities" : [
    {"id":"SCREW","level":1,"amount":1}
  ], "tools": [
    [
      [ "soldering_iron", 20 ],
      [ "toolset", 20 ]
    ]
  ],
  "components": [
    [
      [ "burnt_out_bionic", 1 ]
    ]
  ]
},{
  "type" : "recipe",
  "result": "bio_ground_sonar",
  "id_suffix": "uncraft",
  "category": "CC_NONCRAFT",
  "subcategory": "CSC_NONCRAFT",
  "skill_used": "electronics",
  "skills_required": [ "firstaid", 5 ],
  "difficulty": 7,
  "time": 50000,
  "reversible": true,
  "autolearn": false,
  "qualities" : [
    {"id":"SCREW","level":1,"amount":1}
  ], "tools": [
    [
      [ "soldering_iron", 20 ],
      [ "toolset", 20 ]
    ]
  ],
  "components": [
    [
      [ "burnt_out_bionic", 1 ]
    ]
  ]
},{
  "type" : "recipe",
  "result": "bio_metabolics",
  "id_suffix": "uncraft",
  "category": "CC_NONCRAFT",
  "subcategory": "CSC_NONCRAFT",
  "skill_used": "electronics",
  "skills_required": [ "firstaid", 5 ],
  "difficulty": 7,
  "time": 50000,
  "reversible": true,
  "autolearn": false,
  "qualities" : [
    {"id":"SCREW","level":1,"amount":1}
  ], "tools": [
    [
      [ "soldering_iron", 20 ],
      [ "toolset", 20 ]
    ]
  ],
  "components": [
    [
      [ "burnt_out_bionic", 1 ]
    ]
  ]
},{
  "type" : "recipe",
  "result": "bio_blood_filter",
  "id_suffix": "uncraft",
  "category": "CC_NONCRAFT",
  "subcategory": "CSC_NONCRAFT",
  "skill_used": "electronics",
  "skills_required": [ "firstaid", 5 ],
  "difficulty": 7,
  "time": 50000,
  "reversible": true,
  "autolearn": false,
  "qualities" : [
    {"id":"SCREW","level":1,"amount":1}
  ], "tools": [
    [
      [ "soldering_iron", 20 ],
      [ "toolset", 20 ]
    ]
  ],
  "components": [
    [
      [ "burnt_out_bionic", 1 ]
    ]
  ]
},{
  "type" : "recipe",
  "result": "bindle",
  "id_suffix": "uncraft",
  "category": "CC_NONCRAFT",
  "subcategory": "CSC_NONCRAFT",
  "difficulty": 0,
  "time": 100,
  "reversible": true,
  "autolearn": false,
  "components": [
    [
      [ "rag", 4 ]
    ],
    [
      [ "stick", 1 ]
    ]
  ]
},{
  "type" : "recipe",
  "result": "makeshift_sling",
  "id_suffix": "uncraft",
  "category": "CC_NONCRAFT",
  "subcategory": "CSC_NONCRAFT",
  "difficulty": 0,
  "time": 100,
  "reversible": true,
  "autolearn": false,
  "components": [
    [
      [ "sheet", 1 ]
    ]
  ]
},{
  "type" : "recipe",
  "result": "battletorch_done",
  "id_suffix": "uncraft",
  "category": "CC_NONCRAFT",
  "subcategory": "CSC_NONCRAFT",
  "difficulty": 0,
  "time": 2000,
  "reversible": true,
  "autolearn": false,
  "components": [
    [
      [ "bat", 1 ]
    ],
    [
      [ "nomex", 5 ]
    ]
  ]
},{
  "type" : "recipe",
  "result": "pipe",
  "id_suffix": "uncraft",
  "category": "CC_NONCRAFT",
  "subcategory": "CSC_NONCRAFT",
  "skill_used": "mechanics",
  "difficulty": 0,
  "time": 5000,
  "reversible": true,
  "autolearn": false,
  "qualities":[ {"id":"SAW_M","level":1,"amount":1} ],
  "components": [ [ [ "scrap", 7 ] ] ]
},{
  "type" : "recipe",
  "result": "makeshift_crowbar",
  "id_suffix": "uncraft",
  "category": "CC_NONCRAFT",
  "skill_used": "mechanics",
  "difficulty": 0,
  "time": 5000,
  "reversible": true,
  "autolearn": false,
  "qualities": [ {"id":"SAW_M","level":1,"amount":1} ],
  "components": [
        [ [ "scrap", 3 ] ],
        [ [ "steel_chunk", 1] ]
    ]
},{
  "type" : "recipe",
  "result": "file",
  "id_suffix": "uncraft",
  "category": "CC_NONCRAFT",
  "difficulty": 0,
  "time": 100,
  "reversible": true,
  "autolearn": false,
  "components": [ [ [ "paper", 3 ] ] ]
},{
  "type" : "recipe",
  "result": "flyer",
  "id_suffix": "uncraft",
  "category": "CC_NONCRAFT",
  "difficulty": 0,
  "time": 100,
  "reversible": true,
  "autolearn": false,
  "components": [ [ [ "paper", 1 ] ] ]
},{
  "type" : "recipe",
  "result": "survnote",
  "id_suffix": "uncraft",
  "category": "CC_NONCRAFT",
  "difficulty": 0,
  "time": 100,
  "reversible": true,
  "autolearn": false,
  "components": [ [ [ "paper", 1 ] ] ]
},{
  "type" : "recipe",
  "result": "broken_manhack",
  "category": "CC_NONCRAFT",
  "subcategory": "CSC_NONCRAFT",
  "skill_used": "electronics",
  "difficulty": 4,
  "time": 2000,
  "reversible": true,
  "autolearn": false,
  "qualities" : [
    {"id":"SCREW","level":1,"amount":1}
  ], "tools": [
    [
      [ "soldering_iron", 5 ],
      [ "toolset", 5 ]
    ]
  ],
  "components": [
    [
      [ "spike", 2 ]
    ],
    [
      [ "processor", 1 ]
    ],
    [
      [ "RAM", 1 ]
    ],
    [
      [ "scrap", 1 ]
    ]
  ]
},{
    "type" : "recipe",
    "result": "broken_eyebot",
    "category": "CC_NONCRAFT",
    "subcategory": "CSC_NONCRAFT",
    "skill_used": "electronics",
    "difficulty": 2,
    "time": 30000,
    "reversible": true,
    "autolearn": false,
    "qualities" : [
        {"id":"SCREW","level":1,"amount":1}
    ], "tools": [
        [ [ "soldering_iron", 3 ], [ "toolset", 3 ] ]
    ], "components": [
        [ [ "processor", 1 ] ],
        [ [ "lens", 1 ] ],
        [ [ "e_scrap", 1 ] ],
        [ [ "scrap", 1 ] ]
    ]
},{
    "type" : "recipe",
    "result": "broken_skitterbot",
    "category": "CC_NONCRAFT",
    "subcategory": "CSC_NONCRAFT",
    "skill_used": "electronics",
    "difficulty": 3,
    "time": 60000,
    "reversible": true,
    "autolearn": false,
    "qualities" : [
        {"id":"SCREW","level":1,"amount":1}
    ], "tools": [
        [ [ "soldering_iron", 10 ], [ "toolset", 10 ] ]
    ], "components": [
        [ [ "power_supply", 1 ] ],
        [ [ "tazer", 2 ] ],
        [ [ "e_scrap", 2 ] ],
        [ [ "scrap", 4 ] ]
    ]
},{
    "type" : "recipe",
    "result": "broken_copbot",
    "category": "CC_NONCRAFT",
    "subcategory": "CSC_NONCRAFT",
    "skill_used": "electronics",
    "difficulty": 6,
    "time": 120000,
    "reversible": true,
    "autolearn": false,
    "qualities" : [
        {"id":"SCREW","level":1,"amount":1},
        {"id":"SAW_M","level":1,"amount":1}
    ], "tools": [
        [ [ "soldering_iron", 20 ], [ "toolset", 20 ] ],
        [ [ "oxy_torch", 10 ], [ "welder", 50 ], [ "toolset", 75 ], [ "welder_crude", 75 ] ]
    ], "components": [
        [ [ "power_supply", 4 ] ],
        [ [ "solar_cell", 2 ] ],
        [ [ "motor", 1 ] ],
        [ [ "tazer", 1 ] ],
        [ [ "e_scrap", 3 ] ],
        [ [ "steel_chunk", 12 ] ]
    ]
},{
    "type" : "recipe",
    "result": "broken_riotbot",
    "category": "CC_NONCRAFT",
    "subcategory": "CSC_NONCRAFT",
    "skill_used": "electronics",
    "difficulty": 6,
    "time": 120000,
    "reversible": true,
    "autolearn": false,
    "qualities" : [
        {"id":"SCREW","level":1,"amount":1},
        {"id":"SAW_M","level":1,"amount":1}
    ], "tools": [
        [ [ "soldering_iron", 20 ], [ "toolset", 20 ] ],
        [ [ "oxy_torch", 10 ], [ "welder", 50 ], [ "toolset", 75 ], [ "welder_crude", 75 ] ]
    ], "components": [
        [ [ "power_supply", 4 ] ],
        [ [ "solar_cell", 2 ] ],
        [ [ "motor", 1 ] ],
        [ [ "canister_empty", 1 ] ],
        [ [ "e_scrap", 3 ] ],
        [ [ "steel_chunk", 12 ] ]
    ]
},{
    "type" : "recipe",
    "result": "broken_molebot",
    "category": "CC_NONCRAFT",
    "subcategory": "CSC_NONCRAFT",
    "skill_used": "electronics",
    "difficulty": 3,
    "time": 180000,
    "reversible": true,
    "autolearn": false,
    "qualities" : [
        {"id":"SAW_M","level":1,"amount":1}
    ], "tools": [
        [ [ "oxy_torch", 12 ], [ "welder", 60 ], [ "toolset", 90 ], [ "welder_crude", 90 ] ]
    ], "components": [
        [ [ "power_supply", 4 ] ],
        [ [ "motor", 1 ] ],
        [ [ "steel_chunk", 20 ] ]
    ]
},{
    "type" : "recipe",
    "result": "broken_tripod",
    "category": "CC_NONCRAFT",
    "subcategory": "CSC_NONCRAFT",
    "skill_used": "electronics",
    "difficulty": 8,
    "time": 300000,
    "reversible": true,
    "autolearn": false,
    "qualities" : [
        {"id":"SCREW","level":1,"amount":1},
        {"id":"SAW_M","level":1,"amount":1}
    ], "tools": [
        [ [ "soldering_iron", 10 ], [ "toolset", 10 ] ],
        [ [ "oxy_torch", 20 ],  [ "welder", 100 ], [ "toolset", 150 ], [ "welder_crude", 150 ] ]
    ], "components": [
        [ [ "power_supply", 12 ] ],
        [ [ "processor", 1 ] ],
        [ [ "RAM", 1 ] ],
        [ [ "flamethrower", 1 ] ],
        [ [ "wire", 4 ] ],
        [ [ "motor", 2 ] ],
        [ [ "steel_chunk", 60 ] ]
    ]
},{
    "type" : "recipe",
    "result": "broken_tankbot",
    "category": "CC_NONCRAFT",
    "subcategory": "CSC_NONCRAFT",
    "skill_used": "electronics",
    "difficulty": 8,
    "time": 600000,
    "reversible": true,
    "autolearn": false,
    "qualities" : [
        {"id":"SCREW","level":1,"amount":1},
        {"id":"WRENCH","level":1,"amount":1},
        {"id":"SAW_M","level":1,"amount":1}
    ], "tools": [
        [ [ "soldering_iron", 30 ], [ "toolset", 30 ] ],
        [ [ "oxy_torch", 40 ], [ "welder", 200 ], [ "toolset", 300 ], [ "welder_crude", 300 ] ]
    ], "components": [
        [ [ "flamethrower", 1 ] ],
        [ [ "tazer", 1 ] ],
        [ [ "m4a1", 1 ] ],
        [ [ "motor_large", 1 ] ],
        [ [ "power_supply", 20 ] ],
        [ [ "plut_cell", 4 ] ],
        [ [ "RAM", 2 ] ],
        [ [ "steel_chunk", 15 ] ],
        [ [ "mil_plate", 2 ] ],
        [ [ "robot_controls", 1 ] ]
    ]
},{
  "type" : "recipe",
  "result": "gold",
  "id_suffix": "uncraft",
  "category": "CC_NONCRAFT",
  "subcategory": "CSC_NONCRAFT",
  "difficulty": 0,
  "time": 2000,
  "reversible": true,
  "autolearn": false,
  "qualities":[
    {"id":"HAMMER","level":1,"amount":1},
    {"id":"SCREW","level":1,"amount":1}
  ], "components": [
    [
      ["gold_small", 800]
    ]
  ]
},{
  "type" : "recipe",
    "result": "candlestick",
    "id_suffix": "uncraft",
    "category": "CC_NONCRAFT",
  "subcategory": "CSC_NONCRAFT",
    "difficulty": 0,
    "time": 2000,
    "reversible": true,
    "autolearn": false,
    "qualities":[
    {"id":"HAMMER","level":1,"amount":1},
    {"id":"SCREW","level":1,"amount":1}
  ], "components": [
      [
        ["gold_small", 100]
      ]
    ]
},{
  "type" : "recipe",
  "result": "char_purifier",
  "id_suffix": "uncraft",
  "category": "CC_NONCRAFT",
  "subcategory": "CSC_NONCRAFT",
  "difficulty": 0,
  "time": 10000,
  "reversible": true,
  "autolearn": false,
  "components": [
    [
      [ "jug_plastic", 1 ]
    ],
    [
      [ "rag", 4 ]
    ]
  ]
},{
  "type" : "recipe",
  "result": "baseball",
  "id_suffix": "uncraft",
  "category": "CC_NONCRAFT",
  "subcategory": "CSC_NONCRAFT",
  "difficulty": 0,
  "time": 1000,
  "reversible": true,
  "autolearn": false,
  "qualities" : [
    {"id":"CUT","level":1,"amount":1}
  ],
  "components": [
    [
      [ "leather", 2 ]
    ],
    [
      [ "string_6", 2 ]
    ]
  ]
},{
  "type" : "recipe",
  "result": "football",
  "id_suffix": "uncraft",
  "category": "CC_NONCRAFT",
  "subcategory": "CSC_NONCRAFT",
  "difficulty": 0,
  "time": 1000,
  "reversible": true,
  "autolearn": false,
  "qualities" : [
    {"id":"CUT","level":1,"amount":1}
  ],
  "components": [
    [
      [ "leather", 4 ]
    ],
    [
      [ "string_6", 3 ]
    ]
  ]
  },{
  "type" : "recipe",
  "result": "power_armor_helmet_basic",
  "category": "CC_NONCRAFT",
  "subcategory": "CSC_NONCRAFT",
  "skill_used": "fabrication",
  "skills_required": ["electronics",  4],
  "difficulty": 8,
  "time": 80000,
  "reversible": true,
  "autolearn": true,
  "qualities":[
    {"id":"SAW_M","level":1,"amount":1},
    {"id":"SCREW","level":1,"amount":1},
    {"id":"WRENCH","level":1,"amount":1}
  ], "tools": [
    [
      [ "boltcutters", -1 ],
      [ "toolset", -1 ]
    ]
  ],
  "components": [
    [
        ["depowered_helmet", 1]
    ],
    [
      [ "power_supply", 1 ]
    ],
    [
      [ "element", 1 ]
    ],
    [
      [ "small_lcd_screen", 2 ]
    ],
    [
      [ "circuit", 2 ]
    ],
    [
      [ "RAM", 1 ]
    ]
  ]
},{
  "type" : "recipe",
  "result": "power_armor_basic",
  "category": "CC_NONCRAFT",
  "subcategory": "CSC_NONCRAFT",
  "skill_used": "fabrication",
  "skills_required": ["electronics",  5],
  "difficulty": 7,
  "time": 80000,
  "reversible": true,
  "autolearn": true,
  "qualities":[
    {"id":"SAW_M","level":1,"amount":1},
    {"id":"SCREW","level":1,"amount":1},
    {"id":"WRENCH","level":1,"amount":1}
  ], "tools": [
    [
      [ "boltcutters", -1 ],
      [ "toolset", -1 ]
    ]
  ],
  "components": [
    [
      ["depowered_armor", 1]
    ],
    [
      [ "power_supply", 6 ]
    ],
    [
      [ "element", 2 ]
    ],
    [
      [ "cable", 12 ]
    ],
    [
      [ "circuit", 6 ]
    ],
    [
      [ "transponder", 1 ]
    ]
  ]
},{
  "type" : "recipe",
  "result": "rag",
  "id_suffix": "uncraft",
  "category": "CC_NONCRAFT",
  "subcategory": "CSC_NONCRAFT",
  "difficulty": 0,
  "time": 60000,
  "reversible": true,
  "autolearn": false,
  "qualities":[
    {"id":"CUT","level":1,"amount":1}
  ],
  "components": [
    [
      [ "thread", 100 ]
    ]
  ]
},{
  "type" : "recipe",
  "result": "felt_patch",
  "id_suffix": "uncraft",
  "category": "CC_NONCRAFT",
  "subcategory": "CSC_NONCRAFT",
  "difficulty": 0,
  "time": 6000,
  "reversible": true,
  "autolearn": false,
  "qualities":[
    {"id":"CUT","level":1,"amount":1}
  ],
  "components": [
    [
      [ "yarn", 50 ]
    ]
  ]
},{
  "type" : "recipe",
  "result": "mre_beef_box",
  "id_suffix": "uncraft",
  "category": "CC_NONCRAFT",
  "subcategory": "CSC_NONCRAFT",
  "difficulty": 0,
  "time": 500,
  "reversible": true,
  "autolearn": false,
  "components": [
    [
      [ "mre_beef", 1 ]
    ],
    [
      [ "heatpack", 1 ]
    ],
    [
      [ "crackers", 2 ]
    ],
    [
      [ "paper", 8 ]
    ],
    [
      [ "spork", 1 ]
    ],
    [
      [ "candy3", 3 ]
    ],
    [
      [ "coffee_raw", 1 ]
    ],
    [
      [ "matches", 1 ]
    ],
    [
      [ "protein_powder", 1 ]
    ],
    [
      [ "gum", 4 ]
    ]
  ]
},{
  "type" : "recipe",
  "result": "mre_veggy_box",
  "id_suffix": "uncraft",
  "category": "CC_NONCRAFT",
  "subcategory": "CSC_NONCRAFT",
  "difficulty": 0,
  "time": 500,
  "reversible": true,
  "autolearn": false,
  "components": [
    [
      [ "mre_veggy", 1 ]
    ],
    [
      [ "heatpack", 1 ]
    ],
    [
      [ "crackers", 2 ]
    ],
    [
      [ "paper", 8 ]
    ],
    [
      [ "spork", 1 ]
    ],
    [
      [ "candy3", 3 ]
    ],
    [
      [ "coffee_raw", 1 ]
    ],
    [
      [ "matches", 1 ]
    ],
    [
      [ "protein_powder", 1 ]
    ],
    [
      [ "gum", 4 ]
    ]
  ]
},{
  "type" : "recipe",
  "result": "mre_chicken_box",
  "id_suffix": "uncraft",
  "category": "CC_NONCRAFT",
  "subcategory": "CSC_NONCRAFT",
  "difficulty": 0,
  "time": 500,
  "reversible": true,
  "autolearn": false,
  "components": [
    [
      [ "mre_chicken", 1 ]
    ],
    [
      [ "heatpack", 1 ]
    ],
    [
      [ "crackers", 2 ]
    ],
    [
      [ "paper", 8 ]
    ],
    [
      [ "spork", 1 ]
    ],
    [
      [ "candy3", 3 ]
    ],
    [
      [ "coffee_raw", 1 ]
    ],
    [
      [ "matches", 1 ]
    ],
    [
      [ "protein_powder", 1 ]
    ],
    [
      [ "gum", 4 ]
    ]
  ]
},{
  "type" : "recipe",
  "result": "mre_hotdog_box",
  "id_suffix": "uncraft",
  "category": "CC_NONCRAFT",
  "subcategory": "CSC_NONCRAFT",
  "difficulty": 0,
  "time": 500,
  "reversible": true,
  "autolearn": false,
  "components": [
    [
      [ "mre_hotdogs", 1 ]
    ],
    [
      [ "heatpack", 1 ]
    ],
    [
      [ "crackers", 2 ]
    ],
    [
      [ "paper", 8 ]
    ],
    [
      [ "spork", 1 ]
    ],
    [
      [ "candy3", 3 ]
    ],
    [
      [ "coffee_raw", 1 ]
    ],
    [
      [ "matches", 1 ]
    ],
    [
      [ "protein_powder", 1 ]
    ],
    [
      [ "gum", 4 ]
    ]
  ]
},{
  "type" : "recipe",
  "result": "mre_ravioli_box",
  "id_suffix": "uncraft",
  "category": "CC_NONCRAFT",
  "subcategory": "CSC_NONCRAFT",
  "difficulty": 0,
  "time": 500,
  "reversible": true,
  "autolearn": false,
  "components": [
    [
      [ "mre_ravioli", 1 ]
    ],
    [
      [ "heatpack", 1 ]
    ],
    [
      [ "crackers", 2 ]
    ],
    [
      [ "paper", 8 ]
    ],
    [
      [ "spork", 1 ]
    ],
    [
      [ "candy3", 3 ]
    ],
    [
      [ "coffee_raw", 1 ]
    ],
    [
      [ "matches", 1 ]
    ],
    [
      [ "protein_powder", 1 ]
    ],
    [
      [ "gum", 4 ]
    ]
  ]
},{
  "type" : "recipe",
  "result": "kiln_done",
  "category": "CC_NONCRAFT",
  "subcategory": "CSC_NONCRAFT",
  "skill_used": "fabrication",
  "difficulty": 1,
  "time": 1000,
  "reversible": true,
  "autolearn": false,
  "components": [
    [ [ "charcoal", 15 ] ],
    [ [ "char_kiln", 1 ] ]
  ]
},{
  "type" : "recipe",
  "result": "multi_cooker",
  "id_suffix": "uncraft",
  "category": "CC_NONCRAFT",
  "subcategory": "CSC_NONCRAFT",
  "skill_used": "electronics",
  "difficulty": 0,
  "time": 90000,
  "reversible": true,
  "autolearn": false,
  "qualities" : [ {"id":"SCREW","level":1,"amount":1} ],
  "components": [
    [ ["processor", 1] ],
    [ ["RAM", 1] ],
    [ ["cable", 8] ],
    [ [ "element", 4 ] ],
    [ ["amplifier", 1] ],
    [ [ "power_supply", 4 ] ],
    [ ["plastic_chunk", 12] ],
    [ ["e_scrap", 4] ],
    [ ["scrap", 10] ]
  ]
},
{
  "type" : "recipe",
  "result": "mess_kit",
  "id_suffix": "uncraft",
  "category": "CC_NONCRAFT",
  "subcategory": "CSC_NONCRAFT",
  "skill_used": "electronics",
  "difficulty": 0,
  "time": 10000,
  "reversible": true,
  "autolearn": false,
  "qualities" : [ {"id":"SCREW","level":1,"amount":1} ],
  "tools": [ [ [ "soldering_iron", 10 ], [ "toolset", 10 ] ] ],
  "components": [
    [ [ "element", 3 ] ],
    [ ["amplifier", 1] ],
    [ ["scrap", 6] ],
    [ ["plastic_chunk", 1] ],
    [ ["cable", 8] ]
  ]
},
{
  "type" : "recipe",
  "result": "mil_mess_kit",
  "id_suffix": "uncraft",
  "category": "CC_NONCRAFT",
  "subcategory": "CSC_NONCRAFT",
  "skill_used": "electronics",
  "difficulty": 0,
  "time": 10000,
  "reversible": true,
  "autolearn": false,
  "qualities" : [ {"id":"SCREW","level":1,"amount":1} ],
  "components": [
    [ [ "element", 3 ] ],
    [ [ "amplifier", 1 ] ],
    [ [ "cable", 8 ] ]
  ]
},
{
  "type" : "recipe",
  "result": "l_HFPack",
  "id_suffix": "uncraft",
  "category": "CC_NONCRAFT",
  "subcategory": "CSC_NONCRAFT",
  "difficulty": 0,
  "time": 500,
  "reversible": true,
  "autolearn": false,
  "components": [
    [ [ "l_long_45", 1 ] ],
    [ [ "l_enforcer_45", 1 ] ],
    [ [ "small_repairkit", 1 ] ],
    [ [ "battery", 300 ] ],
    [ [ "manual_gun", 1 ] ],
    [ [ "holster", 1 ] ]
  ]
},{
    "type" : "recipe",
    "result": "eink_tablet_pc",
    "id_suffix": "uncraft",
    "category": "CC_NONCRAFT",
    "subcategory": "CSC_NONCRAFT",
    "difficulty": 0,
    "time": 500,
    "reversible": true,
    "autolearn": false,
    "qualities" : [ {"id":"SCREW","level":1,"amount":1} ],
    "components": [
      [ [ "scrap", 1 ] ],
      [ [ "RAM", 1 ] ],
      [ [ "processor", 1 ] ],
      [ [ "plastic_chunk", 2 ] ],
      [ [ "e_scrap", 2 ] ]
    ]
  },
  {
    "type" : "recipe",
    "result": "camera",
    "id_suffix": "uncraft",
    "category": "CC_NONCRAFT",
    "subcategory": "CSC_NONCRAFT",
    "difficulty": 0,
    "time": 1000,
    "reversible": true,
    "autolearn": false,
    "qualities" : [ {"id":"SCREW","level":1,"amount":1} ],
    "components": [
      [ [ "scrap", 2 ] ],
      [ [ "processor", 1 ] ],
      [ [ "plastic_chunk", 5 ] ],
      [ [ "e_scrap", 2 ] ],
      [ [ "lens", 1 ] ]
    ]
  },
  {
    "type" : "recipe",
    "result": "camera_pro",
    "id_suffix": "uncraft",
    "category": "CC_NONCRAFT",
    "subcategory": "CSC_NONCRAFT",
    "difficulty": 0,
    "time": 1200,
    "reversible": true,
    "autolearn": false,
    "qualities" : [ {"id":"SCREW","level":1,"amount":1} ],
    "components": [
      [ [ "scrap", 5 ] ],
      [ [ "processor", 1 ] ],
      [ [ "plastic_chunk", 10 ] ],
      [ [ "e_scrap", 8 ] ],
      [ [ "lens", 2 ] ]
    ]
  },
{
  "type" : "recipe",
  "result": "processor",
  "id_suffix": "uncraft",
  "category": "CC_NONCRAFT",
  "subcategory": "CSC_NONCRAFT",
  "skill_used": "electronics",
  "difficulty": 1,
  "time": 10000,
  "reversible": true,
  "autolearn": false,
  "qualities" : [ {"id":"SCREW","level":1,"amount":1} ],
  "tools": [ [ [ "soldering_iron", 5 ], [ "toolset", 5 ] ] ],
  "components": [
    [ [ "e_scrap", 3 ] ],
    [ ["plastic_chunk", 1] ]
  ]
},
  {
  "type" : "recipe",
  "result": "radio_car_box",
  "id_suffix": "uncraft",
  "category": "CC_NONCRAFT",
  "subcategory": "CSC_NONCRAFT",
  "difficulty": 0,
  "time": 500,
  "reversible": true,
  "autolearn": false,
  "components": [
    [ [ "radio_car", 1 ] ],
    [ [ "radiocontrol", 1 ] ],
    [ [ "battery", 200 ] ]
  ]
},{
  "type" : "recipe",
  "result": "material_shrd_limestone",
  "id_suffix": "uncraft",
  "category": "CC_NONCRAFT",
  "subcategory": "CSC_NONCRAFT",
  "difficulty": 0,
  "time": 10000,
  "reversible": true,
  "autolearn": false,
  "qualities" : [ {"id":"HAMMER","level":1,"amount":1} ],
  "tools": [ [ [ "crucible", -1 ] ] ],
  "components": [ [ [ "material_limestone", 10 ] ] ]
},{
  "type" : "recipe",
  "result": "hd_steel_drum",
  "category": "CC_NONCRAFT",
  "subcategory": "CSC_NONCRAFT",
  "skill_used": "fabrication",
  "difficulty": 4,
  "time": 750000,
  "reversible": true,
  "autolearn": false,
  "qualities" : [ {"id":"SAW_M","level":1,"amount":1} ],
  "tools": [ [ [ "welder", 500 ], [ "toolset", 750 ] ] ],
  "components": [ [ [ "steel_plate", 10 ] ], [ [ "steel_lump", 70 ] ] ]
},{
    "type" : "recipe",
    "result": "roadmap",
    "id_suffix": "uncraft",
    "category": "CC_NONCRAFT",
    "subcategory": "CSC_NONCRAFT",
    "difficulty": 0,
    "time": 500,
    "reversible": true,
    "autolearn": false,
    "components": [ [ [ "paper", 10 ] ]	]
},{
    "type" : "recipe",
    "result": "survivormap",
    "id_suffix": "uncraft",
    "category": "CC_NONCRAFT",
    "subcategory": "CSC_NONCRAFT",
    "difficulty": 0,
    "time": 500,
    "reversible": true,
    "autolearn": false,
    "components": [ [ [ "paper", 10 ] ] ]
},{
    "type" : "recipe",
    "result": "militarymap",
    "id_suffix": "uncraft",
    "category": "CC_NONCRAFT",
    "subcategory": "CSC_NONCRAFT",
    "difficulty": 0,
    "time": 500,
    "reversible": true,
    "autolearn": false,
    "components": [ [ [ "paper", 10 ] ] ]
},{
    "type" : "recipe",
    "result": "restaurantmap",
    "id_suffix": "uncraft",
    "category": "CC_NONCRAFT",
    "subcategory": "CSC_NONCRAFT",
    "difficulty": 0,
    "time": 500,
    "reversible": true,
    "autolearn": false,
    "components": [ [ [ "paper", 10 ] ]	]
},{
    "type" : "recipe",
    "result": "touristmap",
    "id_suffix": "uncraft",
    "category": "CC_NONCRAFT",
    "subcategory": "CSC_NONCRAFT",
    "difficulty": 0,
    "time": 500,
    "reversible": true,
    "autolearn": false,
    "components": [ [ [ "paper", 10 ] ]	]
},{
    "type" : "recipe",
    "result": "newest_newspaper",
    "id_suffix": "uncraft",
    "category": "CC_NONCRAFT",
    "subcategory": "CSC_NONCRAFT",
    "difficulty": 0,
    "time": 500,
    "reversible": true,
    "autolearn": false,
    "components": [ [ [ "paper", 2 ] ] ]
},{
    "type" : "recipe",
    "result": "many_years_old_newspaper",
    "id_suffix": "uncraft",
    "category": "CC_NONCRAFT",
    "subcategory": "CSC_NONCRAFT",
    "difficulty": 0,
    "time": 500,
    "reversible": true,
    "autolearn": false,
    "components": [ [ [ "paper", 2 ] ] ]
},{
    "type" : "recipe",
    "result": "years_old_newspaper",
    "id_suffix": "uncraft",
    "category": "CC_NONCRAFT",
    "subcategory": "CSC_NONCRAFT",
    "difficulty": 0,
    "time": 500,
    "reversible": true,
    "autolearn": false,
    "components": [ [ [ "paper", 2 ] ] ]
},{
    "type" : "recipe",
    "result": "one_year_old_newspaper",
    "id_suffix": "uncraft",
    "category": "CC_NONCRAFT",
    "subcategory": "CSC_NONCRAFT",
    "difficulty": 0,
    "time": 500,
    "reversible": true,
    "autolearn": false,
    "components": [ [ [ "paper", 2 ] ] ]
},{
    "type" : "recipe",
    "result": "months_old_newspaper",
    "id_suffix": "uncraft",
    "category": "CC_NONCRAFT",
    "subcategory": "CSC_NONCRAFT",
    "difficulty": 0,
    "time": 500,
    "reversible": true,
    "autolearn": false,
    "components": [ [ [ "paper", 2 ] ] ]
},{
    "type" : "recipe",
    "result": "weeks_old_newspaper",
    "id_suffix": "uncraft",
    "category": "CC_NONCRAFT",
    "subcategory": "CSC_NONCRAFT",
    "difficulty": 0,
    "time": 500,
    "reversible": true,
    "autolearn": false,
    "components": [ [ [ "paper", 2 ] ] ]
},{
    "type" : "recipe",
    "result": "straw_basket",
    "id_suffix": "uncraft",
    "category": "CC_NONCRAFT",
    "subcategory": "CSC_NONCRAFT",
    "difficulty": 0,
    "time": 2000,
    "reversible": true,
    "autolearn": false,
    "components": [ [ [ "straw_pile", 4 ] ] ]
},{
    "type" : "recipe",
    "result": "straw_doll",
    "id_suffix": "uncraft",
    "category": "CC_NONCRAFT",
    "subcategory": "CSC_NONCRAFT",
    "difficulty": 0,
    "time": 1000,
    "reversible": true,
    "autolearn": false,
    "components": [ [ [ "straw_pile", 1 ] ] ]
},{
    "type" : "recipe",
    "result": "straw_sandals",
    "id_suffix": "uncraft",
    "category": "CC_NONCRAFT",
    "subcategory": "CSC_NONCRAFT",
    "difficulty": 0,
    "time": 2000,
    "reversible": true,
    "autolearn": false,
    "components": [ [ [ "straw_pile", 2 ] ] ]
},{
    "type" : "recipe",
    "result": "straw_hat",
    "id_suffix": "uncraft",
    "category": "CC_NONCRAFT",
    "subcategory": "CSC_NONCRAFT",
    "difficulty": 0,
    "time": 1500,
    "reversible": true,
    "autolearn": false,
    "components": [ [ [ "straw_pile", 2 ] ] ]
},{
    "type" : "recipe",
    "result": "straw_fedora",
    "id_suffix": "uncraft",
    "category": "CC_NONCRAFT",
    "subcategory": "CSC_NONCRAFT",
    "difficulty": 0,
    "time": 1500,
    "reversible": true,
    "autolearn": false,
    "qualities" : [ {"id":"CUT","level":1,"amount":1} ],
    "components": [ [ [ "straw_pile", 5 ] ] ]
},{
    "type" : "recipe",
    "result": "fork",
    "id_suffix": "uncraft",
    "category": "CC_NONCRAFT",
    "subcategory": "CSC_NONCRAFT",
    "difficulty": 0,
    "time": 1500,
    "reversible": true,
    "autolearn": false,
    "qualities" : [ {"id":"HAMMER","level":1,"amount":1} ],
    "components": [ [ [ "scrap", 1 ] ] ]
},{
    "type" : "recipe",
    "result": "spoon",
    "id_suffix": "uncraft",
    "category": "CC_NONCRAFT",
    "subcategory": "CSC_NONCRAFT",
    "difficulty": 0,
    "time": 1500,
    "reversible": true,
    "autolearn": false,
    "qualities" : [ {"id":"HAMMER","level":1,"amount":1} ],
    "components": [ [ [ "scrap", 1 ] ] ]
},{
    "type" : "recipe",
    "result": "spork",
    "id_suffix": "uncraft",
    "category": "CC_NONCRAFT",
    "subcategory": "CSC_NONCRAFT",
    "difficulty": 0,
    "time": 1500,
    "reversible": true,
    "autolearn": false,
    "qualities" : [ {"id":"HAMMER","level":1,"amount":1} ],
    "components": [ [ [ "scrap", 1 ] ] ]
},{
    "type" : "recipe",
    "result": "foon",
    "id_suffix": "uncraft",
    "category": "CC_NONCRAFT",
    "subcategory": "CSC_NONCRAFT",
    "difficulty": 0,
    "time": 1500,
    "reversible": true,
    "autolearn": false,
    "qualities" : [ {"id":"HAMMER","level":1,"amount":1} ],
    "components": [ [ [ "scrap", 1 ] ] ]
},{
    "type" : "recipe",
    "result": "glass",
    "id_suffix": "uncraft",
    "category": "CC_NONCRAFT",
    "subcategory": "CSC_NONCRAFT",
    "difficulty": 0,
    "time": 500,
    "reversible": true,
    "autolearn": false,
    "components": [ [ [ "glass_shard", 1 ] ] ]
},{
    "type" : "recipe",
    "result": "glass_plate",
    "id_suffix": "uncraft",
    "category": "CC_NONCRAFT",
    "subcategory": "CSC_NONCRAFT",
    "difficulty": 0,
    "time": 500,
    "reversible": true,
    "autolearn": false,
    "components": [ [ [ "glass_shard", 1 ] ] ]
},{
    "type" : "recipe",
    "result": "glass_bowl",
    "id_suffix": "uncraft",
    "category": "CC_NONCRAFT",
    "subcategory": "CSC_NONCRAFT",
    "difficulty": 0,
    "time": 500,
    "reversible": true,
    "autolearn": false,
    "components": [ [ [ "glass_shard", 1 ] ] ]
},{
    "type" : "recipe",
    "result": "ceramic_plate",
    "id_suffix": "uncraft",
    "category": "CC_NONCRAFT",
    "subcategory": "CSC_NONCRAFT",
    "difficulty": 0,
    "time": 1000,
    "reversible": true,
    "autolearn": false,
    "components": [ [ [ "ceramic_shard", 1 ] ] ]
},{
    "type" : "recipe",
    "result": "ceramic_bowl",
    "id_suffix": "uncraft",
    "category": "CC_NONCRAFT",
    "subcategory": "CSC_NONCRAFT",
    "difficulty": 0,
    "time": 1000,
    "reversible": true,
    "autolearn": false,
    "components": [ [ [ "ceramic_shard", 1 ] ] ]
},{
    "type" : "recipe",
    "result": "ceramic_cup",
    "id_suffix": "uncraft",
    "category": "CC_NONCRAFT",
    "subcategory": "CSC_NONCRAFT",
    "difficulty": 0,
    "time": 1000,
    "reversible": true,
    "autolearn": false,
    "components": [ [ [ "ceramic_shard", 1 ] ] ]
},{
    "type" : "recipe",
    "result": "tin_plate",
    "id_suffix": "uncraft",
    "category": "CC_NONCRAFT",
    "subcategory": "CSC_NONCRAFT",
    "difficulty": 0,
    "time": 1500,
    "reversible": true,
    "autolearn": false,
    "qualities" : [ {"id":"HAMMER","level":1,"amount":1} ],
    "components": [ [ [ "tin", 100 ] ] ]
},{
    "type" : "recipe",
    "result": "toolbox",
    "id_suffix": "uncraft",
    "category": "CC_NONCRAFT",
    "subcategory": "CSC_NONCRAFT",
    "difficulty": 0,
    "time": 500,
    "reversible": true,
    "autolearn": false,
    "components": [
      [ [ "hammer", 1 ] ],
      [ [ "wrench", 1 ] ],
      [ [ "screwdriver", 1 ] ],
      [ [ "hacksaw", 1 ] ],
      [ [ "saw", 1 ] ],
      [ [ "pockknife", 1 ] ]
    ]
},{
    "type" : "recipe",
    "result": "robot_controls",
    "category": "CC_NONCRAFT",
    "subcategory": "CSC_NONCRAFT",
    "skill_used": "electronics",
    "difficulty": 8,
    "time": 60000,
    "reversible": true,
    "autolearn": false,
    "qualities" : [
        {"id":"SCREW","level":1,"amount":1},
        {"id":"WRENCH","level":1,"amount":1},
        {"id":"SAW_M","level":1,"amount":1}
    ], "tools": [
        [ [ "soldering_iron", 20 ], [ "toolset", 20 ] ]
    ], "components": [
        [ [ "motor_small", 3 ] ],
        [ [ "processor", 3 ] ],
        [ [ "RAM", 2 ] ],
        [ [ "plastic_chunk", 2 ] ]
    ]
},{
  "type" : "recipe",
  "result": "vac_sealer",
  "id_suffix": "uncraft",
  "category": "CC_NONCRAFT",
  "subcategory": "CSC_NONCRAFT",
  "difficulty": 0,
  "time": 500,
  "reversible": true,
  "autolearn": false,
  "qualities" : [
    {"id":"SCREW","level":1,"amount":1}
  ], "components": [
    [
      [ "scrap", 4 ]
    ],
    [
      [ "element", 2 ]
    ],
    [
      [ "hose", 1 ]
    ],
    [
      [ "power_supply", 1 ]
    ]
  ]
}
]
