[
    {
        "id": "manual_karate",
        "type": "GENERIC",
        "symbol": "?",
        "color": "green",
        "name": "The Shotokan Karate Handbook",
        "name_plural": "Shotokan Karate Handbooks",
        "description": "A complete guide to Shotokan Karate.",
        "price": 20000,
        "material": "paper",
        "weight": 150,
        "volume": 1,
        "bashing": 0,
        "cutting": 0,
        "to_hit": -1,
        "book_data": {
            "max_level" : 0,
            "intelligence" : 0,
            "time" : 10,
            "fun" : 0,
            "skill" : "none",
            "required_level" : 0,
            "chapters": 0,
            "use_action": "MA_MANUAL"
        }
    },
    {
        "id": "manual_aikido",
        "type": "GENERIC",
        "symbol": "?",
        "color": "green",
        "name": "The Spirit of Aikido",
        "name_plural": "The Spirit of Aikido",
        "description": "A complete guide to Aikido.",
        "price": 20000,
        "material": "paper",
        "weight": 150,
        "volume": 1,
        "bashing": 0,
        "cutting": 0,
        "to_hit": -1,
        "book_data": {
            "max_level" : 0,
            "intelligence" : 0,
            "time" : 10,
            "fun" : 0,
            "skill" : "none",
            "required_level" : 0,
            "chapters": 0,
            "use_action": "MA_MANUAL"
        }
    },
    {
        "id": "manual_boxing",
        "type": "GENERIC",
        "symbol": "?",
        "color": "green",
        "name": "Practical Pugilism",
        "name_plural": "Practical Pugilism",
        "description": "A complete guide to boxing.  Let's get ready to rough-up some ruffians!",
        "price": 20000,
        "material": "paper",
        "weight": 150,
        "volume": 1,
        "bashing": 0,
        "cutting": 0,
        "to_hit": -1,
        "book_data": {
            "max_level" : 0,
            "intelligence" : 0,
            "time" : 10,
            "fun" : 0,
            "skill" : "none",
            "required_level" : 0,
            "chapters": 0,
            "use_action": "MA_MANUAL"
        }
    },
    {
        "id": "manual_judo",
        "type": "GENERIC",
        "symbol": "?",
        "color": "green",
        "name": "Kodokan Judo",
        "name_plural": "Kodokan Judo",
        "description": "A complete guide to Judo.",
        "price": 20000,
        "material": "paper",
        "weight": 150,
        "volume": 1,
        "bashing": 0,
        "cutting": 0,
        "to_hit": -1,
        "book_data": {
            "max_level" : 0,
            "intelligence" : 0,
            "time" : 10,
            "fun" : 0,
            "skill" : "none",
            "required_level" : 0,
            "chapters": 0,
            "use_action": "MA_MANUAL"
        }
    },
    {
        "id": "manual_tai_chi",
        "type": "GENERIC",
        "symbol": "?",
        "color": "green",
        "name": "Becoming One with the Tao",
        "name_plural": "Becoming One with the Tao",
        "description": "A complete guide to T'ai Chi Ch'uan.",
        "price": 20000,
        "material": "paper",
        "weight": 150,
        "volume": 1,
        "bashing": 0,
        "cutting": 0,
        "to_hit": -1,
        "book_data": {
            "max_level" : 0,
            "intelligence" : 0,
            "time" : 10,
            "fun" : 0,
            "skill" : "none",
            "required_level" : 0,
            "chapters": 0,
            "use_action": "MA_MANUAL"
        }
    },
    {
        "id": "manual_capoeira",
        "type": "GENERIC",
        "symbol": "?",
        "color": "green",
        "name": "Capoeira 100",
        "name_plural": "Capoeira 100",
        "description": "A complete guide to Capoeira.",
        "price": 20000,
        "material": "paper",
        "weight": 150,
        "volume": 1,
        "bashing": 0,
        "cutting": 0,
        "to_hit": -1,
        "book_data": {
            "max_level" : 0,
            "intelligence" : 0,
            "time" : 10,
            "fun" : 0,
            "skill" : "none",
            "required_level" : 0,
            "chapters": 0,
            "use_action": "MA_MANUAL"
        }
    },
    {
        "id": "manual_krav_maga",
        "type": "GENERIC",
        "symbol": "?",
        "color": "green",
        "name": "Complete Krav Maga",
        "name_plural": "Complete Krav Maga",
        "description": "A complete guide to Krav Maga.",
        "price": 20000,
        "material": "paper",
        "weight": 150,
        "volume": 1,
        "bashing": 0,
        "cutting": 0,
        "to_hit": -1,
        "book_data": {
            "max_level" : 0,
            "intelligence" : 0,
            "time" : 10,
            "fun" : 0,
            "skill" : "none",
            "required_level" : 0,
            "chapters": 0,
            "use_action": "MA_MANUAL"
        }
    },
    {
        "id": "manual_muay_thai",
        "type": "GENERIC",
        "symbol": "?",
        "color": "green",
        "name": "Ultimate Muay Thai",
        "name_plural": "Ultimate Muay Thai",
        "description": "A complete guide to Muay Thai.",
        "price": 20000,
        "material": "paper",
        "weight": 150,
        "volume": 1,
        "bashing": 0,
        "cutting": 0,
        "to_hit": -1,
        "book_data": {
            "max_level" : 0,
            "intelligence" : 0,
            "time" : 10,
            "fun" : 0,
            "skill" : "none",
            "required_level" : 0,
            "chapters": 0,
            "use_action": "MA_MANUAL"
        }
    },
    {
        "id": "manual_ninjutsu",
        "type": "GENERIC",
        "symbol": "?",
        "color": "green",
        "name": "Essence of Ninjutsu",
        "name_plural": "Essence of Ninjutsu",
        "description": "A complete guide to Ninjutsu.",
        "price": 20000,
        "material": "paper",
        "weight": 150,
        "volume": 1,
        "bashing": 0,
        "cutting": 0,
        "to_hit": -1,
        "book_data": {
            "max_level" : 0,
            "intelligence" : 0,
            "time" : 10,
            "fun" : 0,
            "skill" : "none",
            "required_level" : 0,
            "chapters": 0,
            "use_action": "MA_MANUAL"
        }
    },
    {
        "id": "manual_taekwondo",
        "type": "GENERIC",
        "symbol": "?",
        "color": "green",
        "name": "Official Taekwondo Training Manual",
        "description": "A complete guide to Taekwondo.",
        "price": 20000,
        "material": "paper",
        "weight": 150,
        "volume": 1,
        "bashing": 0,
        "cutting": 0,
        "to_hit": -1,
        "book_data": {
            "max_level" : 0,
            "intelligence" : 0,
            "time" : 10,
            "fun" : 0,
            "skill" : "none",
            "required_level" : 0,
            "chapters": 0,
            "use_action": "MA_MANUAL"
        }
    },
    {
        "id": "manual_zui_quan",
        "type": "GENERIC",
        "symbol": "?",
        "color": "green",
        "name": "Zui Quan and You",
        "name_plural": "Zui Quan and You",
        "description": "A complete guide to Zui Quan.",
        "price": 20000,
        "material": "paper",
        "weight": 150,
        "volume": 1,
        "bashing": 0,
        "cutting": 0,
        "to_hit": -1,
        "book_data": {
            "max_level" : 0,
            "intelligence" : 0,
            "time" : 10,
            "fun" : 0,
            "skill" : "none",
            "required_level" : 0,
            "chapters": 0,
            "use_action": "MA_MANUAL"
        }
    },
    {
        "id": "manual_crane",
        "type": "GENERIC",
        "symbol": "?",
        "color": "green",
        "name": "The Red Crane",
        "name_plural": "The Red Crane",
        "description": "A complete guide to Crane Kung Fu.",
        "price": 20000,
        "material": "paper",
        "weight": 150,
        "volume": 1,
        "bashing": 0,
        "cutting": 0,
        "to_hit": -1,
        "book_data": {
            "max_level" : 0,
            "intelligence" : 0,
            "time" : 10,
            "fun" : 0,
            "skill" : "none",
            "required_level" : 0,
            "chapters": 0,
            "use_action": "MA_MANUAL"
        }
    },
    {
        "id": "manual_dragon",
        "type": "GENERIC",
        "symbol": "?",
        "color": "green",
        "name": "The Jade Dragon",
        "name_plural": "The Jade Dragon",
        "description": "A complete guide to Dragon Kung Fu.",
        "price": 20000,
        "material": "paper",
        "weight": 150,
        "volume": 1,
        "bashing": 0,
        "cutting": 0,
        "to_hit": -1,
        "book_data": {
            "max_level" : 0,
            "intelligence" : 0,
            "time" : 10,
            "fun" : 0,
            "skill" : "none",
            "required_level" : 0,
            "chapters": 0,
            "use_action": "MA_MANUAL"
        }
    },
    {
        "id": "manual_leopard",
        "type": "GENERIC",
        "symbol": "?",
        "color": "green",
        "name": "The Deaf Leopard",
        "name_plural": "The Deaf Leopard",
        "description": "A complete guide to Leopard Kung Fu.",
        "price": 20000,
        "material": "paper",
        "weight": 150,
        "volume": 1,
        "bashing": 0,
        "cutting": 0,
        "to_hit": -1,
        "book_data": {
            "max_level" : 0,
            "intelligence" : 0,
            "time" : 10,
            "fun" : 0,
            "skill" : "none",
            "required_level" : 0,
            "chapters": 0,
            "use_action": "MA_MANUAL"
        }
    },
    {
        "id": "manual_tiger",
        "type": "GENERIC",
        "symbol": "?",
        "color": "green",
        "name": "The White Tiger",
        "name_plural": "The White Tiger",
        "description": "A complete guide to Tiger Kung Fu.",
        "price": 20000,
        "material": "paper",
        "weight": 150,
        "volume": 1,
        "bashing": 0,
        "cutting": 0,
        "to_hit": -1,
        "book_data": {
            "max_level" : 0,
            "intelligence" : 0,
            "time" : 10,
            "fun" : 0,
            "skill" : "none",
            "required_level" : 0,
            "chapters": 0,
            "use_action": "MA_MANUAL"
        }
    },
    {
        "id": "manual_snake",
        "type": "GENERIC",
        "symbol": "?",
        "color": "green",
        "name": "The Black Snake",
        "name_plural": "The Black Snake",
        "description": "A complete guide to Snake Kung Fu.",
        "price": 20000,
        "material": "paper",
        "weight": 150,
        "volume": 1,
        "bashing": 0,
        "cutting": 0,
        "to_hit": -1,
        "book_data": {
            "max_level" : 0,
            "intelligence" : 0,
            "time" : 10,
            "fun" : 0,
            "skill" : "none",
            "required_level" : 0,
            "chapters": 0,
            "use_action": "MA_MANUAL"
        }
    },
    {
        "id": "manual_centipede",
        "type": "GENERIC",
        "symbol": "?",
        "color": "green",
        "name": "The Centipede Lu Feng",
        "name_plural": "The Centipede Lu Feng",
        "description": "A complete guide to Centipede Kung Fu.",
        "price": 20000,
        "material": "paper",
        "weight": 150,
        "volume": 1,
        "bashing": 0,
        "cutting": 0,
        "to_hit": -1,
        "book_data": {
            "max_level" : 0,
            "intelligence" : 0,
            "time" : 10,
            "fun" : 0,
            "skill" : "none",
            "required_level" : 0,
            "chapters": 0,
            "use_action": "MA_MANUAL"
        }
    },
    {
        "id": "manual_scorpion",
        "type": "GENERIC",
        "symbol": "?",
        "color": "green",
        "name": "The Scorpion Sun Chien",
        "name_plural": "The Scorpion Sun Chien",
        "description": "A complete guide to Scorpion Kung Fu.",
        "price": 20000,
        "material": "paper",
        "weight": 150,
        "volume": 1,
        "bashing": 0,
        "cutting": 0,
        "to_hit": -1,
        "book_data": {
            "max_level" : 0,
            "intelligence" : 0,
            "time" : 10,
            "fun" : 0,
            "skill" : "none",
            "required_level" : 0,
            "chapters": 0,
            "use_action": "MA_MANUAL"
        }
    },
    {
        "id": "manual_toad",
        "type": "GENERIC",
        "symbol": "?",
        "color": "green",
        "name": "The Toad Lo Mang",
        "name_plural": "The Toad Lo Mang",
        "description": "A complete guide to Toad Kung Fu.",
        "price": 20000,
        "material": "paper",
        "weight": 150,
        "volume": 1,
        "bashing": 0,
        "cutting": 0,
        "to_hit": -1,
        "book_data": {
            "max_level" : 0,
            "intelligence" : 0,
            "time" : 10,
            "fun" : 0,
            "skill" : "none",
            "required_level" : 0,
            "chapters": 0,
            "use_action": "MA_MANUAL"
        }
    },
    {
        "id": "manual_lizard",
        "type": "GENERIC",
        "symbol": "?",
        "color": "green",
        "name": "The Lizard Kuo Chui",
        "name_plural": "The Lizard Kuo Chui",
        "description": "A complete guide to Lizard Kung Fu.",
        "price": 20000,
        "material": "paper",
        "weight": 150,
        "volume": 1,
        "bashing": 0,
        "cutting": 0,
        "to_hit": -1,
        "book_data": {
            "max_level" : 0,
            "intelligence" : 0,
            "time" : 10,
            "fun" : 0,
            "skill" : "none",
            "required_level" : 0,
            "chapters": 0,
            "use_action": "MA_MANUAL"
        }
    },
    {
        "id": "manual_venom_snake",
        "type": "GENERIC",
        "symbol": "?",
        "color": "green",
        "name": "The Viper Wei Pai",
        "name_plural": "The Viper Wei Pai",
        "description": "A complete guide to Viper Kung Fu.",
        "price": 20000,
        "material": "paper",
        "weight": 150,
        "volume": 1,
        "bashing": 0,
        "cutting": 0,
        "to_hit": -1,
        "book_data": {
            "max_level" : 0,
            "intelligence" : 0,
            "time" : 10,
            "fun" : 0,
            "skill" : "none",
            "required_level" : 0,
            "chapters": 0,
            "use_action": "MA_MANUAL"
        }
    },
    {
        "id": "manual_eskrima",
        "type": "GENERIC",
        "symbol": "?",
        "color": "green",
        "name": "Practical Eskrima",
        "name_plural": "Practical Eskrima",
        "description": "A complete guide to Eskrima.",
        "price": 20000,
        "material": "paper",
        "weight": 150,
        "volume": 1,
        "bashing": 0,
        "cutting": 0,
        "to_hit": -1,
        "book_data": {
            "max_level" : 0,
            "intelligence" : 0,
            "time" : 10,
            "fun" : 0,
            "skill" : "none",
            "required_level" : 0,
            "chapters": 0,
            "use_action": "MA_MANUAL"
        }
    },
    {
        "id": "manual_fencing",
        "type": "GENERIC",
        "symbol": "?",
        "color": "green",
        "name": "The Modern Swordsman",
        "name_plural": "The Modern Swordsman",
        "description": "A complete guide to Fencing.",
        "price": 20000,
        "material": "paper",
        "weight": 150,
        "volume": 1,
        "bashing": 0,
        "cutting": 0,
        "to_hit": -1,
        "book_data": {
            "max_level" : 0,
            "intelligence" : 0,
            "time" : 10,
            "fun" : 0,
            "skill" : "none",
            "required_level" : 0,
            "chapters": 0,
            "use_action": "MA_MANUAL"
        }
    },
    {
        "id": "manual_silat",
        "type": "GENERIC",
        "symbol": "?",
        "color": "green",
        "name": "The Indonesian Warrior",
        "name_plural": "The Indonesian Warrior",
        "description": "A complete guide to Pentjak Silat.",
        "price": 20000,
        "material": "paper",
        "weight": 150,
        "volume": 1,
        "bashing": 0,
        "cutting": 0,
        "to_hit": -1,
        "book_data": {
            "max_level" : 0,
            "intelligence" : 0,
            "time" : 10,
            "fun" : 0,
            "skill" : "none",
            "required_level" : 0,
            "chapters": 0,
            "use_action": "MA_MANUAL"
        }
    },
    {
        "id": "manual_niten",
        "type": "GENERIC",
        "symbol": "?",
        "color": "green",
        "name": "The Book of Five Rings",
        "name_plural": "copies of The Book of Five Rings",
        "description": "A primer on Miyamoto Musashi's style of combat and philosophy, Niten Ichi-Ryu.",
        "price": 20000,
        "material": "paper",
        "weight": 150,
        "volume": 1,
        "bashing": 0,
        "cutting": 0,
        "to_hit": -1,
        "book_data": {
            "max_level" : 0,
            "intelligence" : 0,
            "time" : 10,
            "fun" : 0,
            "skill" : "none",
            "required_level" : 0,
            "chapters": 0,
            "use_action": "MA_MANUAL"
        }
    },
    {
        "type" : "item_group",
        "id"   : "ma_manuals",
        "items":[
            ["manual_boxing", 5],
            ["manual_karate", 5],
            ["manual_aikido", 5],
            ["manual_judo", 5],
            ["manual_tai_chi", 5],
            ["manual_capoeira", 5],
            ["manual_krav_maga", 5],
            ["manual_muay_thai", 5],
            ["manual_ninjutsu", 5],
            ["manual_taekwondo", 5],
            ["manual_zui_quan", 5],
            ["manual_crane", 5],
            ["manual_dragon", 5],
            ["manual_leopard", 5],
            ["manual_tiger", 5],
            ["manual_snake", 5],
            ["manual_centipede", 5],
            ["manual_scorpion", 5],
            ["manual_toad", 5],
            ["manual_lizard", 5],
            ["manual_venom_snake", 5],
            ["manual_eskrima", 5],
            ["manual_fencing", 5],
            ["manual_niten", 5],
            ["manual_silat", 5]
        ]
    }
]
