[
{
		"type" : "mapgen",
		"om_terrain" : ["loffice_tower_1"],
		"method": "json",
		"weight": 250,
		"object": {
			"fill_ter": "t_floor",
			"rows": [
				"~~~~~~~~~~~~~~~~~~~~~~~~",
				"~~~~~~~~~~~~~~~~~~~~~~~~",
				"~~~|--------------------",
				"~~~|,_____,_____,_____,s",
				"~~~|,_____,_____,_____,s",
				"~~~|,_____,_____,_____,s",
				"~~~|,_____,_____,_____,s",
				"~~~|,_____,_____,_____,s",
				"~~~|,_____,_____,_____,s",
				"~~~|____________________",
				"~~~|____________________",
				"~~~|____________________",
				"~~~|____________________",
				"~~~|____________________",
				"~~~|____________________",
				"~~~|___,,___,____,____,s",
				"~~~|__,,,,__,____,____,s",
				"~~~|___,,___,____,____,s",
				"~~~|___,,___,____,____,s",
				"~~~|________,____,____,s",
				"~~~|________,____,____,s",
				"~~~|________|---|---|HHG",
				"~~~|________|.R<|EEE|...",
				"~~~|________|.R.|EEED..."
			],
			"place_groups": [
                { "monster": "GROUP_ZOMBIE", "x": [ 5, 19 ], "y": [ 5, 19 ], "density": 0.15 },
                { "vehicle": "pickup", "x": 8, "y": 6, "rotation": 90, "chance": 25  },
                { "vehicle": "car", "x": 14, "y": 6, "rotation": 90, "chance": 25  },
                { "vehicle": "motorcycle", "x": 19, "y": 6, "rotation": 90, "chance": 25  }
			],
			"terrain": {
				"/": "t_open_air",
				"~": "t_rock",
				">": "t_stairs_down",
				"<": "t_stairs_up",
				".": "t_floor",
				" ": "t_dirt",
				"x": "t_console_broken",
				",": "t_pavement_y",
				"_": "t_pavement",
				"%": "t_shrub",
				"+": "t_door_c",
				"{": "t_floor",
				")": "t_floor",
				"}": "t_manhole_cover",
				"@": "t_floor",
				"2": "t_utility_light",
				"b": "t_dirt",
				"c": "t_floor",
				"D": "t_door_metal_c",
				"d": "t_floor",
				"E": "t_elevator",
				"G": "t_door_glass_c",
				"H": "t_wall_glass_h",
				"h": "t_floor",
				"I": "t_column",
				"k": "t_floor",
				"L": "t_floor",
				"l": "t_floor",
				"n": "t_floor",
				"o": "t_floor",
				"^": "t_floor",
				"p": "t_floor",
				"R": "t_railing_v",
				"r": "t_floor",
				"S": "t_floor",
				"s": "t_sidewalk",
				"T": "t_floor",
				"u": "t_floor",
				"V": "t_wall_glass_v",
				"X": "t_door_metal_locked",
				"z": "t_floor",
        			"-": "t_wall_h",
        			"|": "t_wall_v"
			},
			"furniture": {
				"@": "f_bed",
				"{": "f_rubble",
				")": "f_wreckage",
				"b": "f_bench",
				"c": "f_counter",
				"d": "f_desk",
				"h": "f_chair",
				"l": "f_locker",
				"n": "f_table",
				"o": "f_bookcase",
				"^": "f_indoor_plant",
				"r": "f_rack",
				"S": "f_sink",
				"T": "f_toilet",
				"U": "f_statue",
				"z": "f_crate_c"
			}
		}
    },{
		"type" : "mapgen",
		"om_terrain" : ["loffice_tower_2"],
		"method": "json",
		"weight": 250,
		"object": {
			"fill_ter": "t_floor",
			"rows": [
				"~~~~~~~~~~~~~~~~~~~~~~~~",
				"~~~~~~~~~~~~~~~~~~~~~~~~",
				"--------------------|~~~",
				"s,_____,_____,_____,|~~~",
				"s,_____,_____,_____,|~~~",
				"s,_____,_____,_____,|~~~",
				"s,_____,_____,_____,|~~~",
				"s,_____,_____,_____,|~~~",
				"s,_____,_____,_____,|~~~",
				"____________________|~~~",
				"____________________|~~~",
				"____________________|~~~",
				"____________________|~~~",
				"____________________|~~~",
				"____________________|~~~",
				"s,____,____,________|~~~",
				"s,____,____,________|~~~",
				"s,____,____,________|~~~",
				"s,____,____,________|~~~",
				"s,____,____,________|~~~",
				"s,____,____,________|~~~",
				"GHH|---|---|________|~~~",
				"...|xEE|.R<|________|~~~",
				"...DEEE|.R.|___,,___|~~~"
			],
			"place_groups": [
                { "monster": "GROUP_ZOMBIE", "x": [ 5, 19 ], "y": [ 5, 19 ], "density": 0.15 },
                { "vehicle": "cube_van_cheap", "x": 11, "y": 7, "rotation": 90, "chance": 25  },
                { "vehicle": "pickup", "x": 17, "y": 6, "rotation": 90, "chance": 25  },
                { "vehicle": "car", "x": 4, "y": 6, "rotation": 90, "chance": 25  }
			],
			"terrain": {
				"/": "t_open_air",
				"~": "t_rock",
				">": "t_stairs_down",
				"<": "t_stairs_up",
				".": "t_floor",
				" ": "t_dirt",
				"x": "t_console_broken",
				",": "t_pavement_y",
				"_": "t_pavement",
				"%": "t_shrub",
				"+": "t_door_c",
				"{": "t_floor",
				")": "t_floor",
				"}": "t_manhole_cover",
				"@": "t_floor",
				"2": "t_utility_light",
				"b": "t_dirt",
				"c": "t_floor",
				"D": "t_door_metal_c",
				"d": "t_floor",
				"E": "t_elevator",
				"G": "t_door_glass_c",
				"H": "t_wall_glass_h",
				"h": "t_floor",
				"I": "t_column",
				"k": "t_floor",
				"L": "t_floor",
				"l": "t_floor",
				"n": "t_floor",
				"o": "t_floor",
				"^": "t_floor",
				"p": "t_floor",
				"R": "t_railing_v",
				"r": "t_floor",
				"S": "t_floor",
				"s": "t_sidewalk",
				"T": "t_floor",
				"u": "t_floor",
				"V": "t_wall_glass_v",
				"X": "t_door_metal_locked",
				"z": "t_floor",
        			"-": "t_wall_h",
        			"|": "t_wall_v"
			},
			"furniture": {
				"@": "f_bed",
				"{": "f_rubble",
				")": "f_wreckage",
				"b": "f_bench",
				"c": "f_counter",
				"d": "f_desk",
				"h": "f_chair",
				"l": "f_locker",
				"n": "f_table",
				"o": "f_bookcase",
				"^": "f_indoor_plant",
				"r": "f_rack",
				"S": "f_sink",
				"T": "f_toilet",
				"U": "f_statue",
				"z": "f_crate_c"
			}
		}
    },{
		"type" : "mapgen",
		"om_terrain" : ["loffice_tower_3"],
		"method": "json",
		"weight": 250,
		"object": {
			"fill_ter": "t_floor",
			"rows": [
				"~~~|________|...|EEED...",
				"~~~|________|...|EEx|...",
				"~~~|________|-+-|---|HHG",
				"~~~|____________________",
				"~~~|____________________",
				"~~~|____________________",
				"~~~|____________________",
				"~~~|____,,______,,______",
				"~~~|___,,,,_____,,______",
				"~~~|____,,_____,,,,__xs_",
				"~~~|____,,______,,___ss_",
				"~~~|-|XXXXXX||XXXXXX|---",
				"~~~|~|EEEEEE||EEEEEE|~~~",
				"~~~|||EEEEEE||EEEEEE|~~~",
				"~~~||xEEEEEE||EEEEEE||~~",
				"~~~|||EEEEEE||EEEEEEx|~~",
				"~~~|~|EEEEEE||EEEEEE||~~",
				"~~~|~|EEEEEE||EEEEEE|~~~",
				"~~~|~|------||------|~~~",
				"~~~|--------------------",
				"~~~~~~~~~~~~~~~~~~~~~~~~",
				"~~~~~~~~~~~~~~~~~~~~~~~~",
				"~~~~~~~~~~~~~~~~~~~~~~~~",
				"~~~~~~~~~~~~~~~~~~~~~~~~"
			],
			"place_groups": [
                { "monster": "GROUP_ZOMBIE", "x": [ 5, 19 ], "y": [ 3, 8 ], "density": 0.10 }
			],
			"terrain": {
				"/": "t_open_air",
				"~": "t_rock",
				">": "t_stairs_down",
				"<": "t_stairs_up",
				".": "t_floor",
				" ": "t_dirt",
				"x": "t_console_broken",
				",": "t_pavement_y",
				"_": "t_pavement",
				"%": "t_shrub",
				"+": "t_door_c",
				"{": "t_floor",
				")": "t_floor",
				"}": "t_manhole_cover",
				"@": "t_floor",
				"2": "t_utility_light",
				"b": "t_dirt",
				"c": "t_floor",
				"D": "t_door_metal_c",
				"d": "t_floor",
				"E": "t_elevator",
				"G": "t_door_glass_c",
				"H": "t_wall_glass_h",
				"h": "t_floor",
				"I": "t_column",
				"k": "t_floor",
				"L": "t_floor",
				"l": "t_floor",
				"n": "t_floor",
				"o": "t_floor",
				"^": "t_floor",
				"p": "t_floor",
				"R": "t_railing_v",
				"r": "t_floor",
				"S": "t_floor",
				"s": "t_sidewalk",
				"T": "t_floor",
				"u": "t_floor",
				"V": "t_wall_glass_v",
				"X": "t_door_metal_locked",
				"z": "t_floor",
        			"-": "t_wall_h",
        			"|": "t_wall_v"
			},
			"furniture": {
				"@": "f_bed",
				"{": "f_rubble",
				")": "f_wreckage",
				"b": "f_bench",
				"c": "f_counter",
				"d": "f_desk",
				"h": "f_chair",
				"l": "f_locker",
				"n": "f_table",
				"o": "f_bookcase",
				"^": "f_indoor_plant",
				"r": "f_rack",
				"S": "f_sink",
				"T": "f_toilet",
				"U": "f_statue",
				"z": "f_crate_c"
			}
		}
    },{
		"type" : "mapgen",
		"om_terrain" : ["loffice_tower_4"],
		"method": "json",
		"weight": 250,
		"object": {
			"fill_ter": "t_floor",
			"rows": [
				"...DEEE|...|___,,___|~~~",
				"...|EEE|...|__,,,,__|~~~",
				"GHH|---|-+-|___,,___|~~~",
				"____________________|~~~",
				"____________________|~~~",
				"____________________|~~~",
				"____________________|~~~",
				"____________________|~~~",
				"____________________|~~~",
				"____________________|~~~",
				"____________________|~~~",
				"|___________________|~~~",
				"|___________________|~~~",
				"|,_____,_____,_____,|~~~",
				"|,_____,_____,_____,|~~~",
				"|,_____,_____,_____,|~~~",
				"|,_____,_____,_____,|~~~",
				"|,_____,_____,_____,|~~~",
				"|,_____,_____,_____,|~~~",
				"|-------------------|~~~",
				"~~~~~~~~~~~~~~~~~~~~~~~~",
				"~~~~~~~~~~~~~~~~~~~~~~~~",
				"~~~~~~~~~~~~~~~~~~~~~~~~",
				"~~~~~~~~~~~~~~~~~~~~~~~~"
			],
			"place_groups": [
                { "monster": "GROUP_ZOMBIE", "x": [ 5, 19 ], "y": [ 5, 19 ], "density": 0.15 },
                { "vehicle": "car", "x": 9, "y": 15, "rotation": 270, "chance": 25  },
                { "vehicle": "pickup", "x": 16, "y": 16, "rotation": 90, "chance": 25  },
                { "vehicle": "beetle", "x": 4, "y": 16, "rotation": 270, "chance": 25  }
			],
			"terrain": {
				"/": "t_open_air",
				"~": "t_rock",
				">": "t_stairs_down",
				"<": "t_stairs_up",
				".": "t_floor",
				" ": "t_dirt",
				"x": "t_console_broken",
				",": "t_pavement_y",
				"_": "t_pavement",
				"%": "t_shrub",
				"+": "t_door_c",
				"{": "t_floor",
				")": "t_floor",
				"}": "t_manhole_cover",
				"@": "t_floor",
				"2": "t_utility_light",
				"b": "t_dirt",
				"c": "t_floor",
				"D": "t_door_metal_c",
				"d": "t_floor",
				"E": "t_elevator",
				"G": "t_door_glass_c",
				"H": "t_wall_glass_h",
				"h": "t_floor",
				"I": "t_column",
				"k": "t_floor",
				"L": "t_floor",
				"l": "t_floor",
				"n": "t_floor",
				"o": "t_floor",
				"^": "t_floor",
				"p": "t_floor",
				"R": "t_railing_v",
				"r": "t_floor",
				"S": "t_floor",
				"s": "t_sidewalk",
				"T": "t_floor",
				"u": "t_floor",
				"V": "t_wall_glass_v",
				"X": "t_door_metal_locked",
				"z": "t_floor",
        			"-": "t_wall_h",
        			"|": "t_wall_v"
			},
			"furniture": {
				"@": "f_bed",
				"{": "f_rubble",
				")": "f_wreckage",
				"b": "f_bench",
				"c": "f_counter",
				"d": "f_desk",
				"h": "f_chair",
				"l": "f_locker",
				"n": "f_table",
				"o": "f_bookcase",
				"^": "f_indoor_plant",
				"r": "f_rack",
				"S": "f_sink",
				"T": "f_toilet",
				"U": "f_statue",
				"z": "f_crate_c"
			}
		}
    },{
		"type" : "mapgen",
		"om_terrain" : ["loffice_tower_5"],
		"method": "json",
		"weight": 250,
		"object": {
			"fill_ter": "t_floor",
			"rows": [
				"ssssssssssssssssssssssss",
				"ssssssssssssssssssssssss",
				"ss                      ",
				"ss%%%%%%%%%%%%%%%%%%%%%%",
				"ss%|-HH-|-HH-|-HH-|HH|--",
				"ss%Vdcxl|dxdl|lddx|..|.S",
				"ss%Vdh..|dh..|...d|..+..",
				"ss%|-..-|-..-|-..-|..|--",
				"ss%V.................|.T",
				"ss%V.................|..",
				"ss%|-..-|-..-|-..-|..|--",
				"ss%V.h..|...d|..hd|..|..",
				"ss%Vdxdl|^dxd|.xdd|..G..",
				"ss%|----|----|----|..G..",
				"ss%|llll|..hnnh......|..",
				"ss%V.................|..",
				"ss%V.ddd..........|+-|..",
				"ss%|..hd|.hh.ceocc|.l|..",
				"ss%|----|---------|--|..",
				"ss%Vcdcl|...............",
				"ss%V....+...............",
				"ss%V...^|...|---|---|...",
				"ss%|----|...|<R>|EEE|...",
				"ss%|rrrr|...|.R.|EEED..."
			],
			"place_groups": [
                { "monster": "GROUP_ZOMBIE", "x": [ 0, 23 ], "y": [ 0, 23 ], "density": 0.5 },
                { "vehicle": "swivel_chair", "x": 5, "y": 20, "rotation": 0, "chance": 90  },
                { "vehicle": "swivel_chair", "x": 11, "y": 11, "rotation": 0, "chance": 90  },
                { "vehicle": "swivel_chair", "x": 16, "y": 6, "rotation": 0, "chance": 90  },
				{ "item": "office", "chance": 75, "x": [ 4,7 ], "y": [ 23,23 ]},
				{ "item": "office", "chance": 75, "x": [ 4,7 ], "y": [ 19,19 ]},
				{ "item": "office", "chance": 75, "x": [ 4,7 ], "y": [ 14,14 ]},
				{ "item": "office", "chance": 75, "x": [ 5,7 ], "y": [ 16,16 ]},
				{ "item": "fridge", "chance": 80, "x": [ 14,14 ], "y": [ 17,17 ]},
				{ "item": "cleaning", "chance": 75, "x": [ 19,20 ], "y": [ 17,17 ]},
				{ "item": "cubical_office", "chance": 75, "x": [ 6,7 ], "y": [ 12,12 ]},
				{ "item": "cubical_office", "chance": 75, "x": [ 12,12 ], "y": [ 11,12 ]},
				{ "item": "cubical_office", "chance": 75, "x": [ 16,17 ], "y": [ 11,12 ]},
				{ "item": "cubical_office", "chance": 75, "x": [ 4,5 ], "y": [ 5,5 ]},
				{ "item": "cubical_office", "chance": 75, "x": [ 11,12 ], "y": [ 5,5 ]},
				{ "item": "cubical_office", "chance": 75, "x": [ 14,16 ], "y": [ 5,5 ]}
			],
			"terrain": {
				"/": "t_open_air",
				"~": "t_rock",
				">": "t_stairs_down",
				"<": "t_stairs_up",
				".": "t_floor",
				" ": "t_dirt",
				"x": "t_console_broken",
				",": "t_pavement_y",
				"_": "t_pavement",
				"%": "t_shrub",
				"+": "t_door_c",
				"{": "t_floor",
				")": "t_floor",
				"}": "t_manhole_cover",
				"@": "t_floor",
				"2": "t_utility_light",
				"b": "t_dirt",
				"c": "t_floor",
				"D": "t_door_metal_c",
				"d": "t_floor",
				"E": "t_elevator",
				"G": "t_door_glass_c",
				"H": "t_wall_glass_h",
				"h": "t_floor",
				"I": "t_column",
				"k": "t_floor",
				"L": "t_floor",
				"l": "t_floor",
				"n": "t_floor",
				"o": "t_floor",
				"^": "t_floor",
				"p": "t_floor",
				"R": "t_railing_v",
				"r": "t_floor",
				"S": "t_floor",
				"s": "t_sidewalk",
				"T": "t_floor",
				"u": "t_floor",
				"V": "t_wall_glass_v",
				"X": "t_door_metal_locked",
				"z": "t_floor",
        			"-": "t_wall_h",
        			"|": "t_wall_v"
			},
			"furniture": {
				"@": "f_bed",
				"{": "f_rubble",
				")": "f_wreckage",
				"b": "f_bench",
				"c": "f_counter",
				"d": "f_desk",
				"h": "f_chair",
				"l": "f_locker",
				"n": "f_table",
				"o": "f_bookcase",
				"^": "f_indoor_plant",
				"r": "f_rack",
				"S": "f_sink",
				"T": "f_toilet",
				"U": "f_statue",
				"z": "f_crate_c"
			}
		}
    },{
		"type" : "mapgen",
		"om_terrain" : ["loffice_tower_6"],
		"method": "json",
		"weight": 250,
		"object": {
			"fill_ter": "t_floor",
			"rows": [
				"ssssssssssssssssssssssss",
				"ssssssssssssssssssssssss",
				"                      ss",
				"%%%%%%%%%%%%%%%%%%%%%%ss",
				"--|---|--HHHH-HHHH--|%ss",
				".T|..l|............^|%ss",
				"..|-+-|...hhhhhhh...V%ss",
				"--|...G...nnnnnnn...V%ss",
				".S|...G...nnnnnnn...V%ss",
				"..+...|...hhhhhhh...V%ss",
				"--|...|.............|%ss",
				"..|...|-------------|%ss",
				"..G....|l.......dxd^|%ss",
				"..G....G...h....d...V%ss",
				"..|....|............V%ss",
				"..|....|------|llccc|%ss",
				"..|...........|-----|%ss",
				"..|...........|...ddV%ss",
				"..|----|---|.......dV%ss",
				".......+...|..|l...dV%ss",
				".......|rrr|..|-----|%ss",
				"...|---|---|..|l.dddV%ss",
				"...|xEE|<R>|.......dV%ss",
				"...DEEE|.R.|..|.....V%ss"
			],
			"place_groups": [
                { "monster": "GROUP_ZOMBIE", "x": [ 0, 23 ], "y": [ 0, 23 ], "density": 0.5 },
                { "vehicle": "swivel_chair", "x": 18, "y": 22, "rotation": 0, "chance": 90  },
                { "vehicle": "swivel_chair", "x": 18, "y": 18, "rotation": 0, "chance": 90  },
                { "vehicle": "swivel_chair", "x": 17, "y": 13, "rotation": 0, "chance": 90  },
				{ "item": "cleaning", "chance": 75, "x": [ 3,5 ], "y": [ 5,5 ]},
				{ "item": "office", "chance": 75, "x": [ 10,16 ], "y": [ 7,8 ]},
				{ "item": "cubical_office", "chance": 75, "x": [ 15,19 ], "y": [ 15,15 ]},
				{ "item": "cubical_office", "chance": 75, "x": [ 16,16 ], "y": [ 12,13 ]},
				{ "item": "cubical_office", "chance": 75, "x": [ 17,19 ], "y": [ 19,19 ]},
				{ "item": "office", "chance": 75, "x": [ 17,19 ], "y": [ 21,21 ]},
				{ "item": "office", "chance": 75, "x": [ 16,17 ], "y": [ 11,12 ]},
                { "item": "cleaning", "chance": 75, "x": [ 8,10 ], "y": [ 20,20 ]}
			],
			"terrain": {
				"/": "t_open_air",
				"~": "t_rock",
				">": "t_stairs_down",
				"<": "t_stairs_up",
				".": "t_floor",
				" ": "t_dirt",
				"x": "t_console_broken",
				",": "t_pavement_y",
				"_": "t_pavement",
				"%": "t_shrub",
				"+": "t_door_c",
				"{": "t_floor",
				")": "t_floor",
				"}": "t_manhole_cover",
				"@": "t_floor",
				"2": "t_utility_light",
				"b": "t_dirt",
				"c": "t_floor",
				"D": "t_door_metal_c",
				"d": "t_floor",
				"E": "t_elevator",
				"G": "t_door_glass_c",
				"H": "t_wall_glass_h",
				"h": "t_floor",
				"I": "t_column",
				"k": "t_floor",
				"L": "t_floor",
				"l": "t_floor",
				"n": "t_floor",
				"o": "t_floor",
				"^": "t_floor",
				"p": "t_floor",
				"R": "t_railing_v",
				"r": "t_floor",
				"S": "t_floor",
				"s": "t_sidewalk",
				"T": "t_floor",
				"u": "t_floor",
				"V": "t_wall_glass_v",
				"X": "t_door_metal_locked",
				"z": "t_floor",
        			"-": "t_wall_h",
        			"|": "t_wall_v"
			},
			"furniture": {
				"@": "f_bed",
				"{": "f_rubble",
				")": "f_wreckage",
				"b": "f_bench",
				"c": "f_counter",
				"d": "f_desk",
				"h": "f_chair",
				"l": "f_locker",
				"n": "f_table",
				"o": "f_bookcase",
				"^": "f_indoor_plant",
				"r": "f_rack",
				"S": "f_sink",
				"T": "f_toilet",
				"U": "f_statue",
				"z": "f_crate_c"
			}
		}
    },{
		"type" : "mapgen",
		"om_terrain" : ["loffice_tower_7"],
		"method": "json",
		"weight": 250,
		"object": {
			"fill_ter": "t_floor",
			"rows": [
				"ss%|....+...|...|EEED...",
				"ss%|----|...|...|EEx|...",
				"ss%Vcdc^|...|-+-|---|...",
				"ss%Vc...+...............",
				"ss%V....|...............",
				"ss%|----|-|-+--ccc--|...",
				"ss%|..C..C|........r|-+-",
				"sss=......+........r|...",
				"ss%|r..CC.|.ddd....r|T.S",
				"ss%|------|---------|---",
				"ss%|~~~~~~~~~~~~~~~~~~~~",
				"ss%|~|------||------|~~~",
				"ss%|~|EEEEEE||EEEEEE|~~~",
				"ss%|||EEEEEE||EEEEEE|~~~",
				"ss%||xEEEEEE||EEEEEE||~~",
				"ss%|||EEEEEE||EEEEEEx|~~",
				"ss%|~|EEEEEE||EEEEEE||~~",
				"ss%|~|EEEEEE||EEEEEE|~~~",
				"ss%|~|XXXXXX||XXXXXX|~~~",
				"ss%|-|__,,__||__,,__|---",
				"ss%% x_,,,,_  __,,__  %%",
				"ss    __,,__  _,,,,_    ",
				"ssssss__,,__ss__,,__ssss",
				"ssssss______ss______ssss"
			],
			"place_groups": [
                { "monster": "GROUP_ZOMBIE", "x": [ 0, 23 ], "y": [ 0, 23 ], "density": 0.5 },
                { "vehicle": "swivel_chair", "x": 5, "y": 3, "rotation": 0, "chance": 90  },
                { "vehicle": "swivel_chair", "x": 16, "y": 6, "rotation": 0, "chance": 90  },
                { "vehicle": "swivel_chair", "x": 13, "y": 7, "rotation": 0, "chance": 90  },
				{ "item": "office", "chance": 75, "x": [ 4,6 ], "y": [ 2,2 ]},
				{ "item": "office", "chance": 75, "x": [ 19,19 ], "y": [ 6,6 ]},
				{ "item": "office", "chance": 75, "x": [ 12,14 ], "y": [ 8,8 ]}
			],
			"terrain": {
				"/": "t_open_air",
				"=": "t_door_locked",
				"~": "t_rock",
				">": "t_stairs_down",
				"<": "t_stairs_up",
				".": "t_floor",
				" ": "t_dirt",
				"x": "t_console_broken",
				",": "t_pavement_y",
				"_": "t_pavement",
				"%": "t_shrub",
				"+": "t_door_c",
				"{": "t_floor",
				")": "t_floor",
				"}": "t_manhole_cover",
				"@": "t_floor",
				"2": "t_utility_light",
				"b": "t_dirt",
                "C": "t_floor",
				"c": "t_floor",
				"D": "t_door_metal_c",
				"d": "t_floor",
				"E": "t_elevator",
				"G": "t_door_glass_c",
				"H": "t_wall_glass_h",
				"h": "t_floor",
				"I": "t_column",
				"k": "t_floor",
				"L": "t_floor",
				"l": "t_floor",
				"n": "t_floor",
				"o": "t_floor",
				"^": "t_floor",
				"p": "t_floor",
				"R": "t_railing_v",
				"r": "t_floor",
				"S": "t_floor",
				"s": "t_sidewalk",
				"T": "t_floor",
				"u": "t_floor",
				"V": "t_wall_glass_v",
				"X": "t_door_metal_locked",
				"z": "t_floor",
                "-": "t_wall_h",
                "|": "t_wall_v"
			},
			"furniture": {
				"@": "f_bed",
				"{": "f_rubble",
				")": "f_wreckage",
				"b": "f_bench",
                "C": "f_crate_c",
				"c": "f_counter",
				"d": "f_desk",
				"h": "f_chair",
				"l": "f_locker",
				"n": "f_table",
				"o": "f_bookcase",
				"^": "f_indoor_plant",
				"r": "f_rack",
				"S": "f_sink",
				"T": "f_toilet",
				"U": "f_statue",
				"z": "f_crate_c"
			}
		}
    },{
		"type" : "mapgen",
		"om_terrain" : ["loffice_tower_8"],
		"method": "json",
		"weight": 250,
		"object": {
			"fill_ter": "t_floor",
			"rows": [
				"...DEEE|...|..|-----|%ss",
				"...|EEE|...|..|^...lV%ss",
				"...|---|-+-|......hdV%ss",
				"...........G..|..dddV%ss",
				"...........G..|-----|%ss",
				".......|---|..|...ddV%ss",
				"|+-|...|...+......hdV%ss",
				"|.l|...|rr.|.^|l...dV%ss",
				"|--|...|---|--|-----|%ss",
				"|...........c.......V%ss",
				"|.......cx..c.bbbbb.Vsss",
				"|.......ccccc.......Gsss",
				"|...................Gsss",
				"|...................Vsss",
				"|b..................Gsss",
				"|b..................Gsss",
				"|b..................Vsss",
				"|b............bbbbb.V%ss",
				"|...................|%ss",
				"--HHHHHGGHHGGHHHHH--|%ss",
				"%%%%% ssssssss %%%%%%%ss",
				"      ssssssss        ss",
				"ssssssssssssssssssssssss",
				"ssssssssssssssssssssssss"
			],
			"place_groups": [
                { "monster": "GROUP_ZOMBIE", "x": [ 0, 23 ], "y": [ 0, 23 ], "density": 0.5 },
                { "vehicle": "swivel_chair", "x": 10, "y": 10, "rotation": 0, "chance": 90  },
				{ "item": "office", "chance": 75, "x": [ 19,19 ], "y": [ 1,3 ]},
				{ "item": "office", "chance": 75, "x": [ 17,18 ], "y": [ 3,3 ]},
				{ "item": "office", "chance": 90, "x": [ 8,9 ], "y": [ 7,7 ]},
				{ "item": "cubical_office", "chance": 75, "x": [ 19,19 ], "y": [ 5,7 ]},
				{ "item": "cleaning", "chance": 80, "x": [ 1,2 ], "y": [ 7,7 ]}
			],
			"terrain": {
				"/": "t_open_air",
				"~": "t_rock",
				">": "t_stairs_down",
				"<": "t_stairs_up",
				".": "t_floor",
				" ": "t_dirt",
				"x": "t_console_broken",
				",": "t_pavement_y",
				"_": "t_pavement",
				"%": "t_shrub",
				"+": "t_door_c",
				"{": "t_floor",
				")": "t_floor",
				"}": "t_manhole_cover",
				"@": "t_floor",
				"2": "t_utility_light",
				"b": "t_dirt",
				"c": "t_floor",
				"D": "t_door_metal_c",
				"d": "t_floor",
				"E": "t_elevator",
				"G": "t_door_glass_c",
				"H": "t_wall_glass_h",
				"h": "t_floor",
				"I": "t_column",
				"k": "t_floor",
				"L": "t_floor",
				"l": "t_floor",
				"n": "t_floor",
				"o": "t_floor",
				"^": "t_floor",
				"p": "t_floor",
				"R": "t_railing_v",
				"r": "t_floor",
				"S": "t_floor",
				"s": "t_sidewalk",
				"T": "t_floor",
				"u": "t_floor",
				"V": "t_wall_glass_v",
				"X": "t_door_metal_locked",
				"z": "t_floor",
        			"-": "t_wall_h",
        			"|": "t_wall_v"
			},
			"furniture": {
				"@": "f_bed",
				"{": "f_rubble",
				")": "f_wreckage",
				"b": "f_bench",
				"c": "f_counter",
				"d": "f_desk",
				"h": "f_chair",
				"l": "f_locker",
				"n": "f_table",
				"o": "f_bookcase",
				"^": "f_indoor_plant",
				"r": "f_rack",
				"S": "f_sink",
				"T": "f_toilet",
				"U": "f_statue",
				"z": "f_crate_c"
			}
		}
    },{
		"type" : "mapgen",
		"om_terrain" : ["loffice_tower_9"],
		"method": "json",
		"weight": 250,
		"object": {
			"fill_ter": "t_floor",
			"rows": [
				"////////////////////////",
				"////////////////////////",
				"////////////////////////",
				"////////////////////////",
				"///|-HHH-HHH-HHH--|HHHH|",
				"///|^.........^ll^V....|",
				"///V...x.hx..x....V...d|",
				"///V..hd..d.hd....V.ddx|",
				"///V...d..d..d....G....|",
				"///|..............V....|",
				"///V..............Vllll|",
				"///V...x..x..x....|----|",
				"///V...d..d.hd....|.....",
				"///|..hd..d..d....|...c.",
				"///V..............|^..cc",
				"///V....................",
				"///V...x................",
				"///|..hd....|--|-|-|HH-G",
				"///|l..d....|SS|T|T|....",
				"///|----|...+..|+|+|....",
				"///|rrzz|...|......|....",
				"///|....+...|---|--||...",
				"///|rr..|...|>R<|EEE|...",
				"///|----|...|.R.|EEED..."
			],
			"place_groups": [
                { "monster": "GROUP_ZOMBIE", "x": [ 4, 23 ], "y": [ 5, 23 ], "density": 0.3 },
                { "vehicle": "swivel_chair", "x": 21, "y": 6, "rotation": 0, "chance": 90  },
                { "vehicle": "swivel_chair", "x": 23, "y": 13, "rotation": 0, "chance": 90  },
                { "item": "jackets", "chance": 75, "x": [ 15,16 ], "y": [ 5,5 ]},
				{ "item": "office", "chance": 75, "x": [ 7,7 ], "y": [ 7,8 ]},
				{ "item": "office", "chance": 75, "x": [ 10,10 ], "y": [ 7,8 ]},
				{ "item": "office", "chance": 75, "x": [ 13,13 ], "y": [ 7,8 ]},
				{ "item": "office", "chance": 75, "x": [ 7,7 ], "y": [ 12,13 ]},
				{ "item": "office", "chance": 75, "x": [ 10,10 ], "y": [ 12,13 ]},
				{ "item": "office", "chance": 75, "x": [ 13,13 ], "y": [ 12,13 ]},
				{ "item": "office", "chance": 75, "x": [ 7,7 ], "y": [ 17,18 ]},
				{ "item": "office", "chance": 75, "x": [ 4,4 ], "y": [ 18,18 ]},
				{ "item": "cubical_office", "chance": 75, "x": [ 4,5 ], "y": [ 20,20 ]},
				{ "item": "cubical_office", "chance": 75, "x": [ 6,7 ], "y": [ 20,20 ]},
				{ "item": "cleaning", "chance": 75, "x": [ 4,5 ], "y": [ 22,22 ]},
                { "item": "office", "chance": 75, "x": [ 20,21 ], "y": [ 7,7 ]},
                { "item": "cubical_office", "chance": 75, "x": [ 19,22 ], "y": [ 10,10 ]}
			],
			"terrain": {
				"/": "t_open_air",
				"~": "t_rock",
				">": "t_stairs_down",
				"<": "t_stairs_up",
				".": "t_floor",
				" ": "t_dirt",
				"x": "t_console_broken",
				",": "t_pavement_y",
				"_": "t_pavement",
				"%": "t_shrub",
				"+": "t_door_c",
				"{": "t_floor",
				")": "t_floor",
				"}": "t_manhole_cover",
				"@": "t_floor",
				"2": "t_utility_light",
				"b": "t_dirt",
				"C": "t_floor",
				"c": "t_floor",
				"D": "t_door_metal_c",
				"d": "t_floor",
				"E": "t_elevator",
				"G": "t_door_glass_c",
				"H": "t_wall_glass_h",
				"h": "t_floor",
				"I": "t_column",
				"k": "t_floor",
				"L": "t_floor",
				"l": "t_floor",
				"n": "t_floor",
				"o": "t_floor",
				"^": "t_floor",
				"p": "t_floor",
				"R": "t_railing_v",
				"r": "t_floor",
				"S": "t_floor",
				"s": "t_sidewalk",
				"T": "t_floor",
				"u": "t_floor",
				"V": "t_wall_glass_v",
				"X": "t_door_metal_locked",
				"z": "t_floor",
        			"-": "t_wall_h",
        			"|": "t_wall_v"
			},
			"furniture": {
				"@": "f_bed",
				"{": "f_rubble",
				")": "f_wreckage",
				"b": "f_bench",
				"c": "f_counter",
				"d": "f_desk",
				"h": "f_chair",
				"l": "f_locker",
				"n": "f_table",
				"o": "f_bookcase",
				"^": "f_indoor_plant",
				"r": "f_rack",
				"S": "f_sink",
				"T": "f_toilet",
				"U": "f_statue",
				"z": "f_crate_c"
			}
		}
    },{
		"type" : "mapgen",
		"om_terrain" : ["loffice_tower_10"],
		"method": "json",
		"weight": 250,
		"object": {
			"fill_ter": "t_floor",
			"rows": [
				"////////////////////////",
				"////////////////////////",
				"////////////////////////",
				"////////////////////////",
				"HHHHH|--HHH-HHH-HHH-|///",
				".....Vll........h..^|///",
				"...c.V.....h........V///",
				"xccc.V....ddx..ddx..V///",
				".....G..............V///",
				"..h..V.....h...h....|///",
				"^...^V....ddx..ddx..V///",
				"-----|.....h........V///",
				".....|..........h...V///",
				".c...|....ddx..ddx..|///",
				"xc..^|..............V///",
				"................h...V///",
				"...............ddx..V///",
				"G-HH|-|-|--|........|///",
				"....|T|T|SS|.......^|///",
				"....|+|+|..+...|----|///",
				"....|......|...|..zz|///",
				"...||--|---|...+....|///",
				"...|xEE|>R.|...|rrrr|///",
				"...DEEE|.R.|...|----|///"
			],
			"place_groups": [
                { "monster": "GROUP_ZOMBIE", "x": [ 0, 19 ], "y": [ 5, 23 ], "density": 0.3 },
                { "vehicle": "swivel_chair", "x": 1, "y": 6, "rotation": 0, "chance": 90  },
				{ "item": "office", "chance": 75, "x": [ 6,7 ], "y": [ 5,5 ]},
				{ "item": "office", "chance": 75, "x": [ 10,11 ], "y": [ 7,7 ]},
				{ "item": "office", "chance": 75, "x": [ 15,16 ], "y": [ 7,7 ]},
				{ "item": "office", "chance": 75, "x": [ 10,11 ], "y": [ 10,10 ]},
				{ "item": "office", "chance": 75, "x": [ 15,16 ], "y": [ 10,10 ]},
                { "item": "office", "chance": 75, "x": [ 10,11 ], "y": [ 13,13 ]},
				{ "item": "office", "chance": 75, "x": [ 15,16 ], "y": [ 13,13 ]},
				{ "item": "office", "chance": 75, "x": [ 15,16 ], "y": [ 16,16 ]},
				{ "item": "cleaning", "chance": 75, "x": [ 16,19 ], "y": [ 22,22 ]},
				{ "item": "cleaning", "chance": 75, "x": [ 18,19 ], "y": [ 20,20 ]}
			],
			"terrain": {
				"/": "t_open_air",
				"~": "t_rock",
				">": "t_stairs_down",
				"<": "t_stairs_up",
				".": "t_floor",
				" ": "t_dirt",
				"x": "t_console_broken",
				",": "t_pavement_y",
				"_": "t_pavement",
				"%": "t_shrub",
				"+": "t_door_c",
				"{": "t_floor",
				")": "t_floor",
				"}": "t_manhole_cover",
				"@": "t_floor",
				"2": "t_utility_light",
				"b": "t_dirt",
				"c": "t_floor",
				"D": "t_door_metal_c",
				"d": "t_floor",
				"E": "t_elevator",
				"G": "t_door_glass_c",
				"H": "t_wall_glass_h",
				"h": "t_floor",
				"I": "t_column",
				"k": "t_floor",
				"L": "t_floor",
				"l": "t_floor",
				"n": "t_floor",
				"o": "t_floor",
				"^": "t_floor",
				"p": "t_floor",
				"R": "t_railing_v",
				"r": "t_floor",
				"S": "t_floor",
				"s": "t_sidewalk",
				"T": "t_floor",
				"u": "t_floor",
				"V": "t_wall_glass_v",
				"X": "t_door_metal_locked",
				"z": "t_floor",
        			"-": "t_wall_h",
        			"|": "t_wall_v"
			},
			"furniture": {
				"@": "f_bed",
				"{": "f_rubble",
				")": "f_wreckage",
				"b": "f_bench",
				"c": "f_counter",
				"d": "f_desk",
				"h": "f_chair",
				"l": "f_locker",
				"n": "f_table",
				"o": "f_bookcase",
				"^": "f_indoor_plant",
				"r": "f_rack",
				"S": "f_sink",
				"T": "f_toilet",
				"U": "f_statue",
				"z": "f_crate_c"
			}
		}
    },{
		"type" : "mapgen",
		"om_terrain" : ["loffice_tower_11"],
		"method": "json",
		"weight": 250,
		"object": {
			"fill_ter": "t_floor",
			"rows": [
				"///|....+...|...|EEED...",
				"///|T.S.|...+...|EEx|...",
				"///|----|...|---|-|-|...",
				"///|lll.....Vdd..l|.....",
				"///V....c...Vd...r|.....",
				"///V....c...Vx....|^....",
				"///|cccxc...|-HGH-|-HHHH",
				"///V....................",
				"///V....................",
				"///V....................",
				"///|.ddx..ddx..ddx|-HHHG",
				"///V..h....h....h.|.....",
				"///V..............|.....",
				"///V.ddx..ddx..ddx|.hnn.",
				"///|........h..h..|.hnn.",
				"///V..h...........|.hnnn",
				"///V.ddx..ddx..ddx|.hnnn",
				"///V..h....h......|...hh",
				"///|............h.|.....",
				"///|-HHH-HHHH-HHH-|-HHHH",
				"////////////////////////",
				"////////////////////////",
				"////////////////////////",
				"////////////////////////"
			],
			"place_groups": [
                { "monster": "GROUP_ZOMBIE", "x": [ 4, 23 ], "y": [ 0, 18 ], "density": 0.3 },
                { "vehicle": "swivel_chair", "x": 6, "y": 5, "rotation": 0, "chance": 90  },
                { "vehicle": "swivel_chair", "x": 14, "y": 4, "rotation": 0, "chance": 90  },
				{ "item": "office", "chance": 75, "x": [ 4,6 ], "y": [ 3,3 ]},
				{ "item": "office", "chance": 75, "x": [ 13,13 ], "y": [ 3,4 ]},
				{ "item": "office", "chance": 75, "x": [ 17,17 ], "y": [ 3,4 ]},
				{ "item": "office", "chance": 75, "x": [ 5,6 ], "y": [ 10,10 ]},
				{ "item": "office", "chance": 75, "x": [ 10,11 ], "y": [ 10,10 ]},
				{ "item": "office", "chance": 75, "x": [ 15,16 ], "y": [ 10,10 ]},
				{ "item": "office", "chance": 75, "x": [ 5,6 ], "y": [ 13,13 ]},
				{ "item": "office", "chance": 75, "x": [ 10,11 ], "y": [ 13,13 ]},
				{ "item": "office", "chance": 75, "x": [ 15,16 ], "y": [ 13,13 ]},
				{ "item": "office", "chance": 75, "x": [ 5,6 ], "y": [ 16,16 ]},
				{ "item": "office", "chance": 75, "x": [ 10,11 ], "y": [ 16,16 ]},
				{ "item": "office", "chance": 75, "x": [ 15,16 ], "y": [ 16,16 ]}
			],
			"terrain": {
				"/": "t_open_air",
				"~": "t_rock",
				">": "t_stairs_down",
				"<": "t_stairs_up",
				".": "t_floor",
				" ": "t_dirt",
				"x": "t_console_broken",
				",": "t_pavement_y",
				"_": "t_pavement",
				"%": "t_shrub",
				"+": "t_door_c",
				"{": "t_floor",
				")": "t_floor",
				"}": "t_manhole_cover",
				"@": "t_floor",
				"2": "t_utility_light",
				"b": "t_dirt",
				"c": "t_floor",
				"D": "t_door_metal_c",
				"d": "t_floor",
				"E": "t_elevator",
				"G": "t_door_glass_c",
				"H": "t_wall_glass_h",
				"h": "t_floor",
				"I": "t_column",
				"k": "t_floor",
				"L": "t_floor",
				"l": "t_floor",
				"n": "t_floor",
				"o": "t_floor",
				"^": "t_floor",
				"p": "t_floor",
				"R": "t_railing_v",
				"r": "t_floor",
				"S": "t_floor",
				"s": "t_sidewalk",
				"T": "t_floor",
				"u": "t_floor",
				"V": "t_wall_glass_v",
				"X": "t_door_metal_locked",
				"z": "t_floor",
        			"-": "t_wall_h",
        			"|": "t_wall_v"
			},
			"furniture": {
				"@": "f_bed",
				"{": "f_rubble",
				")": "f_wreckage",
				"b": "f_bench",
				"c": "f_counter",
				"d": "f_desk",
				"h": "f_chair",
				"l": "f_locker",
				"n": "f_table",
				"o": "f_bookcase",
				"^": "f_indoor_plant",
				"r": "f_rack",
				"S": "f_sink",
				"T": "f_toilet",
				"U": "f_statue",
				"z": "f_crate_c"
			}
		}
    },{
		"type" : "mapgen",
		"om_terrain" : ["loffice_tower_12"],
		"method": "json",
		"weight": 250,
		"object": {
			"fill_ter": "t_floor",
			"rows": [
				"...DEEE|...|...+....|///",
				"...|EEE|...+...|.S.T|///",
				"...|-|-|---|...|----|///",
				".....|c..rrV......ll|///",
				".....|c....+...c....V///",
				"....^|ddd..V...x....V///",
				"HHHH-|-HHH-|...ccccc|///",
				"....................V///",
				"....................V///",
				"....................V///",
				"GHHH-|----|GG|--++--|///",
				".....|ccSe|..|^....^V///",
				".....|....|..|......V///",
				".nnh.|.......|..ddxdV///",
				".nnh.|.......|.....dV///",
				"nnnh.|hh...hh|l.....V///",
				"nnnh.|nn...nn|-+----|///",
				"hh...|nn...nn|r..Q.l|///",
				".....|hh...hh|r....l|///",
				"HHHH-|-HHHHH-|--HHH-|///",
				"////////////////////////",
				"////////////////////////",
				"////////////////////////",
				"////////////////////////"
			],
			"place_groups": [
                { "monster": "GROUP_ZOMBIE", "x": [ 0, 19 ], "y": [ 0, 18 ], "density": 0.3 },
                { "vehicle": "swivel_chair", "x": 18, "y": 14, "rotation": 0, "chance": 90  },
                { "vehicle": "swivel_chair", "x": 16, "y": 5, "rotation": 0, "chance": 90  },
                { "vehicle": "swivel_chair", "x": 7, "y": 4, "rotation": 0, "chance": 90  },
				{ "item": "textbooks", "chance": 75, "x": [ 9,10 ], "y": [ 3,3 ]},
				{ "item": "office", "chance": 75, "x": [ 6,8 ], "y": [ 5,5 ]},
				{ "item": "office", "chance": 75, "x": [ 18,19 ], "y": [ 3,3 ]},
				{ "item": "office", "chance": 75, "x": [ 16,17 ], "y": [ 13,13 ]},
				{ "item": "office", "chance": 75, "x": [ 19,19 ], "y": [ 13,14 ]},
				{ "item": "textbooks", "chance": 75, "x": [ 14,14 ], "y": [ 15,15 ]},
				{ "item": "dining", "chance": 75, "x": [ 6,7 ], "y": [ 16,17 ]},
				{ "item": "dining", "chance": 75, "x": [ 11,12 ], "y": [ 16,17 ]},
				{ "item": "kitchen", "chance": 75, "x": [ 6,7 ], "y": [ 11,11 ]},
				{ "item": "fridge", "chance": 75, "x": [ 9,9 ], "y": [ 11,11 ]},
				{ "item": "office", "chance": 75, "x": [ 14,14 ], "y": [ 17,18 ]},
				{ "item": "office", "chance": 75, "x": [ 19,19 ], "y": [ 17,18 ]},
				{ "item": "jewelry_safe", "chance": 75, "x": [ 17,17 ], "y": [ 17,17 ]}
			],
			"terrain": {
				"/": "t_open_air",
				"~": "t_rock",
				">": "t_stairs_down",
				"<": "t_stairs_up",
				".": "t_floor",
				" ": "t_dirt",
				"x": "t_console_broken",
				",": "t_pavement_y",
				"_": "t_pavement",
				"%": "t_shrub",
				"+": "t_door_c",
				"{": "t_floor",
				")": "t_floor",
				"}": "t_manhole_cover",
				"@": "t_floor",
				"2": "t_utility_light",
				"b": "t_dirt",
				"c": "t_floor",
				"D": "t_door_metal_c",
				"d": "t_floor",
				"E": "t_elevator",
				"e": "t_floor",
				"G": "t_door_glass_c",
				"H": "t_wall_glass_h",
				"h": "t_floor",
				"I": "t_column",
				"k": "t_floor",
				"L": "t_floor",
				"l": "t_floor",
				"n": "t_floor",
				"o": "t_floor",
				"^": "t_floor",
				"p": "t_floor",
				"Q": "t_floor",
				"R": "t_railing_v",
				"r": "t_floor",
				"S": "t_floor",
				"s": "t_sidewalk",
				"T": "t_floor",
				"u": "t_floor",
				"V": "t_wall_glass_v",
				"X": "t_door_metal_locked",
				"z": "t_floor",
        			"-": "t_wall_h",
        			"|": "t_wall_v"
			},
			"furniture": {
				"@": "f_bed",
				"{": "f_rubble",
				")": "f_wreckage",
				"b": "f_bench",
				"c": "f_counter",
				"d": "f_desk",
				"e": "f_fridge",
				"h": "f_chair",
				"l": "f_locker",
				"n": "f_table",
				"o": "f_bookcase",
				"Q": "f_safe_l",
				"^": "f_indoor_plant",
				"r": "f_rack",
				"S": "f_sink",
				"T": "f_toilet",
				"U": "f_statue",
				"z": "f_crate_c"
			}
		}
    },{
		"type" : "mapgen",
		"om_terrain" : ["loffice_tower_13"],
		"method": "json",
		"weight": 250,
		"object": {
			"fill_ter": "t_floor",
			"rows": [
				"////////////////////////",
				"////////////////////////",
				"////////////////////////",
				"////////////////////////",
				"///sssssssssssssssssssss",
				"///sssssssssssssssssssss",
				"///sssssssssssssssssssss",
				"///sssssssssssssssssssss",
				"///sssssssssssssssssssss",
				"///sssssssssssssssssssss",
				"///sssssssssssssssssssss",
				"///sssssssssssssssssssss",
				"///sssssssssssssssssssss",
				"///sssssssssssssssssssss",
				"///sssssssssssssssssssss",
				"///sssssssssssssssssssss",
				"///sssssssssssssssssssss",
				"///sssssssssssssssssssss",
				"///sssssssssssssssssssss",
				"///sssssssssssssssssssss",
				"///sssssssssssssssssssss",
				"///sssssssss|---|sssssss",
				"///sssssssss|.R>|sssssss",
				"///sssssssss|.R.|sssssss"
			],
			"terrain": {
				"/": "t_open_air",
				"~": "t_rock",
				">": "t_stairs_down",
				"<": "t_stairs_up",
				".": "t_floor",
				" ": "t_dirt",
				"x": "t_console_broken",
				",": "t_pavement_y",
				"_": "t_pavement",
				"%": "t_shrub",
				"+": "t_door_c",
				"{": "t_floor",
				")": "t_floor",
				"}": "t_manhole_cover",
				"@": "t_floor",
				"2": "t_utility_light",
				"b": "t_dirt",
				"c": "t_floor",
				"D": "t_door_metal_c",
				"d": "t_floor",
				"E": "t_elevator",
				"G": "t_door_glass_c",
				"H": "t_wall_glass_h",
				"h": "t_floor",
				"I": "t_column",
				"k": "t_floor",
				"L": "t_floor",
				"l": "t_floor",
				"n": "t_floor",
				"o": "t_floor",
				"^": "t_floor",
				"p": "t_floor",
				"R": "t_railing_v",
				"r": "t_floor",
				"S": "t_floor",
				"s": "t_sidewalk",
				"T": "t_floor",
				"u": "t_floor",
				"V": "t_wall_glass_v",
				"X": "t_door_metal_locked",
				"z": "t_floor",
        			"-": "t_wall_h",
        			"|": "t_wall_v"
			},
			"furniture": {
				"@": "f_bed",
				"{": "f_rubble",
				")": "f_wreckage",
				"b": "f_bench",
				"c": "f_counter",
				"d": "f_desk",
				"h": "f_chair",
				"l": "f_locker",
				"n": "f_table",
				"o": "f_bookcase",
				"^": "f_indoor_plant",
				"r": "f_rack",
				"S": "f_sink",
				"T": "f_toilet",
				"U": "f_statue",
				"z": "f_crate_c"
			}
		}
    },{
		"type" : "mapgen",
		"om_terrain" : ["loffice_tower_14"],
		"method": "json",
		"weight": 250,
		"object": {
			"fill_ter": "t_floor",
			"rows": [
				"////////////////////////",
				"////////////////////////",
				"////////////////////////",
				"////////////////////////",
				"sssssssssssssssssssss///",
				"sssssssssssssssssssss///",
				"sssssssssssssssssssss///",
				"sssssssssssssssssssss///",
				"sssssssssssssssssssss///",
				"sssssssssssssssssssss///",
				"sssssssssssssssssssss///",
				"sssssssssssssssssssss///",
				"sssssssssssssssssssss///",
				"sssssssssssssssssssss///",
				"sssssssssssssssssssss///",
				"sssssssssssssssssssss///",
				"sssssssssssssssssssss///",
				"sssssssssssssssssssss///",
				"sssssssssssssssssssss///",
				"sssssssssssssssssssss///",
				"sssssssssssssssssssss///",
				"sssssssssssssssssssss///",
				"sssssssssssssssssssss///",
				"sssssssssssssssssssss///"
			],
			"terrain": {
				"/": "t_open_air",
				"~": "t_rock",
				">": "t_stairs_down",
				"<": "t_stairs_up",
				".": "t_floor",
				" ": "t_dirt",
				"x": "t_console_broken",
				",": "t_pavement_y",
				"_": "t_pavement",
				"%": "t_shrub",
				"+": "t_door_c",
				"{": "t_floor",
				")": "t_floor",
				"}": "t_manhole_cover",
				"@": "t_floor",
				"2": "t_utility_light",
				"b": "t_dirt",
				"c": "t_floor",
				"D": "t_door_metal_c",
				"d": "t_floor",
				"E": "t_elevator",
				"G": "t_door_glass_c",
				"H": "t_wall_glass_h",
				"h": "t_floor",
				"I": "t_column",
				"k": "t_floor",
				"L": "t_floor",
				"l": "t_floor",
				"n": "t_floor",
				"o": "t_floor",
				"^": "t_floor",
				"p": "t_floor",
				"R": "t_railing_v",
				"r": "t_floor",
				"S": "t_floor",
				"s": "t_sidewalk",
				"T": "t_floor",
				"u": "t_floor",
				"V": "t_wall_glass_v",
				"X": "t_door_metal_locked",
				"z": "t_floor",
        			"-": "t_wall_h",
        			"|": "t_wall_v"
			},
			"furniture": {
				"@": "f_bed",
				"{": "f_rubble",
				")": "f_wreckage",
				"b": "f_bench",
				"c": "f_counter",
				"d": "f_desk",
				"h": "f_chair",
				"l": "f_locker",
				"n": "f_table",
				"o": "f_bookcase",
				"^": "f_indoor_plant",
				"r": "f_rack",
				"S": "f_sink",
				"T": "f_toilet",
				"U": "f_statue",
				"z": "f_crate_c"
			}
		}
    },{
		"type" : "mapgen",
		"om_terrain" : ["loffice_tower_15"],
		"method": "json",
		"weight": 250,
		"object": {
			"fill_ter": "t_floor",
			"rows": [
				"///sssssssss|...|sssssss",
				"///sssssssss|...|sssssss",
				"///sssssssss|-=-|sssssss",
				"///sssssssssssssssssssss",
				"///sssssssssssssssssssss",
				"///sssssssssssssssssssss",
				"///sssssssssssssssssssss",
				"///sssssssssssssssssssss",
				"///sssssssssssssssssssss",
				"///sssssssssssssssssssss",
				"///sssssssssssssssssssss",
				"///sssssssssssssssssssss",
				"///sssssssssssssssssssss",
				"///sssssssssssssssssssss",
				"///sssssssssssssssssssss",
				"///sssssssssssssssssssss",
				"///sssssssssssssssssssss",
				"///sssssssssssssssssssss",
				"///sssssssssssssssssssss",
				"///sssssssssssssssssssss",
				"////////////////////////",
				"////////////////////////",
				"////////////////////////",
				"////////////////////////"
			],
			"terrain": {
                "=": "t_door_locked_interior",
				"/": "t_open_air",
				"~": "t_rock",
				">": "t_stairs_down",
				"<": "t_stairs_up",
				".": "t_floor",
				" ": "t_dirt",
				"x": "t_console_broken",
				",": "t_pavement_y",
				"_": "t_pavement",
				"%": "t_shrub",
				"+": "t_door_c",
				"{": "t_floor",
				")": "t_floor",
				"}": "t_manhole_cover",
				"@": "t_floor",
				"2": "t_utility_light",
				"b": "t_dirt",
				"c": "t_floor",
				"D": "t_door_metal_c",
				"d": "t_floor",
				"E": "t_elevator",
				"G": "t_door_glass_c",
				"H": "t_wall_glass_h",
				"h": "t_floor",
				"I": "t_column",
				"k": "t_floor",
				"L": "t_floor",
				"l": "t_floor",
				"n": "t_floor",
				"o": "t_floor",
				"^": "t_floor",
				"p": "t_floor",
				"R": "t_railing_v",
				"r": "t_floor",
				"S": "t_floor",
				"s": "t_sidewalk",
				"T": "t_floor",
				"u": "t_floor",
				"V": "t_wall_glass_v",
				"X": "t_door_metal_locked",
				"z": "t_floor",
        			"-": "t_wall_h",
        			"|": "t_wall_v"
			},
			"furniture": {
				"@": "f_bed",
				"{": "f_rubble",
				")": "f_wreckage",
				"b": "f_bench",
				"c": "f_counter",
				"d": "f_desk",
				"h": "f_chair",
				"l": "f_locker",
				"n": "f_table",
				"o": "f_bookcase",
				"^": "f_indoor_plant",
				"r": "f_rack",
				"S": "f_sink",
				"T": "f_toilet",
				"U": "f_statue",
				"z": "f_crate_c"
			}
		}
    },{
		"type" : "mapgen",
		"om_terrain" : ["loffice_tower_16"],
		"method": "json",
		"weight": 250,
		"object": {
			"fill_ter": "t_floor",
			"rows": [
				"sssssssssssssssssssss///",
				"sssssssssssssssssssss///",
				"sssssssssssssssssssss///",
				"sssssssssssssssssssss///",
				"sssssssssssssssssssss///",
				"sssssssssssssssssssss///",
				"sssssssssssssssssssss///",
				"sssssssssssssssssssss///",
				"sssssssssssssssssssss///",
				"sssssssssssssssssssss///",
				"sssssssssssssssssssss///",
				"sssssssssssssssssssss///",
				"sssssssssssssssssssss///",
				"sssssssssssssssssssss///",
				"sssssssssssssssssssss///",
				"sssssssssssssssssssss///",
				"sssssssssssssssssssss///",
				"sssssssssssssssssssss///",
				"sssssssssssssssssssss///",
				"sssssssssssssssssssss///",
				"////////////////////////",
				"////////////////////////",
				"////////////////////////",
				"////////////////////////"
			],
			"terrain": {
				"/": "t_open_air",
				"~": "t_rock",
				">": "t_stairs_down",
				"<": "t_stairs_up",
				".": "t_floor",
				" ": "t_dirt",
				"x": "t_console_broken",
				",": "t_pavement_y",
				"_": "t_pavement",
				"%": "t_shrub",
				"+": "t_door_c",
				"{": "t_floor",
				")": "t_floor",
				"}": "t_manhole_cover",
				"@": "t_floor",
				"2": "t_utility_light",
				"b": "t_dirt",
				"c": "t_floor",
				"D": "t_door_metal_c",
				"d": "t_floor",
				"E": "t_elevator",
				"G": "t_door_glass_c",
				"H": "t_wall_glass_h",
				"h": "t_floor",
				"I": "t_column",
				"k": "t_floor",
				"L": "t_floor",
				"l": "t_floor",
				"n": "t_floor",
				"o": "t_floor",
				"^": "t_floor",
				"p": "t_floor",
				"R": "t_railing_v",
				"r": "t_floor",
				"S": "t_floor",
				"s": "t_sidewalk",
				"T": "t_floor",
				"u": "t_floor",
				"V": "t_wall_glass_v",
				"X": "t_door_metal_locked",
				"z": "t_floor",
        			"-": "t_wall_h",
        			"|": "t_wall_v"
			},
			"furniture": {
				"@": "f_bed",
				"{": "f_rubble",
				")": "f_wreckage",
				"b": "f_bench",
				"c": "f_counter",
				"d": "f_desk",
				"h": "f_chair",
				"l": "f_locker",
				"n": "f_table",
				"o": "f_bookcase",
				"^": "f_indoor_plant",
				"r": "f_rack",
				"S": "f_sink",
				"T": "f_toilet",
				"U": "f_statue",
				"z": "f_crate_c"
			}
		}
    }
]
